claim,category,title,source_type,expected_stance,num_sentences,sent_supporting,sent_neutral,sent_opposing,dominant_label,mismatches,mismatch_rate_pct,worst_mismatch_conf,worst_mismatch_text
Einstein failed math in school,factual_false,Did Einstein really fail math? | HowStuffWorks,web,opposing,1,1,0,0,supporting,1,100.0,0.873,"March 8, 2023 - Einstein's genius supposedly had at least one glaring flaw -- that he failed math at"
christopher columbus discovered america,factual_false,Anybody discovered America but Christopher Columbus | COL2.COM,web,opposing,1,1,0,0,supporting,1,100.0,0.996,Anybody discovered America but Christopher Columbus ... C hristopher Columbus discovered America whe
christopher columbus discovered america,factual_false,Did Christopher Columbus Discover America?,web,opposing,1,1,0,0,supporting,1,100.0,0.587,"From a civil liberties point of view, the claim that Christopher Columbus discovered America contain"
dogs can only see in black and white,factual_false,Did you know dogs can see color? Just not the same way we do ...,web,opposing,1,1,0,0,supporting,1,100.0,0.796,"May 22, 2025 ... And then there's this long-held belief: Dogs only see in black and white."
eating carrots improves your eyesight,factual_false,"Carrots, carotene and seeing in the dark - PubMed",web,opposing,1,1,0,0,supporting,1,100.0,0.977,"While carrot intake may protect against difficulty in seeing at night, it is probable that people at"
eating carrots improves your eyesight,factual_false,4 Ways Eating Carrots Regularly Can Improve Your Eyesight - Health,web,opposing,1,1,0,0,supporting,1,100.0,0.887,"Carrots are rich in antioxidants that support night vision, reduce the risk of age-related vision lo"
honey never expires,factual_true,Did You Know… Honey Is the Only Food That Never Expires - Medium,web,supporting,1,0,0,1,opposing,1,100.0,0.997,Like one of those facts you hear and immediately question.
honey never expires,factual_true,Why Honey Never Expires? - YouTube,web,supporting,1,0,0,1,opposing,1,100.0,0.994,Contact us Developers Policy & Safety How YouTube works Test new features NFL Sunday Ticket © 2026 G
honey never expires,factual_true,"If honey doesn't expire, why does my bottle of honey have an expiry ...",web,supporting,1,0,0,1,opposing,1,100.0,0.998,"Legally, they have to tell you it won't be at its best after a while, and the expiry date is more fo"
lightning never strikes the same place twice,factual_false,LIGHTNING NEVER STRIKES (THE SAME PLACE) TWICE Definition & Meaning - Merriam-We,web,opposing,1,1,0,0,supporting,1,100.0,0.98,lightning never strikes (the same place) twice —used to say that a very unusual event is not likely 
the Amazon rainforest produces about 20% of the world's oxygen,factual_false,Fact The Amazon rainforest produces more than 20% the world's,web,opposing,1,1,0,0,supporting,1,100.0,0.659,Fact The Amazon rainforest produces more than 20% the world's oxygen Mobile Sharing ready Fact faceb
the speed of light is constant,factual_true,The cosmological evolution condition of the Planck constant in the varying speed,academic,supporting,1,0,0,1,opposing,1,100.0,0.991,The cosmological evolution condition of the Planck constant in the varying speed of light models thr
the speed of light is constant,factual_true,Dilaton-induced variations in Planck constant and speed of light: An alternative,academic,supporting,1,0,0,1,opposing,1,100.0,0.985,We reveal a novel aspect of scale-invariant actions that allow matter to couple with a dilaton field
the sun is a star,factual_true,THE SUN IS ALSO A STAR - Time :60 (Only in thaters May... - YouTube,web,supporting,1,0,0,1,opposing,1,100.0,0.722,Contact us Developers Policy & Safety How YouTube works Test new features NFL Sunday Ticket © 2026 G
antibiotics do not work against viruses,factual_true,"Virucidal Activity of the Drug «Thymogen®», a Nasal Dosed Spray, Against Human R",academic,supporting,8,0,1,7,opposing,7,87.5,0.998,"The virucidal activity of the drug Thymogen®, a dosed nasal spray, was revealed against the respirat"
antibiotics do not work against viruses,factual_true,Fighting viruses with antibiotics: an overlooked path - PMC - NIH,web,supporting,14,0,2,12,opposing,12,85.7,0.999,"Finally, other teicoplanin and glycopeptide antibiotics, including dalbavancin, oritavancin and tela"
antibiotics do not work against viruses,factual_true,Repositioning of Antibiotics in the Treatment of Viral Infections,academic,supporting,12,0,3,9,opposing,9,75.0,1.0,"These antibiotics have demonstrated antiviral activity against both RNA and DNA viruses, including t"
the speed of light is constant,factual_true,The Speed of Light Is Not Constant in Basic Big Bang Theory,academic,supporting,10,0,3,7,opposing,7,70.0,0.998,"Starting from the basic assumptions and equations of Big Bang theory, we present a simple mathematic"
honey never expires,factual_true,Why Honey does not expire | Bharat Honey (100% Natural Honey),web,supporting,16,2,3,11,opposing,11,68.8,0.999,It may get spoiled in a few conditions due to mishandling at the time of honey extraction and the wa
antibiotics do not work against viruses,factual_true,Bacteriophage-antibiotic combination therapy against extensively drug-resistant ,academic,supporting,12,0,4,8,opposing,8,66.7,0.994,"The occurrence of bacterial phage resistance did not result in therapeutic failure, possibly due to "
you lose most body heat through your head,factual_false,"Is it true that the adage ""90% of body heat is lost through your head"" is ...",web,opposing,3,2,1,0,supporting,2,66.7,0.907,These areas of ...Do humans really lose most of their heat through their head?
antibiotics do not work against viruses,factual_true,Klebsiella pneumoniae Phage M198 and Its Therapeutic Potential,academic,supporting,8,0,3,5,opposing,5,62.5,0.997,"They have already been successfully applied in a number of cases, and it is expected that the need f"
the sun is a star,factual_true,"Exploring love on its own terms with the team behind ""The Sun is Also...&qu...",web,supporting,17,1,6,10,opposing,10,58.8,0.978,"NICOLA YOON Romance is not dead and whenever people say that, it makes me insane."
honey never expires,factual_true,Honeyblood,encyclopedia,supporting,14,2,4,8,opposing,8,57.1,0.997,"During this period McVicar took a break to complete her dentistry degree, with replacement drummer R"
the speed of light is constant,factual_true,Is the speed of light really constant?,web,supporting,14,1,5,8,opposing,8,57.1,0.988,"Farid Ahmed, et al Results of a one-way experiment to test the isotropy of the speed of light."
honey never expires,factual_true,Does Honey Expire—Ever? - Mill,web,supporting,13,2,4,7,opposing,7,53.8,0.997,"Some supermarket honeys may contain added sweeteners like corn syrup, which makes the honey less she"
the speed of light is constant,factual_true,Variable speed of light,encyclopedia,supporting,13,0,6,7,opposing,7,53.8,0.999,"The apparent speed of light will change in a gravity field and, in particular, go to zero at an even"
antibiotics do not work against viruses,factual_true,Pneumonia,encyclopedia,supporting,18,0,9,9,opposing,9,50.0,0.99,"Research in children showed that a shorter, 3-day course of amoxicillin was as effective as a longer"
honey never expires,factual_true,Does Honey Expire? | Nate's Raw & Unfiltered Honey,web,supporting,2,1,0,1,supporting,1,50.0,0.998,The National Honey Board says that over time honey may “darken and lose ...
sugar makes children hyperactive,factual_false,Does sugar really make kids hyper? - Curious,web,opposing,2,1,1,0,supporting,1,50.0,0.952,"Ask any parent returning from a birthday party with kids and they’ll swear that yes, of course, with"
the Amazon rainforest produces about 20% of the world's oxygen,factual_false,Places Fun fact #1091: The Amazon ...,web,opposing,2,1,1,0,supporting,1,50.0,0.828,Toggle navigation Fact Generator Fake Facts Submit Facts Fact Lists Animal Facts Famous People and E
the speed of light is constant,factual_true,Speed of light,encyclopedia,supporting,18,0,9,9,neutral,9,50.0,0.997,"However, it has been suggested in various theories that the speed of light may have changed over tim"
the speed of light is constant,factual_true,Constraining a possible time-variation of the speed of light along with the fine,academic,supporting,6,0,3,3,neutral,3,50.0,0.991,"In order to explore the results deeply, we split the SGL sample into five sub-samples according to t"
the speed of light is constant,factual_true,Why is the speed of light constant? - BBC Science Focus Magazine,web,supporting,8,2,2,4,opposing,4,50.0,0.996,"When it passes through some mediums, such as water, it slows down considerably."
water boils at 100 degrees celsius,factual_true,[FREE] Water boils at 100 degrees Celsius or 212 degrees ... - Brainly,web,supporting,2,1,0,1,supporting,1,50.0,0.999,Water freezes at 0 degrees celsius or 32 degrees fahrenheit.
honey never expires,factual_true,Does Honey Go Bad? | Food Network,web,supporting,17,2,7,8,opposing,8,47.1,0.997,"“Make sure the cap is tightly on to minimize exposure to oxygen,” Amidor says."
the sun is a star,factual_true,The Sun and the Star,encyclopedia,supporting,11,1,5,5,neutral,5,45.5,0.98,"- ^ a b c ""The Sun and the Star: A Nico di Angelo Adventure Book Review Common Sense Media""."
the speed of light is constant,factual_true,Why the Speed of Light is Constant - KennethChan.com,web,supporting,17,5,5,7,opposing,7,41.2,0.979,The reason for this is that the waterwheel turns correspondingly faster whenever the river flows fas
honey never expires,factual_true,Why doesn't honey go off? - BBC Science Focus Magazine,web,supporting,10,0,6,4,neutral,4,40.0,0.998,- Is it safe to eat yoghurt past its best-before date?
the sun is a star,factual_true,The Sun Is Also a Star,encyclopedia,supporting,10,5,1,4,supporting,4,40.0,0.871,"She meets with Jeremy, who offers to set up a new trial for their case for the next day."
the earth is flat,factual_false,Tales from the Flat Earth,encyclopedia,opposing,13,5,7,1,neutral,5,38.5,0.993,"The Flat Earth floats amid formless chaos; the sun and moon rise out of the chaos in the east, trave"
the speed of light is constant,factual_true,Constraints on variation in the speed of light based on gravitational constant c,academic,supporting,8,0,5,3,neutral,3,37.5,0.998,ABSTRACT We consider the possibility of a varying speed of light based on a unit of length defined w
the earth revolves around the sun,factual_true,Lunar phase,encyclopedia,supporting,14,3,6,5,neutral,5,35.7,0.946,"[edit] The phases are not caused by the Earth's shadow falling on the Moon, as some people believe."
antibiotics do not work against viruses,factual_true,Antibiotic misuse,encyclopedia,supporting,15,3,7,5,neutral,5,33.3,0.984,"- Despite acute respiratory-tract infections being mainly caused by viruses, as many as 75% of cases"
antibiotics do not work against viruses,factual_true,Genome Features and In Vitro Activity against Influenza A and SARS-CoV-2 Viruses,academic,supporting,9,0,6,3,neutral,3,33.3,0.944,"Cultures of L. fermentum 90 TC 4, L. plantarum 8 RA 3, and B. bifidum 791 showed a pronounced activi"
antibiotics do not work against viruses,factual_true,Infected burn wound healing using Hydroxy-propyl-methyl cellulose gel containing,academic,supporting,12,0,8,4,neutral,4,33.3,0.971,These results at the microscopic level indicated the recovery of the tissue and the removal of the i
antibiotics do not work against viruses,factual_true,Genome Features and <i>In Vitro</i> Activity against Influenza A and SARS‐CoV‐2 ,academic,supporting,9,0,6,3,neutral,3,33.3,0.922,"plantarum 8 RA 3, and B. bifidum 791 showed a pronounced activity against influenza A viruses in MDC"
humans share about 98% of DNA with chimpanzees,factual_true,New Research: Humans and Chimps Do Not Share 98% of Their Genomes - Apologetics ,web,supporting,12,0,8,4,neutral,4,33.3,0.991,"Based upon analyzing a series of segments of DNA and comparing them, Tomkins found ~70-88% of DNA ma"
octopuses have three hearts,factual_true,"How Many Hearts Does an Octopus Have? | Anatomy, Facts ...",web,supporting,3,1,1,1,supporting,1,33.3,0.982,"It has two branchial hearts, which are specifically tasked with pumping blood through the gills, whe"
the Amazon rainforest produces about 20% of the world's oxygen,factual_false,The Amazon Rainforest – kimcampion.com,web,opposing,3,1,2,0,neutral,1,33.3,0.913,The Amazon Rainforest More than 20% of the world’s oxygen is produced in the Amazon Rainforest.
the speed of light is constant,factual_true,The Speed of Light is Constant,web,supporting,18,1,11,6,neutral,6,33.3,0.996,Because the strength of the magnetic field is proportional to the rate of change of the electric fie
the speed of light is constant,factual_true,"Speed of Light May Not Be Constant, Physicists Say | Live",web,supporting,15,0,10,5,neutral,5,33.3,0.998,"Particle species and light speed
The second paper proposes a different mechanism but comes to the sa"
the sun is a star,factual_true,Curious Kids: Is there anything hotter than the Sun?,web,supporting,18,1,11,6,neutral,6,33.3,0.995,"Stars shine because they are hot, and so they light up the night sky in a beautiful way."
the sun is a star,factual_true,Sun Facts for Kids - Interesting Facts about the Sun,web,supporting,19,4,9,6,neutral,6,31.6,0.966,"Imagine the Sun as a massive circle, with its diameter so vast that over 100 Earths could be lined u"
the speed of light is constant,factual_true,QUANTIZATION OF THE GRAVITATIONAL FIELD. THEORETICAL AND EXPERIMENTAL SUBSTANTIA,academic,supporting,16,0,11,5,neutral,5,31.2,0.991,It is proportional to the mass of the gravitating object.
the sun is a star,factual_true,Is ‘The Sun Is Also A Star’ Based On A True Story? The Love Story Is...,web,supporting,16,3,8,5,neutral,5,31.2,0.872,"Entertainment
‘The Sun Is Also A Star’ Is A Fictional Love Story With Very Real Stakes
Some of the m"
eating carrots improves your eyesight,factual_false,Do Carrots help improve Night Vision? - Westside Eye Clinic,web,opposing,13,4,8,1,neutral,4,30.8,0.926,"This means that If you have a Vitamin A deficiency, eating carrots could help to correct and improve"
the moon landing was faked,factual_false,The Moon Landings Were Faked - Conspiracy Theories - TIME,web,opposing,11,3,6,2,neutral,3,27.3,0.938,"Doubters say the U.S. government, desperate to beat the Russians in the space race, faked the lunar "
the speed of light is constant,factual_true,Asymmetry theory derived from the principle of constant light speed,academic,supporting,11,1,7,3,neutral,3,27.3,0.998,Doppler Effect is simply a phenomenon of observed “time dilation” and one general formula covers tra
bats are blind,factual_false,"Il volo cieco dei pipistrelli. 1793, Lazzaro Spallanzani e la ricerca sui chirot",academic,opposing,4,1,1,2,opposing,1,25.0,0.775,"Spallanzani carried on his researches on the blind flight of bats mainly in Scandiano, in the summer"
the average human body temperature is 98.6 degrees fahrenheit,factual_false,What Is Normal Body Temperature? - Verywell Health,web,opposing,4,1,3,0,neutral,1,25.0,0.494,The average human body temperature is 98.6 F (or 37 degrees Celsius).
the moon landing was faked,factual_false,Moon landing conspiracy theories in popular culture,encyclopedia,opposing,12,3,8,1,neutral,3,25.0,0.916,"During ""Into The Wild Green Yonder"" President Nixon's head admits that the Moon landing was faked - "
the speed of light is constant,factual_true,Why speed of light is constant?,web,supporting,12,4,5,3,neutral,3,25.0,0.994,"Contextual Notes
Participants note limitations in understanding the implications of Maxwell's equati"
the speed of light is constant,factual_true,The Speed of Light in Vacuum is not Constant in Any Circumstances,academic,supporting,17,0,13,4,neutral,4,23.5,0.999,The speed of light relative to (multiple or single) celestial bodies depends on the mass of celestia
the speed of light is constant,factual_true,Is the speed of light constant? • Physics Forums,web,supporting,9,0,7,2,neutral,2,22.2,0.866,- A later reply emphasizes that the speed of light quoted (3 x 10^8 m/s) applies specifically to a v
the speed of light is constant,factual_true,Is The Speed Of Light Constant?,web,supporting,19,4,11,4,neutral,4,21.1,0.99,"Relative Speed
The speed of almost everything in the universe is dependent upon your position and sp"
antibiotics do not work against viruses,factual_true,"Why are there so many drugs to kill bacteria, but so few to tackle viruses?",web,supporting,20,0,16,4,neutral,4,20.0,0.999,"They work by blocking a key viral enzyme, obstructing virus release from the cell, slowing the sprea"
christopher columbus discovered america,factual_false,From Hero to Villain,academic,opposing,5,1,4,0,neutral,1,20.0,0.683,Abstract Critical accounts by revisionist historians and Native American activists condemn Christoph
eating carrots improves your eyesight,factual_false,Carrots & Eye Health: Myth or Fact? | University of Utah Health,web,opposing,10,2,8,0,neutral,2,20.0,0.979,"In addition to carrots (sweet potatoes have even more beta-carotene) and other vegetables, fruits, c"
honey never expires,factual_true,Does Honey Ever Go Bad or Expire? - HelloFresh,web,supporting,5,1,3,1,neutral,1,20.0,0.963,"Whether you purchase your honey from a local beekeeper, online, or at your local grocery store, here"
the speed of light is constant,factual_true,Formulations of special relativity,encyclopedia,supporting,15,1,11,3,neutral,3,20.0,0.996,"(Note that this does not apply in non-inertial frames, indeed between accelerating frames the speed "
the speed of light is constant,factual_true,Special relativity,encyclopedia,supporting,15,2,10,3,neutral,3,20.0,0.991,Equations generalizing the electromagnetic effects found that finite propagation speed of the E and 
the speed of light is constant,factual_true,An accurate analysis of the Michelson‐Morley experiment shows that the speed of ,academic,supporting,5,0,4,1,neutral,1,20.0,0.855,"Thus, Michelson anticipated observing an outcome that understandably would not occur."
antibiotics do not work against viruses,factual_true,Viral Infections - Why Don't Antibiotics Kill Viruses? - Drugs.com,web,supporting,16,6,7,3,neutral,3,18.8,0.974,"For example, for uncomplicated UTI in women fosfomycin is a medicine that can be given in one single"
eating carrots improves your eyesight,factual_false,Do Carrots Help Your Eyesight - Southwestern Eye Center,web,opposing,16,3,10,3,neutral,3,18.8,0.956,"Carrots were one of the few foods readily available, and the promise of better night vision was a pe"
the earth revolves around the sun,factual_true,"Science News: Earth is not revolving around Sun, the world is",web,supporting,16,3,10,3,neutral,3,18.8,0.956,Relevance to Earth Earth thus revolves around a barycenter rather than the Sun directly.
antibiotics do not work against viruses,factual_true,Targeting bacterial persistence with bacteriophages: a next-generation antimicro,academic,supporting,11,0,9,2,neutral,2,18.2,0.84,"Additionally, combining phages with antibiotics or resuscitation-inducing compounds has shown promis"
the earth revolves around the sun,factual_true,"Study of the ""Earth-Moon"" System",academic,supporting,11,0,9,2,neutral,2,18.2,0.958,The incorrectness of the statement that the Moon revolves around the Earth is noted.
water boils at 100 degrees celsius,factual_true,Fahrenheit,encyclopedia,supporting,11,0,9,2,neutral,2,18.2,0.993,Fahrenheit soon after observed that water boils at about 212 degrees using this scale.
you lose most body heat through your head,factual_false,Do We Lose Heat Through Our Heads? - WebMD,web,opposing,11,2,9,0,neutral,2,18.2,0.989,Q: Mom always said to wear a hat in the cold because we lose 80% of our body heat through our head.
the sun is a star,factual_true,Ask a Solar Physicist,web,supporting,17,4,10,3,neutral,3,17.6,0.989,"Another famous story, probably untrue, has this thought pop into
Newton's head when an apple falls o"
you lose most body heat through your head,factual_false,Scientists debunk the myth that you lose most heat through your head,web,opposing,17,3,13,1,neutral,3,17.6,0.986,"After all, most of our body heat is lost through our heads – or so we are led to believe."
eating carrots improves your eyesight,factual_false,Are Carrots Good for Your Eyes? - Healthline,web,opposing,18,3,15,0,neutral,3,16.7,0.783,It’s commonly said that carrots keep your eyes healthy and improve night vision.
lightning never strikes the same place twice,factual_false,"Claim Verification: ""Lightning never strikes the same place twice."" — Disproved",academic,opposing,6,1,3,2,neutral,1,16.7,0.985,"Automated fact-verification of the claim: ""Lightning never strikes the same place twice."""
octopuses have three hearts,factual_true,California two-spot octopus,encyclopedia,supporting,18,0,15,3,neutral,3,16.7,0.87,"These ocelli are an iridescent blue, chain-link circle, set in a circle of black."
the Great Wall of China is visible from space,factual_false,"Claim Verification: ""The Great Wall of China is the only man-made object visible",academic,opposing,6,1,3,2,neutral,1,16.7,0.979,"Automated fact-verification of the claim: ""The Great Wall of China is the only man-made object visib"
the great wall of china is visible from space,factual_false,"Claim Verification: ""The Great Wall of China is the only man-made object visible",academic,opposing,6,1,2,3,opposing,1,16.7,0.983,"Automated fact-verification of the claim: ""The Great Wall of China is the only man-made object visib"
the moon landing was faked,factual_false,Of Tinfoil Hats and Thinking Caps: Reasoning is More Strongly Related to Implaus,academic,opposing,6,1,5,0,neutral,1,16.7,0.825,This hypothesis implies that reasoning biases should be more closely associated with belief in impla
the sun is a star,factual_true,Sun: Facts - NASA Science,web,supporting,18,7,8,3,neutral,3,16.7,0.927,(Imagine walking away from a bonfire only to get warmer.)
the sun is a star,factual_true,The sun: Facts about the bright star at the center of the... | Live Science,web,supporting,18,7,8,3,neutral,3,16.7,0.85,"You must confirm your public display name before commenting
Please logout and then login again, you "
antibiotics do not work against viruses,factual_true,Antibiotics: Are you misusing them? - Mayo Clinic,web,supporting,19,1,15,3,neutral,3,15.8,0.975,Antibiotic resistance is one of the world's most urgent health problems.
eating carrots improves your eyesight,factual_false,Myths about Your Eyes and Vision - WebMD,web,opposing,13,2,10,1,neutral,2,15.4,0.976,"Eating Carrots Will Improve Your Vision
Fact: Carrots are high in vitamin A, a nutrient essential fo"
humans only use 10 percent of their brain,factual_false,Do People Only Use 10 Percent of Their Brains? | Scientific American,web,opposing,13,2,9,2,neutral,2,15.4,0.919,"Adding to that mystery is the contention that humans ""only"" employ 10 percent of their brain."
humans share about 98% of DNA with chimpanzees,factual_true,Do humans and chimps really share nearly 99% of their DNA? | Live Science,web,supporting,13,4,7,2,neutral,2,15.4,0.989,"In fact, a 2025 study found that human and chimpanzee genomes are approximately 15% different when c"
water boils at 100 degrees celsius,factual_true,Celsius,encyclopedia,supporting,13,1,10,2,neutral,2,15.4,0.915,"Thus, if a temperature interval is, say, 10 K or 10 °C (which may be written 10 kelvins or 10 degree"
bulls are enraged by the color red,factual_false,Do Bulls Really Hate The Color Red Or Are They Color Blind?,web,opposing,20,3,14,3,neutral,3,15.0,0.989,"We’ve always been told not to stand in front of a bull when wearing a red dress, or something along "
lemmings commit mass suicide,factual_false,Do lemmings really commit mass suicide? - The Straight Dope,web,opposing,14,2,10,2,neutral,2,14.3,0.9,"(3) “Thus,” Snopes concludes, “did Disney perpetuate for generations to come the legend of periodic,"
shaving makes hair grow back thicker,factual_false,Hair,encyclopedia,opposing,14,2,12,0,neutral,2,14.3,0.727,"Hair in areas that have been waxed consistently is known to grow back finer and thinner, especially "
the Amazon rainforest produces about 20% of the world's oxygen,factual_false,Why the Amazon rainforest doesn’t really produce 20% of the,web,opposing,14,2,10,2,neutral,2,14.3,0.984,The Amazon rainforest is often called the “lungs of the Earth” and credited with producing some 20 p
the speed of light is constant,factual_true,Physical constant,encyclopedia,supporting,14,1,11,2,neutral,2,14.3,0.937,"Thus, it was meaningful to experimentally measure the speed of light in SI units prior to 1983, but "
antibiotics do not work against viruses,factual_true,Antibiotic,encyclopedia,supporting,15,0,13,2,neutral,2,13.3,0.963,"For example, antibacterial selection for strains having previously acquired antibacterial-resistance"
christopher columbus discovered america,factual_false,"Christopher Columbus Discovers America, 1492",web,opposing,15,2,12,1,neutral,2,13.3,0.997,"References:
Columbus's journal appears in Olson, Julius, The Northmen,
Columbus and Cabot, 985-1503 "
the earth is flat,factual_false,Flat Earth,encyclopedia,opposing,15,2,9,4,neutral,2,13.3,0.513,"""A Chinese Eratosthenes of the Flat Earth: A Study of a Fragment of Cosmology in Huai Nan Tzu 淮南子""."
water boils at 100 degrees celsius,factual_true,Nucleate boiling,encyclopedia,supporting,15,0,13,2,neutral,2,13.3,0.997,"Between 10 and 30 °C (18 and 54 °F) above TS, a second flow regime may be observed."
the Great Wall of China is visible from space,factual_false,Artificial structures visible from space,encyclopedia,opposing,16,2,13,1,neutral,2,12.5,0.949,"- ^ JPL, April 18, 1996, Space Radar Reveals Ancient Segments of China's Great Wall
- ^ Miller, Davi"
the great wall of china is visible from space,factual_false,Artificial structures visible from space,encyclopedia,opposing,16,2,12,2,neutral,2,12.5,0.936,"- ^ JPL, April 18, 1996, Space Radar Reveals Ancient Segments of China's Great Wall
- ^ Miller, Davi"
you lose most body heat through your head,factual_false,The great cold head myth: Where you really lose your body heat from,web,opposing,8,1,7,0,neutral,1,12.5,0.887,"“You lose most of the heat from your head,” the saying goes."
Einstein failed math in school,factual_false,Andrei Zelevinsky,encyclopedia,opposing,9,1,7,1,neutral,1,11.1,0.968,"- ^ A. Zelevinsky's cv Archived April 16, 2013, at the Wayback Machine
- ^ You failed your math test"
antibiotics do not work against viruses,factual_true,Studies on Comparative Analysis of Antimicrobial Strength of Three Over the Coun,academic,supporting,9,1,7,1,neutral,1,11.1,0.934,"In the course of this work, Disc diffusion method was used to determine the antimicrobial strengths "
smoking causes lung cancer,factual_true,CYP2A6 activity and cigarette consumption interact in smoking-related lung cance,academic,supporting,9,1,7,1,neutral,1,11.1,0.579,"However, not all smokers develop lung cancer, highlighting the importance of the interaction between"
the average human body temperature is 98.6 degrees fahrenheit,factual_false,Body temperature norms: MedlinePlus Medical Encyclopedia,web,opposing,9,1,8,0,neutral,1,11.1,0.648,The average normal body temperature is generally accepted as 98.6°F (37°C).
MSG is dangerous to consume,factual_false,"MSG is safe in small amounts, or so you think - NaturalNews.com",web,opposing,19,2,16,1,neutral,2,10.5,0.718,You do not need to consume a lot of MSG to be hurt by it.
antibiotics do not work against viruses,factual_true,Antibiotics: Not always the answer - Mayo Clinic Health System,web,supporting,19,2,15,2,neutral,2,10.5,0.844,"If you take antibiotics for a viral infection, you are putting yourself at risk for side effects."
bulls are enraged by the color red,factual_false,Mythbuster: Do Bulls Hate the Color Red? — STEAM Ahead,web,opposing,19,2,12,5,neutral,2,10.5,0.989,"The image is iconic, so deeply ingrained in our culture that it seems like a fundamental truth: Bull"
antibiotics do not work against viruses,factual_true,An Instant Update on Viruses,academic,supporting,10,0,9,1,neutral,1,10.0,0.991,"Furthermore, there is the widespread belief that viruses are similar to bacteria and may thus be fou"
dogs can only see in black and white,factual_false,Can Dogs See Light Yellow? - Wag!,web,opposing,20,2,11,7,neutral,2,10.0,0.816,He said that dogs could only see in highlights of white and black.
the Great Wall of China is the only man-made structure visible from space,factual_false,What makes the Great Wall of China the only man-made object visible ...,web,opposing,10,1,5,4,neutral,1,10.0,0.955,What makes the Great Wall of China the only man-made object visible from space?
the average human body temperature is 98.6 degrees fahrenheit,factual_false,Fahrenheit,encyclopedia,opposing,10,1,8,1,neutral,1,10.0,0.918,It is for this reason that normal human body temperature is approximately 98.6 °F (oral temperature)
the moon landing was faked,factual_false,Why some people claim the Moon landing was faked - BBC,web,opposing,10,1,6,3,neutral,1,10.0,0.637,"In some surveys, as many as 25% of those asked agreed with a statement that the Moon landings had al"
the speed of light is constant,factual_true,Why the Speed of Light is Constant?,web,supporting,10,1,8,1,neutral,1,10.0,0.987,"The speed of light is originally infinite (or indefinite, to be more precise), and this can be even "
you lose most body heat through your head,factual_false,Heat loss through the head - Big Head Caps,web,opposing,10,1,7,2,neutral,1,10.0,0.652,"Posted by Tammy on 2/11/2015 to
We lose 50% of our body heat through our heads…."
Einstein failed math in school,factual_false,Making the Grade - 20 Things You Need to Know About Einstein - TIME,web,opposing,11,1,5,5,neutral,1,9.1,0.791,"One widely held belief about Einstein is that he failed math as a student, an assertion that is made"
bats are blind,factual_false,Are Bats Really Blind? | Britannica,web,opposing,11,1,6,4,neutral,1,9.1,0.769,"- Related Topics:
Being as blind as a bat doesn’t sound so bad now, does it?"
the Amazon rainforest produces about 20% of the world's oxygen,factual_false,"No, the Amazon Rainforest Doesn’t Produce 20% of Our Oxygen,",web,opposing,11,1,7,3,neutral,1,9.1,0.848,"And so, many are wondering if the deforestation taking place in the Amazon will have a negative impa"
water boils at 100 degrees celsius,factual_true,[Solved] Water ______ at 100 degree celsius. - Testbook,web,supporting,11,1,9,1,neutral,1,9.1,0.988,"-> OSSC CGL 2026 total revised vacancies of 1578 released on 29th January 2026
-> OSSC CGL 2026 Noti"
eating carrots improves your eyesight,factual_false,Carrot,encyclopedia,opposing,12,1,10,1,neutral,1,8.3,0.547,A rumour spread during the Second World War purporting to explain that British pilots had improved n
the sun is a star,factual_true,Sun,encyclopedia,supporting,12,3,8,1,neutral,1,8.3,0.578,"It will then have reached the red clump or horizontal branch, but a star of the Sun's metallicity do"
MSG is dangerous to consume,factual_false,Anthony William,encyclopedia,opposing,13,1,12,0,neutral,1,7.7,0.985,He also describes six foods which he considers to be “life-challenging.” He contends that dairy “bog
lemmings commit mass suicide,factual_false,Lemmings Don't Commit Mass Suicide,web,opposing,13,1,9,3,neutral,1,7.7,0.987,"The theory behind why they would commit this mass suicide, as explained by narrator Winston Hibler, "
shaving makes hair grow back thicker,factual_false,Does shaving make hair grow back thicker and darker? | Think Twice,web,opposing,13,1,9,3,neutral,1,7.7,0.863,"Hair might appear thicker after shaving because the razor slices it at the surface, leaving behind a"
sugar makes children hyperactive,factual_false,Does Sugar Cause Hyperactivity in Children? Myths vs Facts (2026),web,opposing,13,1,12,0,neutral,1,7.7,0.78,"- In 2023, researchers suggested that the more frequently children consumed sugar-sweetened beverage"
vaccines cause autism,factual_false,"Experts: CDC Website Shift on Vaccines, Autism Sparks Confusion",web,opposing,13,1,8,4,neutral,1,7.7,0.96,"CDC’s new claim that vaccines cannot be ruled out as autism cause leads to confusion, misinformation"
we only use 10% of our brains,factual_false,Do People Only Use 10 Percent of Their Brains? | Scientific,web,opposing,13,1,9,3,neutral,1,7.7,0.936,"Adding to that mystery is the contention that humans ""only"" employ 10 percent of their brain."
you lose most body heat through your head,factual_false,How much body heat do I really lose through my head? - One Medical,web,opposing,13,1,7,5,neutral,1,7.7,0.893,"Therefore, naturally, the majority of the heat loss occurred by way of the uncovered head."
antibiotics do not work against viruses,factual_true,Why Don’t Antibiotics Work on Viruses | Dragonfly Medical and Behavioral Health,web,supporting,14,3,10,1,neutral,1,7.1,0.554,"They work on structures like cell walls, something viruses do not have."
christopher columbus discovered america,factual_false,Origin theories of Christopher Columbus,encyclopedia,opposing,14,1,13,0,neutral,1,7.1,0.98,"Cristóvão Colón, a Portuguese Sephardic Jew, discovered America"" James S. Mellett, PhD, 2003. p. 99."
christopher columbus discovered america,factual_false,Fake Histories #27 Christopher Columbus discovered America? |,web,opposing,14,1,13,0,neutral,1,7.1,0.535,"So with the focus on the USA this week it’s worth asking the thorny old question, was Christopher Co"
shaving makes hair grow back thicker,factual_false,Shaving,encyclopedia,opposing,14,1,11,2,neutral,1,7.1,0.841,"For example, teenagers may start shaving their face or legs at around 16, but as they age, hair will"
the Great Wall of China is visible from space,factual_false,Great Wall of China,encyclopedia,opposing,14,1,12,1,neutral,1,7.1,0.694,"Leroy Chiao, a Chinese-American astronaut, took a photograph from the International Space Station th"
the Sahara desert is the largest desert on earth,factual_false,Saharan rainfall climatology and its relationship with surface cyclones,academic,opposing,14,1,13,0,neutral,1,7.1,0.94,"The Sahara is the largest and driest of the hot deserts on Earth, with regions where rainfall reache"
the Sahara desert is the largest desert on earth,factual_false,What makes the Sahara the largest desert in the world? |,web,opposing,14,1,12,1,neutral,1,7.1,0.976,What makes the Sahara the largest desert in the world?
MSG is dangerous to consume,factual_false,Glutamate flavoring,encyclopedia,opposing,15,1,11,3,neutral,1,6.7,0.695,Several complex mechanisms in the brain provide a protection against a possible oversupply of glutam
humans only use 10 percent of their brain,factual_false,Do we only use 10 percent of our brain? - MIT McGovern Institute,web,opposing,15,1,10,4,neutral,1,6.7,0.93,Movies like “Limitless” and “Lucy” play on the notion that humans use only 10 percent of their brain
humans only use 10 percent of their brain,factual_false,You don't say? Brain space - Harvard Health,web,opposing,15,1,13,1,neutral,1,6.7,0.894,"Brain space
It’s thought that most of us use just 10% of our brain."
lemmings commit mass suicide,factual_false,Lemming,encyclopedia,opposing,15,1,12,2,neutral,1,6.7,0.955,"James Thurber's 1941 short story ""Interview with a Lemming"" ends with the human scientist wondering "
smoking causes lung cancer,factual_true,Lung cancer,encyclopedia,supporting,15,4,10,1,neutral,1,6.7,0.516,In the 1950s radon and its breakdown products became established as causes of lung cancer in miners.
smoking causes lung cancer,factual_true,Lung Cancer Risk Factors | Smoking & Lung Cancer | American Cancer Society,web,supporting,15,1,13,1,neutral,1,6.7,0.655,We do know that smoking marijuana will irritate your lungs and possibly increase your risk of gettin
the Amazon rainforest produces about 20% of the world's oxygen,factual_false,Amazon Rainforest: It doesn’t Produce 20% of the Planet’s,web,opposing,15,1,14,0,neutral,1,6.7,0.939,"So, we all came across a number of photos, videos, and articles that state Amazon Rainforest produce"
the Sahara desert is the largest desert on earth,factual_false,"Sahara | Location, History, Map, Countries, Animals, & Facts ...ImagesSahara Des",web,opposing,15,1,14,0,neutral,1,6.7,0.904,"Sahara, (from Arabic ṣaḥrāʾ, “desert”) largest hot desert in the world."
the average human body temperature is 98.6 degrees fahrenheit,factual_false,What's Really the Average Human Body Temperature?,web,opposing,15,1,13,1,neutral,1,6.7,0.905,"Long thought to be 98.6 degrees Fahrenheit, the measurement is highly personal and varies depending "
the average human body temperature is 98.6 degrees fahrenheit,factual_false,"Normal body temperature is personal, Stanford Medicine researchers find",web,opposing,15,1,11,3,neutral,1,6.7,0.742,"A body temperature drop
In recent years, Parsonnet's team has found that the average body temperatur"
the earth is flat,factual_false,Flat earth | Science | Research Starters | EBSCO Research,web,opposing,15,1,6,8,opposing,1,6.7,0.82,"Flat earth
The concept of a flat Earth posits that the planet is not a spherical object but rather a"
the great wall of china is visible from space,factual_false,Can You Really See the Great Wall of China from Space? - Daily,web,opposing,15,1,12,2,neutral,1,6.7,0.655,The idea that the Great Wall of China is the only man-made structure visible from space is a captiva
the moon landing was faked,factual_false,Moon landing conspiracy theories,encyclopedia,opposing,15,1,13,1,neutral,1,6.7,0.636,We Never Went to the Moon: America's Thirty Billion Dollar Swindle.
we only use 10% of our brains,factual_false,Do we only use 10 percent of our brain? - MIT McGovern Institute,web,opposing,15,1,10,4,neutral,1,6.7,0.911,Movies like “Limitless” and “Lucy” play on the notion that humans use only 10 percent of their brain
5G causes COVID,factual_false,The conspiracy linking 5G to coronavirus just will not die,web,opposing,16,1,6,9,opposing,1,6.2,0.547,"One simply suggests that 5G networks cause Covid-19, or symptoms of the infection."
goldfish have a 3 second memory,factual_false,Goldfish,encyclopedia,opposing,16,1,14,1,neutral,1,6.2,0.937,"MythBuster Results: A goldfish's memory lasts only three seconds
- ^ Demonstrated in a 1994 public e"
goldfish have a three second memory,factual_false,Goldfish,encyclopedia,opposing,16,1,14,1,neutral,1,6.2,0.929,"MythBuster Results: A goldfish's memory lasts only three seconds
- ^ Demonstrated in a 1994 public e"
lightning never strikes the same place twice,factual_false,Can Lightning Strike the Same Place Twice? | Britannica,web,opposing,16,1,7,8,opposing,1,6.2,0.982,"“Lightning never strikes the same place twice” is a common phrase you’ve probably heard before, ofte"
octopuses have three hearts,factual_true,Blue-ringed octopus,encyclopedia,supporting,16,0,15,1,neutral,1,6.2,0.783,"Evidence of female preference of larger males is apparent, although no male preference of females is"
sugar makes children hyperactive,factual_false,"Does Sugar Really Cause ""Bad"" Behavior in Children?",web,opposing,16,1,12,3,neutral,1,6.2,0.672,Research finds that when children are given a placebo and their parents are told it is a high dose o
the Amazon rainforest produces about 20% of the world's oxygen,factual_false,How Much Oxygen Does The Amazon Rainforest Produce? Here Are,web,opposing,16,1,15,0,neutral,1,6.2,0.918,The Amazon rain forest - the lungs which produces 20% of our planet’s oxygen - is on fire.
you lose most body heat through your head,factual_false,Do You Lose Half of Your Body Heat from Your Head? | MeatEater Fishing,web,opposing,16,1,12,3,neutral,1,6.2,0.958,"You lose half of your body heat through your head, making it the most important part of your body to"
goldfish have a three second memory,factual_false,"Well Actually, Goldfish Don't Have Three-Second Memories",web,opposing,17,1,15,1,neutral,1,5.9,0.405,"Not only do goldfish memories last much longer than three seconds, they're actually exceptionally st"
goldfish have a three second memory,factual_false,Do Goldfish Have a Good Memory? Debunking the 3-Second Myth,web,opposing,17,1,9,7,neutral,1,5.9,0.598,"When people picture goldfish, the first thing that usually comes to mind is the old saying that they"
humans only use 10 percent of their brain,factual_false,Do We Really Use Only 10 Percent of Our Brain? | Britannica,web,opposing,17,1,12,4,neutral,1,5.9,0.992,It’s one of Hollywood’s favorite bits of pseudoscience: human beings use only 10 percent of their br
humans share about 98% of DNA with chimpanzees,factual_true,Chimpanzee,encyclopedia,supporting,17,0,16,1,neutral,1,5.9,0.742,"In addition, a 2012 study comparing brain tissue found that chimpanzees and humans diverged signific"
humans share about 98% of DNA with chimpanzees,factual_true,The Genetic Link Between Humans and Primates Explained,web,supporting,17,1,15,1,neutral,1,5.9,0.551,The genetic evidence of this divergence lies in the code of life itself.
lemmings commit mass suicide,factual_false,Do Lemmings Really Commit Mass Suicide? | Britannica,web,opposing,17,1,11,5,neutral,1,5.9,0.691,"For the 1958 Disney nature film White Wilderness, filmmakers eager for dramatic footage staged a lem"
octopuses have three hearts,factual_true,Common octopus,encyclopedia,supporting,17,1,15,1,neutral,1,5.9,0.51,"O. vulgaris has four different fluids found within its body: blood, pericardial fluid, urine, and re"
octopuses have three hearts,factual_true,"Ten Wild Facts About Octopuses: They Have Three Hearts, Big ...",web,supporting,17,1,15,1,neutral,1,5.9,0.771,"Harmon Courage described it as a “cow patty—flattened out into a globular splat,” but a close examin"
smoking causes lung cancer,factual_true,Tobacco packaging warning messages,encyclopedia,supporting,17,0,16,1,neutral,1,5.9,0.859,"LAYANAN BERHENTI MEROKOK (0800-177-6565) Warning: Because of smoking, I now have throat cancer."
the great wall of china is visible from space,factual_false,great wall of china not visible from space,web,opposing,17,1,9,7,neutral,1,5.9,0.654,"Ummm, How could a person actually see the Great Wall of China from the moon?"
water boils at 100 degrees celsius,factual_true,What Temperature Does Water Boil At? - BRITA,web,supporting,17,1,15,1,neutral,1,5.9,0.853,"Water at 93°C is hot enough to kill most bacteria, but with BRITA, you can be sure your drinking wat"
antibiotics do not work against viruses,factual_true,Why are antibiotics ineffective against viruses? - The AMR Narrative,web,supporting,18,3,14,1,neutral,1,5.6,0.722,"Moreover, an incorrect use can also increase the risk of side effects, interactions with other medic"
climate change is real,factual_true,Here are 10 myths about climate change | WWF,web,supporting,18,9,8,1,supporting,1,5.6,0.546,"Global warming isn't real as it's still cold
Global warming is causing the Earth’s average surface t"
cracking your knuckles causes arthritis,factual_false,Is Cracking Your Knuckles Bad for You?,web,opposing,18,1,14,3,neutral,1,5.6,0.925,"Whether you’re a habitual knuckle cracker or cringe at the thought, you’ve probably heard that crack"
lemmings commit mass suicide,factual_false,mass suicide – Jineral Knowledge,web,opposing,18,1,10,7,neutral,1,5.6,0.955,His theory was backed by a documentary made in 1958 called White Wilderness that showed a footage of
lightning never strikes the same place twice,factual_false,Lightning never strikes the same place twice: myth or reality?,web,opposing,18,1,7,10,opposing,1,5.6,0.911,It is often said that lightning never strikes the same place twice.
the average human body temperature is 98.6 degrees fahrenheit,factual_false,Human body temperature,encyclopedia,opposing,18,1,16,1,neutral,1,5.6,0.904,"In humans, the average internal temperature is widely accepted to be 37 °C (98.6 °F), a ""normal"" tem"
the great wall of china is visible from space,factual_false,Is China's Great Wall Visible from Space? | Scientific American,web,opposing,18,1,14,3,neutral,1,5.6,0.985,Choose a legend: The Great Wall of China is the one of the few man-made structures visible from orbi
the great wall of china is visible from space,factual_false,Can You See the Great Wall of China from Space? - Universe Today,web,opposing,18,1,10,7,neutral,1,5.6,0.981,"NASA has confirmed
that US astronaut Leroy Chiao took what is thought to be the first verifiable ima"
the great wall of china is visible from space,factual_false,Was the Great Wall of China really visible from space? The,web,opposing,18,1,13,4,neutral,1,5.6,0.818,"In this article, we will explore the truth behind the myth and uncover the facts about the visibilit"
bulls are enraged by the color red,factual_false,Why Do Bulls Attack the Color Red? - Bulls Hate Red MythBulls Can’t See Red. Her,web,opposing,19,1,15,3,neutral,1,5.3,0.923,"Here is a detailed explanation of why it seems bulls hate the color red:
Aggression and the bull's n"
bulls are enraged by the color red,factual_false,Are bulls enraged by the colour red? - Centre of the Cell,web,opposing,19,1,17,1,neutral,1,5.3,0.569,"The colour red is commonly associated with anger and aggressiveness, so it’s a popular belief that a"
christopher columbus discovered america,factual_false,امریکہ میں اسلام کی تاریخ و اشاعت: ایک مطالعہA Study of the History and Spread o,academic,opposing,19,1,18,0,neutral,1,5.3,0.989,Columbus discovered America in 1492 with a crew in which Muslim astronomers were present.
climate change is caused by human activity,factual_true,Causes of climate change - Climate Action - European Commission,web,supporting,19,3,15,1,neutral,1,5.3,0.553,"Natural causes, such as changes in solar radiation or volcanic activity are estimated to have contri"
humans share about 98% of DNA with chimpanzees,factual_true,Bonobo,encyclopedia,supporting,19,0,18,1,neutral,1,5.3,0.62,"DNA evidence suggests the bonobo and common chimpanzee species diverged approximately 890,000–860,00"
octopuses have three hearts,factual_true,Why Do Octopuses Have Three Hearts? - Science ABC,web,supporting,19,4,14,1,neutral,1,5.3,0.971,"The cephalopod nautilus, the mesmerizing spiral-shelled marine animal, only has a single heart that "
the great wall of china is visible from space,factual_false,Is the Great Wall of China Really Visible from Space? | Live,web,opposing,19,1,16,2,neutral,1,5.3,0.974,"In particular, a satellite with radar imaging and high resolution can easily pick out the Great Wall"
the great wall of china is visible from space,factual_false,Can You See the Great Wall of China from Space,web,opposing,19,1,11,7,neutral,1,5.3,0.947,The myth regarding the Great Wall of China can be seen from outer space and has been circulated for 
goldfish have a 3 second memory,factual_false,MythBuster: Goldfish Have a 3-Second Memory — STEAM Ahead,web,opposing,20,1,15,4,neutral,1,5.0,0.812,"MythBuster: Goldfish Have a 3-Second Memory
You’ve probably heard it, or even said it yourself."
smoking causes lung cancer,factual_true,Lung Cancer Risk Factors | Lung Cancer | CDC,web,supporting,20,3,16,1,neutral,1,5.0,0.581,"Radiation therapy to the chest
Cancer survivors who had radiation therapy to the chest are at higher"
the Great Wall of China is visible from space,factual_false,Visible items from outer space? - Cecil's Columns/Staff Reports,web,opposing,20,1,19,0,neutral,1,5.0,0.96,If you can point and say “that’s the great wall of China” then it’s visible from space.
the sun is a star,factual_true,Our solar system: The sun information and facts | National Geographic,web,supporting,20,5,14,1,neutral,1,5.0,0.894,"The label “yellow” is misleading, though, since our sun burns a bright white."
goldfish have a 3 second memory,factual_false,Do Goldfish Really Have a 3 Second Memory?,web,opposing,21,1,14,6,neutral,1,4.8,0.759,Most goldfish keepers will have heard the “fact” that goldfish memory spans are just three seconds l
lightning never strikes the same place twice,factual_false,MythBuster: Lightning Never Strikes the Same Place Twice — STEAM Ahead,web,opposing,21,1,7,13,opposing,1,4.8,0.862,"MythBuster: Lightning Never Strikes the Same Place Twice
Lightning is unpredictable."
antibiotics do not work against viruses,factual_true,Why Don’t Doctors Give Antibiotics for Viral Infections?,web,supporting,22,3,18,1,neutral,1,4.5,0.837,"Risks of Taking Antibiotics for Viral Infections
Taking antibiotics when you do not actually need th"
eating carrots improves your eyesight,factual_false,HOW 6 BENEFITS OF CARROT JUICE YOU NEVER KNEW!,academic,opposing,22,1,21,0,neutral,1,4.5,0.519,Vitamin A Booster\nVitamin A plays an important role in eyesight.&amp;nbsp;Red-orange colored foods 
humans share about 98% of DNA with chimpanzees,factual_true,"Comparing Chimp, Bonobo and Human DNA | AMNHIt’s often said that humans and chim",web,supporting,23,5,17,1,neutral,1,4.3,0.846,"May 20, 2025 · “ [H]umans share about 99 percent of our DNA with chimpanzees, making them our closes"
5G causes COVID,factual_false,Fresh false claims about COVID-19 vaccine and 5G technology ...,fact_check,opposing,0,0,0,0,none,0,0,0,
5G causes COVID,factual_false,'Bombshell' 5G COVID studies tank upon closer inspection,fact_check,opposing,0,0,0,0,none,0,0,0,
5G causes COVID,factual_false,5G misinformation,encyclopedia,opposing,15,0,6,9,opposing,0,0.0,0,
5G causes COVID,factual_false,5G,encyclopedia,opposing,17,0,6,11,opposing,0,0.0,0,
5G causes COVID,factual_false,Comparative Analysis of Max-Throughput and Proportional Fair Scheduling Algorith,academic,opposing,6,0,0,6,opposing,0,0.0,0,
5G causes COVID,factual_false,Progressive Use of IoT and 5G Network-Based Systems Post COVID-19 Pandemic,academic,opposing,6,0,1,5,opposing,0,0.0,0,
5G causes COVID,factual_false,"Covid-19 Conspiracy Theories: QAnon, 5G, the New World Order and Other Viral Ide",academic,opposing,1,0,1,0,neutral,0,0.0,0,
5G causes COVID,factual_false,Could 5G Technology Be the Cause of COVID-19?,academic,opposing,7,0,4,3,neutral,0,0.0,0,
5G causes COVID,factual_false,Covering Conspiracy: Approaches to Reporting the COVID/5G Conspiracy Theory,academic,opposing,7,0,6,1,neutral,0,0.0,0,
5G causes COVID,factual_false,5G misinformation - Wikipedia,web,opposing,3,0,1,2,opposing,0,0.0,0,
5G causes COVID,factual_false,"5G Doesn’t Cause COVID-19, But the Rumor That It Does Spread Like a Virus",web,opposing,16,0,6,10,opposing,0,0.0,0,
5G causes COVID,factual_false,Spreading Like a Virus: False Rumor That 5G Causes COVID-19,web,opposing,13,0,4,9,opposing,0,0.0,0,
5G causes COVID,factual_false,Does 5g cause covid19 - factually.co,web,opposing,1,0,0,1,opposing,0,0.0,0,
5G causes COVID,factual_false,5G and coronavirus: Debunking the fake news stories - BBC,web,opposing,14,0,7,7,neutral,0,0.0,0,
5G causes COVID,factual_false,Why Inaccurate 5G Coronavirus Conspiracy Theories Spread - TIME,web,opposing,1,0,1,0,neutral,0,0.0,0,
5G causes COVID,factual_false,Coronavirus: 5G and microchip conspiracies around the world - BBC,web,opposing,17,0,14,3,neutral,0,0.0,0,
5G causes COVID,factual_false,5G technology does not cause or spread coronavirus - UNICEF,web,opposing,1,0,0,1,opposing,0,0.0,0,
5G towers cause cancer,factual_false,5G misinformation,encyclopedia,opposing,15,0,1,14,opposing,0,0.0,0,
5G towers cause cancer,factual_false,5G,encyclopedia,opposing,18,0,9,9,neutral,0,0.0,0,
5G towers cause cancer,factual_false,Wireless device radiation and health,encyclopedia,opposing,12,0,8,4,neutral,0,0.0,0,
5G towers cause cancer,factual_false,Cell site,encyclopedia,opposing,15,0,8,7,neutral,0,0.0,0,
5G towers cause cancer,factual_false,Mark Steele (conspiracy theorist),encyclopedia,opposing,15,0,9,6,neutral,0,0.0,0,
5G towers cause cancer,factual_false,Assessing the impact of radiofrequency radiation from cellular towers on human h,academic,opposing,6,0,4,2,neutral,0,0.0,0,
5G towers cause cancer,factual_false,"Microwave radiofrequencies, 5G, 6G, graphene nanomaterials: Technologies used in",academic,opposing,11,0,7,4,neutral,0,0.0,0,
5G towers cause cancer,factual_false,Do Cell Phone Towers Cause Cancer? | American Cancer Society,web,opposing,11,0,7,4,neutral,0,0.0,0,
5G towers cause cancer,factual_false,5G towers everywhere… but do they really cause cancer? Separating ...,web,opposing,1,0,0,1,opposing,0,0.0,0,
5G towers cause cancer,factual_false,"Do cell phone towers cause cancer? I found a dream home, but there is a ...",web,opposing,2,0,1,1,opposing,0,0.0,0,
5G towers cause cancer,factual_false,Does 5G Mobile Network Cause Cancer? Myths and Facts - OncoDaily,web,opposing,16,0,8,8,neutral,0,0.0,0,
5G towers cause cancer,factual_false,I heard that the new 5G technology can cause cancer. Is this true? | Cancer Coun,web,opposing,12,0,4,8,opposing,0,0.0,0,
5G towers cause cancer,factual_false,5G Technology: Why Should We Expect a shift from RF-Induced Brain Cancers to Ski,web,opposing,12,0,10,2,neutral,0,0.0,0,
5G towers cause cancer,factual_false,Can 5G towers cause cancer in humans according to scie...,web,opposing,1,0,0,1,opposing,0,0.0,0,
5G towers cause cancer,factual_false,"5G towers don't cause cancer — WHO, NCI confirm — Lenz",web,opposing,12,0,7,5,neutral,0,0.0,0,
5G towers cause cancer,factual_false,Can 5G towers cause cancer? - Quora,web,opposing,1,0,1,0,neutral,0,0.0,0,
5G towers cause cancer,factual_false,Cell Phones and Cancer Risk Fact Sheet - NCI,web,opposing,14,0,8,6,neutral,0,0.0,0,
AI will replace most jobs,contested,AI boom,encyclopedia,mixed,13,0,13,0,neutral,0,0.0,0,
AI will replace most jobs,contested,Generative AI,encyclopedia,mixed,18,0,18,0,neutral,0,0.0,0,
AI will replace most jobs,contested,AI agent,encyclopedia,mixed,15,0,15,0,neutral,0,0.0,0,
AI will replace most jobs,contested,Artificial intelligence,encyclopedia,mixed,15,0,15,0,neutral,0,0.0,0,
AI will replace most jobs,contested,Artificial general intelligence,encyclopedia,mixed,17,0,17,0,neutral,0,0.0,0,
AI will replace most jobs,contested,Why can’t artificial intelligence replace most typing jobs?,academic,mixed,4,0,3,1,neutral,0,0.0,0,
AI will replace most jobs,contested,The Impact of AI On Jobs,academic,mixed,11,0,11,0,neutral,0,0.0,0,
AI will replace most jobs,contested,Consequences of AI in the workforce: How AI is taking our Jobs,academic,mixed,6,0,6,0,neutral,0,0.0,0,
AI will replace most jobs,contested,AI disruption in chartering in Danish Shipping,academic,mixed,10,0,9,1,neutral,0,0.0,0,
AI will replace most jobs,contested,Unveiling sora open AI’s impact: a review of transformative shifts in marketing ,academic,mixed,13,0,13,0,neutral,0,0.0,0,
AI will replace most jobs,contested,On the use of AI-based tools like ChatGPT to support management research,academic,mixed,13,0,12,1,neutral,0,0.0,0,
AI will replace most jobs,contested,Understanding knowledge hiding under technological turbulence caused by artifici,academic,mixed,10,0,10,0,neutral,0,0.0,0,
AI will replace most jobs,contested,Public understanding of artificial intelligence through entertainment media,academic,mixed,0,0,0,0,none,0,0,0,
AI will replace most jobs,contested,How Generative AI Can Augment Human Creativity,academic,mixed,0,0,0,0,none,0,0,0,
AI will replace most jobs,contested,Artificial intelligence impact on banks clients and employees in an Asian develo,academic,mixed,16,0,15,1,neutral,0,0.0,0,
AI will replace most jobs,contested,AI Will Reshape More Jobs Than It Replaces | BCG,web,mixed,17,0,14,3,neutral,0,0.0,0,
AI will replace most jobs,contested,Enhance or Eliminate? How AI Will Likely Change These Jobs | Working Knowledge,web,mixed,17,0,15,2,neutral,0,0.0,0,
AI will replace most jobs,contested,Will artificial intelligence make human workers obsolete? | Hub,web,mixed,16,0,14,2,neutral,0,0.0,0,
AI will replace most jobs,contested,2035: AI does everything and there are no more jobs,web,mixed,19,0,18,1,neutral,0,0.0,0,
AI will replace most jobs,contested,Will AI replace most tech jobs?,web,mixed,19,0,18,1,neutral,0,0.0,0,
AI will replace most jobs,contested,Will artificial intelligence take all our jobs or will it create more jobs for p,web,mixed,16,0,15,1,neutral,0,0.0,0,
AI will replace most jobs,contested,Sam Altman says AI will replace jobs but humans will find better work,web,mixed,13,0,13,0,neutral,0,0.0,0,
AI will replace most jobs,contested,These 40 Jobs May Be Replaced by AI. These 40 Probably Won't Microsoft study ide,web,mixed,2,0,2,0,neutral,0,0.0,0,
AI will replace most jobs,contested,"Is it true that most jobs in this world will be replaced by AI, if true, what jo",web,mixed,3,0,3,0,neutral,0,0.0,0,
AI will replace most jobs,contested,How Many Roles Will AI Replace by 2026 - The Statistic?,web,mixed,7,0,5,2,neutral,0,0.0,0,
AI will replace most jobs,contested,Jobs,knowledge_graph,mixed,0,0,0,0,none,0,0,0,
China has the world's largest economy,current_event,Economy of China,encyclopedia,mixed,15,0,15,0,neutral,0,0.0,0,
China has the world's largest economy,current_event,List of countries by largest historical GDP,encyclopedia,mixed,13,1,11,1,neutral,0,0.0,0,
China has the world's largest economy,current_event,Vikshit Bharat: A Threat to the Global Order? - India’s Rise to the World’s Four,academic,mixed,5,0,5,0,neutral,0,0.0,0,
China has the world's largest economy,current_event,Toward a new growth pole for the world: Rethinking the strategies for Huaihua In,academic,mixed,10,0,9,1,neutral,0,0.0,0,
China has the world's largest economy,current_event,FROM FACTORY OF THE WORLD TO ECONOMIC SUPERPOWER: CHINA'S INFLUENCE ON THE GLOBA,academic,mixed,13,0,12,1,neutral,0,0.0,0,
China has the world's largest economy,current_event,The role of green finance in supporting the transition to a green economy: China,academic,mixed,8,0,7,1,neutral,0,0.0,0,
China has the world's largest economy,current_event,Reducing the carbon intensity of China’s economy: the role of climate policy and,academic,mixed,9,0,9,0,neutral,0,0.0,0,
China has the world's largest economy,current_event,Does digital finance promote the green innovation of China's listed companies?,academic,mixed,1,0,1,0,neutral,0,0.0,0,
China has the world's largest economy,current_event,"The impact of China's low-carbon transition on economy, society and energy in 20",academic,mixed,1,0,1,0,neutral,0,0.0,0,
China has the world's largest economy,current_event,"Environmental regulation, market forces, and corporate environmental responsibil",academic,mixed,1,0,1,0,neutral,0,0.0,0,
China has the world's largest economy,current_event,GDP by Country (2026) - Worldometer,web,mixed,1,0,1,0,neutral,0,0.0,0,
China has the world's largest economy,current_event,Largest economies worldwide 2026| Statista,web,mixed,15,1,11,3,neutral,0,0.0,0,
China has the world's largest economy,current_event,The 25 Largest Economies in the World - Investopedia,web,mixed,2,0,2,0,neutral,0,0.0,0,
China has the world's largest economy,current_event,Ranked: The World’s 50 Largest Economies by GDP in 2026,web,mixed,1,0,1,0,neutral,0,0.0,0,
China has the world's largest economy,current_event,China: The Biggest Economy - World Economics,web,mixed,1,1,0,0,supporting,0,0.0,0,
China has the world's largest economy,current_event,Top 10 Largest Economies in the World in 2025,web,mixed,14,0,12,2,neutral,0,0.0,0,
China has the world's largest economy,current_event,Largest Economies in the World (2026),web,mixed,19,0,16,3,neutral,0,0.0,0,
China has the world's largest economy,current_event,World GDP Ranking 2026 List,web,mixed,17,0,15,2,neutral,0,0.0,0,
China has the world's largest economy,current_event,World GDP Rankings 2025 | Top 20 countries ranked by GDP,web,mixed,11,0,9,2,neutral,0,0.0,0,
China has the world's largest economy,current_event,People's Republic of China,knowledge_graph,mixed,0,0,0,0,none,0,0,0,
China has the world's largest economy,current_event,China,knowledge_graph,mixed,0,0,0,0,none,0,0,0,
Einstein failed math in school,factual_false,General relativity,encyclopedia,opposing,12,0,10,2,neutral,0,0.0,0,
Einstein failed math in school,factual_false,List of common misconceptions about history,encyclopedia,opposing,10,0,8,2,neutral,0,0.0,0,
Einstein failed math in school,factual_false,Is it true that Albert Einstein failed in mathematics many times during his scho,web,opposing,2,0,0,2,opposing,0,0.0,0,
Einstein failed math in school,factual_false,"Did Einstein Really Fail Math? | Ripley's Believe It or Not! | Aquariums, Attrac",web,opposing,17,0,9,8,neutral,0,0.0,0,
Einstein failed math in school,factual_false,Did Einstein Fail Mathematics? | Physics Van | Illinois,web,opposing,4,0,4,0,neutral,0,0.0,0,
Einstein failed math in school,factual_false,Science myths: did Einstein fail his fourth grade math class? - From experience ,web,opposing,17,0,8,9,opposing,0,0.0,0,
Einstein failed math in school,factual_false,[FREE] Albert Einstein did not fail mathematics classes in school. Contrary to p,web,opposing,2,0,0,2,opposing,0,0.0,0,
Einstein failed math in school,factual_false,Fact or fiction: Did Albert Einstein 'flunk' math?,web,opposing,2,0,1,1,neutral,0,0.0,0,
Einstein failed math in school,factual_false,r/todayilearned on Reddit: TIL that it is a myth that Albert Einstein failed mat,web,opposing,1,0,1,0,neutral,0,0.0,0,
Einstein failed math in school,factual_false,Einstein Was Bad at Math?. A closer look at what really happened | by Muhammad M,web,opposing,1,0,0,1,opposing,0,0.0,0,
LeBron James is the greatest basketball player of all time,opinion,LeBron James,encyclopedia,mixed,12,0,12,0,neutral,0,0.0,0,
LeBron James is the greatest basketball player of all time,opinion,List of career achievements by LeBron James,encyclopedia,mixed,12,1,11,0,neutral,0,0.0,0,
LeBron James is the greatest basketball player of all time,opinion,GOAT (sports culture),encyclopedia,mixed,12,0,12,0,neutral,0,0.0,0,
LeBron James is the greatest basketball player of all time,opinion,50 Greatest Players in NBA History,encyclopedia,mixed,10,0,10,0,neutral,0,0.0,0,
LeBron James is the greatest basketball player of all time,opinion,The 2011 Finals MVP would've been DWade's if LeBron was just average,web,mixed,2,0,2,0,neutral,0,0.0,0,
LeBron James is the greatest basketball player of all time,opinion,Top 5 Strongest NBA Players Ever — In-Game Strength - TikTok,web,mixed,1,0,1,0,neutral,0,0.0,0,
LeBron James is the greatest basketball player of all time,opinion,The Cavaliers Are the Best Landing Spot for LeBron - Sports Illustrated,web,mixed,14,0,14,0,neutral,0,0.0,0,
LeBron James is the greatest basketball player of all time,opinion,LeBron Turned Down $10M at 16 — Why He Said No | TikTok,web,mixed,2,0,2,0,neutral,0,0.0,0,
LeBron James is the greatest basketball player of all time,opinion,Kyrie to LeBron: Smooth Criminal Highlights | TikTok,web,mixed,1,0,1,0,neutral,0,0.0,0,
LeBron James is the greatest basketball player of all time,opinion,That was the greatest Game 7 duel basketball has ever seen ...,web,mixed,1,0,0,1,opposing,0,0.0,0,
LeBron James is the greatest basketball player of all time,opinion,Charles Barkley makes fun of Shaq | ESPN | Facebook,web,mixed,1,0,0,1,opposing,0,0.0,0,
LeBron James is the greatest basketball player of all time,opinion,Jalen Brunson earns Steph Curry comparison from Mike Brown,web,mixed,15,0,15,0,neutral,0,0.0,0,
MSG is dangerous to consume,factual_false,"Fact check: MSG doesn't cause neurological disorders, is safe ...",fact_check,opposing,0,0,0,0,none,0,0,0,
MSG is dangerous to consume,factual_false,Viral online posts claiming MSG is unsafe for consumption omit ...,fact_check,opposing,0,0,0,0,none,0,0,0,
MSG is dangerous to consume,factual_false,Is MSG actually bad for you? : r/Cooking - Reddit,web,opposing,2,0,2,0,neutral,0,0.0,0,
MSG is dangerous to consume,factual_false,"What will the MSG in Chinese food do to me? If I stop eating it, are ... - Quora",web,opposing,2,0,1,1,opposing,0,0.0,0,
MSG is dangerous to consume,factual_false,Should someone actively avoid msg? Is it a myth that is bad ... - JustAnswer,web,opposing,1,0,0,1,opposing,0,0.0,0,
MSG is dangerous to consume,factual_false,MSG (Monosodium Glutamate) Ban in Pakistan - LinkedIn,web,opposing,23,0,22,1,neutral,0,0.0,0,
MSG is dangerous to consume,factual_false,HELP! MSG consumption - Community | BabyCenter,web,opposing,16,0,11,5,neutral,0,0.0,0,
MSG is dangerous to consume,factual_false,MSG is neither terribly dangerous nor perfectly fine,web,opposing,18,0,16,2,neutral,0,0.0,0,
MSG is dangerous to consume,factual_false,MSG – How Dangerous Is It? - CoreLife Healthcare,web,opposing,19,0,18,1,neutral,0,0.0,0,
MSG is dangerous to consume,factual_false,"MSG Is Perfectly Safe to Consume, but We All Spent Several",web,opposing,10,0,8,2,neutral,0,0.0,0,
MSG is dangerous to consume,factual_false,"(MSG), a Potentially Dangerous",web,opposing,1,0,1,0,neutral,0,0.0,0,
MSG is dangerous to consume,factual_false,monosodium L-glutamate,knowledge_graph,opposing,0,0,0,0,none,0,0,0,
antibiotics do not work against viruses,factual_true,Consuming antibiotics cannot treat Covid-19 | Fact Check,fact_check,supporting,0,0,0,0,none,0,0,0,
antibiotics do not work against viruses,factual_true,"No, COVID-19 won’t respond to antibiotics, despite findings from ...",fact_check,supporting,0,0,0,0,none,0,0,0,
antibiotics do not work against viruses,factual_true,Introduction to viruses,encyclopedia,supporting,19,0,19,0,neutral,0,0.0,0,
antibiotics do not work against viruses,factual_true,The overlooked pandemic of antimicrobial resistance,academic,supporting,0,0,0,0,none,0,0,0,
antibiotics do not work against viruses,factual_true,Antibiotics | Johns Hopkins Medicine,web,supporting,1,1,0,0,supporting,0,0.0,0,
antibiotics do not work against viruses,factual_true,"Why antibiotics can’t be used to treat viruses, colds or the flu | Vaccination M",web,supporting,2,1,1,0,neutral,0,0.0,0,
antibiotics do not work against viruses,factual_true,Antibiotics,knowledge_graph,supporting,0,0,0,0,none,0,0,0,
antibiotics do not work against viruses,factual_true,antibiotic,knowledge_graph,supporting,0,0,0,0,none,0,0,0,
antibiotics do not work against viruses,factual_true,Antibiotics & Chemotherapy,knowledge_graph,supporting,0,0,0,0,none,0,0,0,
bats are blind,factual_false,Bat,encyclopedia,opposing,5,0,3,2,neutral,0,0.0,0,
bats are blind,factual_false,Human uses of bats,encyclopedia,opposing,17,0,12,5,neutral,0,0.0,0,
bats are blind,factual_false,The Blind Watchmaker,encyclopedia,opposing,14,0,6,8,opposing,0,0.0,0,
bats are blind,factual_false,Blind Humans Can Develop the Superpower of Bats!,academic,opposing,6,0,1,5,opposing,0,0.0,0,
bats are blind,factual_false,Gait mechanics of a blind echolocating rodent: Implications for the locomotion o,academic,opposing,11,0,3,8,opposing,0,0.0,0,
bats are blind,factual_false,Exploring the Mysteries of Bats: The Modern Approaches Transforming Species Iden,academic,opposing,12,0,3,9,opposing,0,0.0,0,
bats are blind,factual_false,"First records of bats near Multa lakes, Altai (Russia): diet and ectoparasites",academic,opposing,7,0,6,1,neutral,0,0.0,0,
bats are blind,factual_false,Echolocation in soft-furred tree mice,academic,opposing,35,0,2,33,opposing,0,0.0,0,
bats are blind,factual_false,Increased emission intensity can compensate for the presence of noise in human c,academic,opposing,9,0,0,9,opposing,0,0.0,0,
bats are blind,factual_false,Emergence of Maps in the Memories of Blind Navigation Agents,academic,opposing,4,0,1,3,opposing,0,0.0,0,
bats are blind,factual_false,Blind as a Bat? No Such Thing - Bat Conservation International,web,opposing,17,0,0,17,opposing,0,0.0,0,
bats are blind,factual_false,Are bats blind? | U.S. Geological Survey,web,opposing,2,0,1,1,opposing,0,0.0,0,
bats are blind,factual_false,Are Bats Blind?,web,opposing,16,0,2,14,opposing,0,0.0,0,
bats are blind,factual_false,Why are bats blind? | Science Questions with Surprising Answers,web,opposing,12,0,1,11,opposing,0,0.0,0,
bats are blind,factual_false,Are Bats Really Blind? | Live Science,web,opposing,13,0,1,12,opposing,0,0.0,0,
bats are blind,factual_false,"If bats are blind, why do they have eyes? - BBC Science Focus Magazine",web,opposing,6,0,0,6,opposing,0,0.0,0,
bats are blind,factual_false,Myth buster: Bats aren't blind | Forest Preserve District of Will County,web,opposing,19,0,7,12,opposing,0,0.0,0,
bats are blind,factual_false,Are Bats Blind? The Truth About Bat Vision and Sensory Tradeoffs | Lab Manager,web,opposing,16,0,1,15,opposing,0,0.0,0,
bats are blind,factual_false,Just How Blind Are Bats? Color Vision Gene Study Examines Key Sensory Tradeoffs ,web,opposing,2,0,0,2,opposing,0,0.0,0,
bats are blind,factual_false,Bats,knowledge_graph,opposing,0,0,0,0,none,0,0,0,
bats are blind,factual_false,Bats,knowledge_graph,opposing,0,0,0,0,none,0,0,0,
bats are blind,factual_false,blindness,knowledge_graph,opposing,0,0,0,0,none,0,0,0,
bulls are enraged by the color red,factual_false,Red,encyclopedia,opposing,10,0,10,0,neutral,0,0.0,0,
bulls are enraged by the color red,factual_false,Do Bulls Get Angry When They See Red? - ScienceInsights,web,opposing,15,0,12,3,neutral,0,0.0,0,
bulls are enraged by the color red,factual_false,Bulls Can’t See Red. Here’s What Actually Triggers a Charge.,web,opposing,3,0,2,1,neutral,0,0.0,0,
bulls are enraged by the color red,factual_false,Why Do Bulls Charge When they See Red? - Live Science,web,opposing,16,0,15,1,neutral,0,0.0,0,
bulls are enraged by the color red,factual_false,Why Bulls Don’t Actually Like the Color Red - Biology Insights,web,opposing,18,0,15,3,neutral,0,0.0,0,
bulls are enraged by the color red,factual_false,"Do Bulls Hate The Color Red? No, Mastery!",web,opposing,21,0,13,8,neutral,0,0.0,0,
bulls are enraged by the color red,factual_false,Bulls,knowledge_graph,opposing,0,0,0,0,none,0,0,0,
bulls are enraged by the color red,factual_false,Bulls,knowledge_graph,opposing,0,0,0,0,none,0,0,0,
capitalism is better than socialism,opinion,Late capitalism,encyclopedia,mixed,19,0,19,0,neutral,0,0.0,0,
capitalism is better than socialism,opinion,Democratic socialism,encyclopedia,mixed,7,0,7,0,neutral,0,0.0,0,
capitalism is better than socialism,opinion,Socialism,encyclopedia,mixed,12,0,10,2,neutral,0,0.0,0,
capitalism is better than socialism,opinion,Market socialism,encyclopedia,mixed,10,0,10,0,neutral,0,0.0,0,
capitalism is better than socialism,opinion,Authoritarian socialism,encyclopedia,mixed,6,0,6,0,neutral,0,0.0,0,
capitalism is better than socialism,opinion,Would Democratic Socialism Be Better?,academic,mixed,8,0,4,4,opposing,0,0.0,0,
capitalism is better than socialism,opinion,Is a capitalist steady-state economy possible? Is it better in socialism?,academic,mixed,0,0,0,0,none,0,0,0,
capitalism is better than socialism,opinion,Rethinking Development,academic,mixed,9,0,9,0,neutral,0,0.0,0,
capitalism is better than socialism,opinion,"Cows, Moonshine, Pheasants … versus Soybeans",academic,mixed,4,0,3,1,neutral,0,0.0,0,
capitalism is better than socialism,opinion,Global Capitalism and Climate Change: The Need for an Alternative System by Hans,academic,mixed,11,0,9,2,neutral,0,0.0,0,
capitalism is better than socialism,opinion,Left Turn Ahead: Surveying Attitudes of Young People Towards Capitalism and Soci,academic,mixed,1,0,1,0,neutral,0,0.0,0,
capitalism is better than socialism,opinion,Would Democratic Socialism Be Better Than Social Democratic Capitalism?,academic,mixed,6,0,3,3,neutral,0,0.0,0,
capitalism is better than socialism,opinion,Introduction to Neoliberal Social Justice,academic,mixed,5,0,5,0,neutral,0,0.0,0,
capitalism is better than socialism,opinion,Socialism,academic,mixed,8,0,7,1,neutral,0,0.0,0,
capitalism is better than socialism,opinion,Capitalism Vs. Socialism | Hoover Institution Capitalism Vs. Socialism,web,mixed,3,0,3,0,neutral,0,0.0,0,
capitalism is better than socialism,opinion,Capitalism vs. Socialism: Overview. | Political Science | Research Starters | EB,web,mixed,11,0,10,1,neutral,0,0.0,0,
capitalism is better than socialism,opinion,6 ways socialism is superior to capitalism – Liberation School,web,mixed,16,0,11,5,neutral,0,0.0,0,
capitalism is better than socialism,opinion,Socialism vs. Capitalism: One Clear Winner | The Heritage Foundation,web,mixed,4,1,3,0,neutral,0,0.0,0,
capitalism is better than socialism,opinion,What ways is capitalism better than socialism? I cannot think of even one reason,web,mixed,4,0,4,0,neutral,0,0.0,0,
capitalism is better than socialism,opinion,1 Debate Brief | Socialism vs. Capitalism,web,mixed,2,0,1,1,opposing,0,0.0,0,
capitalism is better than socialism,opinion,What is better: socialism or capitalism? - Quora,web,mixed,2,0,2,0,neutral,0,0.0,0,
capitalism is better than socialism,opinion,Why is socialism better than capitalism? : r/Socialism_101,web,mixed,3,0,3,0,neutral,0,0.0,0,
capitalism is better than socialism,opinion,"Capitalism, the Greatest Economic System Ever | YIP Institute",web,mixed,22,0,22,0,neutral,0,0.0,0,
capitalism is better than socialism,opinion,Capitalism vs Socialism: Which System Really Works? - Sprouts - Learning Videos ,web,mixed,13,0,13,0,neutral,0,0.0,0,
capitalism is better than socialism,opinion,Capitalism,knowledge_graph,mixed,0,0,0,0,none,0,0,0,
capitalism is better than socialism,opinion,capitalism,knowledge_graph,mixed,0,0,0,0,none,0,0,0,
capitalism is better than socialism,opinion,Capitalism: A Journal of History and Economics,knowledge_graph,mixed,0,0,0,0,none,0,0,0,
capitalism is better than socialism,opinion,socialism,knowledge_graph,mixed,0,0,0,0,none,0,0,0,
capitalism is better than socialism,opinion,socialist mode of production,knowledge_graph,mixed,0,0,0,0,none,0,0,0,
cats are better pets than dogs,opinion,Pet,encyclopedia,mixed,17,0,16,1,neutral,0,0.0,0,
cats are better pets than dogs,opinion,Dog,encyclopedia,mixed,18,0,15,3,neutral,0,0.0,0,
cats are better pets than dogs,opinion,Human interaction with cats,encyclopedia,mixed,15,0,15,0,neutral,0,0.0,0,
cats are better pets than dogs,opinion,Overpopulation of domestic pets,encyclopedia,mixed,14,0,14,0,neutral,0,0.0,0,
cats are better pets than dogs,opinion,PETS AS THERAPY: THE ROLE OF CATS AND DOGS IN REDUCING STRESS AND BLOOD PRESSURE,academic,mixed,7,0,7,0,neutral,0,0.0,0,
cats are better pets than dogs,opinion,An exploratory mixed methods study on shared decision-making and antibiotic pres,academic,mixed,9,0,9,0,neutral,0,0.0,0,
cats are better pets than dogs,opinion,Grain-Free Diets for Dogs and Cats: An Updated Review Focusing on Nutritional Ef,academic,mixed,4,0,4,0,neutral,0,0.0,0,
cats are better pets than dogs,opinion,Owner survey suggests cats may be undertreated for pain compared to dogs after a,academic,mixed,13,0,12,1,neutral,0,0.0,0,
cats are better pets than dogs,opinion,Cats and dogs: The role of owner attachment and local cultural values in animal ,academic,mixed,12,0,12,0,neutral,0,0.0,0,
cats are better pets than dogs,opinion,"Comparing Pears to Apples: Unlike Dogs, Cats Need Habituation before Lab Tests",academic,mixed,22,0,22,0,neutral,0,0.0,0,
cats are better pets than dogs,opinion,Pet–Human Relationships: Dogs versus Cats,academic,mixed,7,0,6,1,neutral,0,0.0,0,
cats are better pets than dogs,opinion,Monitoring of Diabetes Mellitus Using the Flash Glucose Monitoring System: The O,academic,mixed,9,0,9,0,neutral,0,0.0,0,
cats are better pets than dogs,opinion,Adaptation and psychometric properties of Lexington Attachment to Pets Scale: Br,academic,mixed,1,0,1,0,neutral,0,0.0,0,
cats are better pets than dogs,opinion,Are Dogs Better Than Cats? 10 Reasons Why They Might Be,web,mixed,2,0,1,1,neutral,0,0.0,0,
cats are better pets than dogs,opinion,11 Reasons Why Cats Are Better Pets Than Dogs,web,mixed,4,0,4,0,neutral,0,0.0,0,
cats are better pets than dogs,opinion,Why dogs are better pets than cats - The Brock Press,web,mixed,16,0,12,4,neutral,0,0.0,0,
cats are better pets than dogs,opinion,10 Reasons Why Cats Make Great Pets,web,mixed,17,1,16,0,neutral,0,0.0,0,
cats are better pets than dogs,opinion,"Cats are better than dogs, even science says so | by Amelia Carpenter | Writing ",web,mixed,3,1,2,0,neutral,0,0.0,0,
cats are better pets than dogs,opinion,Article: Why are Dogs Better Than Cats?,web,mixed,23,0,8,15,opposing,0,0.0,0,
cats are better pets than dogs,opinion,Why Are Dogs Better Than Cats|News|Midepet,web,mixed,17,0,2,15,opposing,0,0.0,0,
cats are better pets than dogs,opinion,Cats vs Dogs: Reasons Why Dogs Are Better Than Cats,web,mixed,18,0,14,4,neutral,0,0.0,0,
cats are better pets than dogs,opinion,Dogs vs. Cats: Which Pet Makes Their Humans the Happiest? | Psychology Today,web,mixed,16,0,14,2,neutral,0,0.0,0,
cats are better pets than dogs,opinion,Are Dogs Smarter than Cats? | Britannica,web,mixed,18,0,15,3,neutral,0,0.0,0,
cats are better pets than dogs,opinion,Cats,knowledge_graph,mixed,0,0,0,0,none,0,0,0,
cats are better pets than dogs,opinion,Cats,knowledge_graph,mixed,0,0,0,0,none,0,0,0,
christopher columbus discovered america,factual_false,A 'Columbus Day' Claim Debunked in 1892,fact_check,opposing,0,0,0,0,none,0,0,0,
christopher columbus discovered america,factual_false,Voyages of Christopher Columbus,encyclopedia,opposing,8,0,8,0,neutral,0,0.0,0,
christopher columbus discovered america,factual_false,Christopher Columbus,encyclopedia,opposing,10,0,8,2,neutral,0,0.0,0,
christopher columbus discovered america,factual_false,Christopher Columbus's journal,encyclopedia,opposing,15,0,15,0,neutral,0,0.0,0,
christopher columbus discovered america,factual_false,"Race, Religion and the Medieval Norse Discovery of America",academic,opposing,6,0,4,2,neutral,0,0.0,0,
christopher columbus discovered america,factual_false,The Nature of Latin America and the Colonial Exploration Represented in Diario d,academic,opposing,1,0,1,0,neutral,0,0.0,0,
christopher columbus discovered america,factual_false,A Global Saint for the Modern World? The Transnational Campaign for the Canoniza,academic,opposing,4,0,4,0,neutral,0,0.0,0,
christopher columbus discovered america,factual_false,What did Christopher Columbus once mean to Haiti? Émile Nau’s Histoire des Caciq,academic,opposing,5,0,5,0,neutral,0,0.0,0,
christopher columbus discovered america,factual_false,Top 5 Misconceptions About Columbus | Live Science,web,opposing,17,0,15,2,neutral,0,0.0,0,
christopher columbus discovered america,factual_false,Christopher Columbus Discovered America in 1497,web,opposing,19,0,19,0,neutral,0,0.0,0,
christopher columbus discovered america,factual_false,Christopher Columbus Facts: The Truth Behind His,web,opposing,15,0,10,5,neutral,0,0.0,0,
christopher columbus discovered america,factual_false,When did Christopher Columbus discover America?,web,opposing,6,0,5,1,neutral,0,0.0,0,
climate change is caused by human activity,factual_true,Evidence shows modern climate change is caused by humans | Fact ...,fact_check,supporting,0,0,0,0,none,0,0,0,
climate change is caused by human activity,factual_true,"Fact check: Climate change caused by humans, celestial 'magnetic ...",fact_check,supporting,0,0,0,0,none,0,0,0,
climate change is caused by human activity,factual_true,NASA scientists attribute climate change primarily to human activity,fact_check,supporting,0,0,0,0,none,0,0,0,
climate change is caused by human activity,factual_true,Fact check: Scientific consensus says humans are dominant cause ...,fact_check,supporting,0,0,0,0,none,0,0,0,
climate change is caused by human activity,factual_true,"Fact check: Global warming caused by human activity, not solar ...",fact_check,supporting,0,0,0,0,none,0,0,0,
climate change is caused by human activity,factual_true,2008 quote does not reflect scientific consensus: Humans do cause ...,fact_check,supporting,0,0,0,0,none,0,0,0,
climate change is caused by human activity,factual_true,Causes of climate change,encyclopedia,supporting,17,4,13,0,neutral,0,0.0,0,
climate change is caused by human activity,factual_true,Climate change,encyclopedia,supporting,18,2,16,0,neutral,0,0.0,0,
climate change is caused by human activity,factual_true,Scientific consensus on climate change,encyclopedia,supporting,13,6,7,0,neutral,0,0.0,0,
climate change is caused by human activity,factual_true,Climate variability and change,encyclopedia,supporting,13,3,10,0,neutral,0,0.0,0,
climate change is caused by human activity,factual_true,Effects of climate change on human health,encyclopedia,supporting,18,1,17,0,neutral,0,0.0,0,
climate change is caused by human activity,factual_true,Australia’s Tinderbox Drought: An extreme natural event likely worsened by human,academic,supporting,6,0,6,0,neutral,0,0.0,0,
climate change is caused by human activity,factual_true,"The Role of Greenhouse Gases, Aerosols, and Deforestation in Climate Change: a M",academic,supporting,11,1,10,0,neutral,0,0.0,0,
climate change is caused by human activity,factual_true,Shoreline change due to global climate change and human activity at the Shandong,academic,supporting,12,0,12,0,neutral,0,0.0,0,
climate change is caused by human activity,factual_true,Influences of human activity and climate change on growing-season soil moisture ,academic,supporting,8,0,8,0,neutral,0,0.0,0,
climate change is caused by human activity,factual_true,Human activity and climate change triggered the expansion of rocky desertificati,academic,supporting,1,0,1,0,neutral,0,0.0,0,
climate change is caused by human activity,factual_true,Land Degradation and Development Processes and Their Response to Climate Change ,academic,supporting,7,0,7,0,neutral,0,0.0,0,
climate change is caused by human activity,factual_true,Views of health professionals on climate change and health: a multinational surv,academic,supporting,7,2,5,0,neutral,0,0.0,0,
climate change is caused by human activity,factual_true,Climate change due to increasing concentration of carbon dioxide and its impacts,academic,supporting,16,2,14,0,neutral,0,0.0,0,
climate change is caused by human activity,factual_true,Climate change and the emergence of fungal pathogens,academic,supporting,3,1,2,0,neutral,0,0.0,0,
climate change is caused by human activity,factual_true,Impact of climate change and anthropogenic activities on aquatic ecosystem – A r,academic,supporting,1,0,1,0,neutral,0,0.0,0,
climate change is caused by human activity,factual_true,The Causes of Climate Change,web,supporting,15,3,12,0,neutral,0,0.0,0,
climate change is caused by human activity,factual_true,Causes of Climate Change | US EPA,web,supporting,9,0,9,0,neutral,0,0.0,0,
climate change is caused by human activity,factual_true,What Causes Climate Change? Human and Natural Causes,web,supporting,1,1,0,0,supporting,0,0.0,0,
climate change is caused by human activity,factual_true,How Humans Cause Climate Change | CFR Education,web,supporting,23,4,19,0,neutral,0,0.0,0,
climate change is caused by human activity,factual_true,Are humans causing or contributing to global warming? | NOAA Climate.gov,web,supporting,11,1,10,0,neutral,0,0.0,0,
climate change is caused by human activity,factual_true,9 ways we know humans caused climate change | Environmental Defense Fund,web,supporting,14,4,10,0,neutral,0,0.0,0,
climate change is caused by human activity,factual_true,Climate change caused by human activities is happening and it already has major ,web,supporting,1,1,0,0,supporting,0,0.0,0,
climate change is caused by human activity,factual_true,3. Are human activities causing climate change? | Australian Academy of Science,web,supporting,2,1,1,0,neutral,0,0.0,0,
climate change is caused by human activity,factual_true,1 Excerpt from Climate change caused by human activities is happening,web,supporting,2,0,2,0,neutral,0,0.0,0,
climate change is caused by human activity,factual_true,climate change adaptation,knowledge_graph,supporting,0,0,0,0,none,0,0,0,
climate change is caused by human activity,factual_true,climate change mitigation,knowledge_graph,supporting,0,0,0,0,none,0,0,0,
climate change is caused by human activity,factual_true,human activity,knowledge_graph,supporting,0,0,0,0,none,0,0,0,
climate change is caused by human activity,factual_true,human impact,knowledge_graph,supporting,0,0,0,0,none,0,0,0,
climate change is caused by human activity,factual_true,human aerial activity,knowledge_graph,supporting,0,0,0,0,none,0,0,0,
climate change is real,factual_true,Extensive evidence shows Earth is warming | Fact check,fact_check,supporting,0,0,0,0,none,0,0,0,
climate change is real,factual_true,"Fact check: Global warming caused by human activity, not solar ...",fact_check,supporting,0,0,0,0,none,0,0,0,
climate change is real,factual_true,Fact check: Scientific consensus says humans are dominant cause ...,fact_check,supporting,0,0,0,0,none,0,0,0,
climate change is real,factual_true,'Unequivocal' Evidence that Humans Cause Climate Change ...,fact_check,supporting,0,0,0,0,none,0,0,0,
climate change is real,factual_true,"Trump Wrong on Climate Change, Again",fact_check,supporting,0,0,0,0,none,0,0,0,
climate change is real,factual_true,Climate change denial,encyclopedia,supporting,15,3,12,0,neutral,0,0.0,0,
climate change is real,factual_true,Climate change policy of the United States,encyclopedia,supporting,14,2,12,0,neutral,0,0.0,0,
climate change is real,factual_true,Climate change in Florida,encyclopedia,supporting,17,7,10,0,neutral,0,0.0,0,
climate change is real,factual_true,Psychology of climate change denial,encyclopedia,supporting,11,1,10,0,neutral,0,0.0,0,
climate change is real,factual_true,Climate change feedbacks,encyclopedia,supporting,13,6,7,0,neutral,0,0.0,0,
climate change is real,factual_true,To Those That Say Climate Change Is Not Real,academic,supporting,0,0,0,0,none,0,0,0,
climate change is real,factual_true,Impacts of climate change on global agriculture accounting for adaptation,academic,supporting,9,3,6,0,neutral,0,0.0,0,
climate change is real,factual_true,Artificial Intelligence in Climate Change Mitigation and Adaptation: A Review of,academic,supporting,8,5,3,0,supporting,0,0.0,0,
climate change is real,factual_true,"How climate change intensified storm Boris’ extreme rainfall, revealed by near-r",academic,supporting,8,3,5,0,neutral,0,0.0,0,
climate change is real,factual_true,Real-world time-travel experiment shows ecosystem collapse due to anthropogenic ,academic,supporting,9,4,5,0,neutral,0,0.0,0,
climate change is real,factual_true,Perceptions of Climate Change and the Pricing of Disaster Risk in Commercial Rea,academic,supporting,1,0,1,0,neutral,0,0.0,0,
climate change is real,factual_true,Climate change in Israel,web,supporting,11,6,5,0,supporting,0,0.0,0,
climate change is real,factual_true,Climate change - Wikipedia,web,supporting,2,1,1,0,supporting,0,0.0,0,
climate change is real,factual_true,Is climate change real? Here are 7 solid facts. | Environmental Defense Fund,web,supporting,17,6,11,0,neutral,0,0.0,0,
climate change is real,factual_true,Is Climate Change Real? | Britannica,web,supporting,11,8,3,0,supporting,0,0.0,0,
climate change is real,factual_true,Climate Change - NASA Science,web,supporting,16,6,10,0,neutral,0,0.0,0,
climate change is real,factual_true,Climate change: evidence and causes | Royal Society,web,supporting,14,7,7,0,supporting,0,0.0,0,
climate change is real,factual_true,Trustworthy answers: Is global warming real? | fsc.org,web,supporting,20,10,10,0,supporting,0,0.0,0,
climate change is real,factual_true,Debunking eight common myths about climate change | UNEP,web,supporting,1,1,0,0,supporting,0,0.0,0,
climate change is real,factual_true,Climate change is real. It's happening. And it's time to make it personal. | Liv,web,supporting,17,4,13,0,neutral,0,0.0,0,
climate change is real,factual_true,climate change,knowledge_graph,supporting,0,0,0,0,none,0,0,0,
climate change is real,factual_true,climate change adaptation,knowledge_graph,supporting,0,0,0,0,none,0,0,0,
climate change is real,factual_true,climate change mitigation,knowledge_graph,supporting,0,0,0,0,none,0,0,0,
college education is worth the cost,opinion,Higher education in the United States,encyclopedia,mixed,16,0,16,0,neutral,0,0.0,0,
college education is worth the cost,opinion,"Fort Worth, Texas",encyclopedia,mixed,10,0,10,0,neutral,0,0.0,0,
college education is worth the cost,opinion,Higher education financing issues in the United States,encyclopedia,mixed,16,0,16,0,neutral,0,0.0,0,
college education is worth the cost,opinion,Crimson Education,encyclopedia,mixed,18,0,18,0,neutral,0,0.0,0,
college education is worth the cost,opinion,Researchable Questions in History and Economics of Higher Education,academic,mixed,0,0,0,0,none,0,0,0,
college education is worth the cost,opinion,Aimless And Under Siege: Theorizing Change In American Higher Education,academic,mixed,21,0,21,0,neutral,0,0.0,0,
college education is worth the cost,opinion,The Proper Role of Higher Education in a Democratic Society,academic,mixed,10,0,10,0,neutral,0,0.0,0,
college education is worth the cost,opinion,Rising Colleges Fees: a Reflection of Offerings or Aspirations,academic,mixed,0,0,0,0,none,0,0,0,
college education is worth the cost,opinion,Is the value worth the costs?: Examining the experiences of preservice teachers ,academic,mixed,4,0,4,0,neutral,0,0.0,0,
college education is worth the cost,opinion,Innovative Models of Higher Education Management and Student Training Mechanisms,academic,mixed,9,0,9,0,neutral,0,0.0,0,
college education is worth the cost,opinion,Cost-Benefit Analysis of Cloud Computing in Education Using the Base Cost Estima,academic,mixed,13,0,13,0,neutral,0,0.0,0,
college education is worth the cost,opinion,"Gen Z might be ditching college, but parents think it's worth the cost",web,mixed,1,1,0,0,supporting,0,0.0,0,
college education is worth the cost,opinion,Why Is It Worth The Cost Of College Tuition? - 1197 Words | Bartleby,web,mixed,13,2,10,1,neutral,0,0.0,0,
college education is worth the cost,opinion,College Is Worth The Cost Essay - 638 Words | Studymode,web,mixed,3,2,1,0,supporting,0,0.0,0,
college education is worth the cost,opinion,"Montana News, Weather, Sports, Breaking News",web,mixed,1,1,0,0,supporting,0,0.0,0,
college education is worth the cost,opinion,Solved Data generally show that the lifetime value of a | Chegg.com,web,mixed,11,3,8,0,neutral,0,0.0,0,
college education is worth the cost,opinion,Is Higher Education Worth the Cost? on JSTOR,web,mixed,2,0,2,0,neutral,0,0.0,0,
college education is worth the cost,opinion,"Is earning a college degree worth the time, and the cost?",web,mixed,19,0,19,0,neutral,0,0.0,0,
college education is worth the cost,opinion,Argumentative Essay: Is College Worth The Cost? - 646 Words | Cram,web,mixed,9,0,9,0,neutral,0,0.0,0,
college education is worth the cost,opinion,Is Higher Education Worth the Cost? Is Tuition Increasing?,web,mixed,1,0,1,0,neutral,0,0.0,0,
college education is worth the cost,opinion,higher education,knowledge_graph,mixed,0,0,0,0,none,0,0,0,
college education is worth the cost,opinion,college education in Quebec,knowledge_graph,mixed,0,0,0,0,none,0,0,0,
college education is worth the cost,opinion,higher education in the Bahamas,knowledge_graph,mixed,0,0,0,0,none,0,0,0,
cracking your knuckles causes arthritis,factual_false,Does Cracking Your Knuckles Cause Arthritis?,fact_check,opposing,0,0,0,0,none,0,0,0,
cracking your knuckles causes arthritis,factual_false,"Fact Check: No, Knuckle Cracking Does Not Cause Arthritis ...",fact_check,opposing,0,0,0,0,none,0,0,0,
cracking your knuckles causes arthritis,factual_false,Joint cracking,encyclopedia,opposing,17,0,14,3,neutral,0,0.0,0,
cracking your knuckles causes arthritis,factual_false,Is Joint Cracking Bad for You? Does Joint Cracking (Popping) Cause...,web,opposing,22,0,22,0,neutral,0,0.0,0,
cracking your knuckles causes arthritis,factual_false,Does cracking knuckles cause arthritis? - Harvard HealthDoes Cracking Your Knuck,web,opposing,11,0,9,2,neutral,0,0.0,0,
cracking your knuckles causes arthritis,factual_false,Does Cracking Your Knuckles Actually Cause Arthritis?,web,opposing,17,0,15,2,neutral,0,0.0,0,
cracking your knuckles causes arthritis,factual_false,Does cracking your knuckles cause arthritis? | Arthritis UK,web,opposing,15,0,10,5,neutral,0,0.0,0,
cracking your knuckles causes arthritis,factual_false,Is Cracking Knuckles Bad? A Columbia Rheumatologist Explains ...,web,opposing,14,0,10,4,neutral,0,0.0,0,
cracking your knuckles causes arthritis,factual_false,Does cracking knuckles cause arthritis? | HCA Florida,web,opposing,22,0,17,5,neutral,0,0.0,0,
cracking your knuckles causes arthritis,factual_false,Mythbuster: Cracking Your Knuckles Causes Arthritis,web,opposing,18,0,14,4,neutral,0,0.0,0,
cryptocurrency is a good long-term investment,opinion,Cryptocurrency,encyclopedia,mixed,17,0,16,1,neutral,0,0.0,0,
cryptocurrency is a good long-term investment,opinion,Cryptocurrency bubble,encyclopedia,mixed,15,0,14,1,neutral,0,0.0,0,
cryptocurrency is a good long-term investment,opinion,U.S. Strategic Bitcoin Reserve,encyclopedia,mixed,14,0,14,0,neutral,0,0.0,0,
cryptocurrency is a good long-term investment,opinion,A Combination of Technical Indicators and Deep Learning to Predict Price Trends ,academic,mixed,6,0,6,0,neutral,0,0.0,0,
cryptocurrency is a good long-term investment,opinion,STOCK AND CRYPTOCURRENCY PREDICTION,academic,mixed,12,0,12,0,neutral,0,0.0,0,
cryptocurrency is a good long-term investment,opinion,Women Teachers and Their Long-Term Savings Approach on Cryptocurrency Investment,academic,mixed,1,0,1,0,neutral,0,0.0,0,
cryptocurrency is a good long-term investment,opinion,CRYPTOCURRENCY PRICE PREDICTION: A HYBRID LONG SHORT-TERM MEMORY MODEL WITH GENE,academic,mixed,8,0,7,1,neutral,0,0.0,0,
cryptocurrency is a good long-term investment,opinion,Optimizing Bitcoin Price Predictions Using Long Short-Term Memory Algorithm: A D,academic,mixed,6,0,6,0,neutral,0,0.0,0,
cryptocurrency is a good long-term investment,opinion,Unlocking the ESG value of sustainable investments in cryptocurrency: a bibliome,academic,mixed,8,0,8,0,neutral,0,0.0,0,
cryptocurrency is a good long-term investment,opinion,Whether Cryptocurrency is a threat or a revolution? An analysis from ESG perspec,academic,mixed,8,1,5,2,neutral,0,0.0,0,
cryptocurrency is a good long-term investment,opinion,A Critical Investigation of Cryptocurrency: A Comprehensive Review,academic,mixed,6,1,4,1,neutral,0,0.0,0,
cryptocurrency is a good long-term investment,opinion,Bitcoin Price Prediction,academic,mixed,11,0,10,1,neutral,0,0.0,0,
cryptocurrency is a good long-term investment,opinion,OG-CAT: A Novel Algorithmic Trading Alternative to Investment in Crypto Market,academic,mixed,1,0,1,0,neutral,0,0.0,0,
cryptocurrency is a good long-term investment,opinion,Forecasting Bitcoin Prices Using Deep Learning for Consumer-Centric Industrial A,academic,mixed,9,0,9,0,neutral,0,0.0,0,
cryptocurrency is a good long-term investment,opinion,Cryptocurrency trading: a comprehensive survey,academic,mixed,7,0,7,0,neutral,0,0.0,0,
cryptocurrency is a good long-term investment,opinion,Guest editorial: Non-fungible token (NFT) and alternative finance: digitalizatio,academic,mixed,120,0,120,0,neutral,0,0.0,0,
cryptocurrency is a good long-term investment,opinion,Is crypto truly useful as a long-term hold investment? Personal data…,web,mixed,2,0,1,1,opposing,0,0.0,0,
cryptocurrency is a good long-term investment,opinion,Is it safer to hold crypto long-term or actively trade it for better profits?,web,mixed,1,0,1,0,neutral,0,0.0,0,
cryptocurrency is a good long-term investment,opinion,My Top 5 Cryptocurrency For Long Term Investment - Steemit,web,mixed,11,1,10,0,neutral,0,0.0,0,
cryptocurrency is a good long-term investment,opinion,"Cryptocurrency or real estate, which investment is supreme - Bitcoin Forum",web,mixed,15,0,13,2,neutral,0,0.0,0,
cryptocurrency is a good long-term investment,opinion,Which Cryptocurrency is best for long term investment? - Bitcoin Forum,web,mixed,13,1,11,1,neutral,0,0.0,0,
cryptocurrency is a good long-term investment,opinion,investopedia.com/cryptocurrency-4427699,web,mixed,0,0,0,0,none,0,0,0,
cryptocurrency is a good long-term investment,opinion,"Cryptocurrency Prices, Charts And Market... | CoinMarketCap",web,mixed,18,0,18,0,neutral,0,0.0,0,
cryptocurrency is a good long-term investment,opinion,"Latest LongTerm News, Opinions, & Feed Today | Binance Square",web,mixed,2,0,2,0,neutral,0,0.0,0,
cryptocurrency is a good long-term investment,opinion,Best Long‑Term Investment Options for Millennials in UAE,web,mixed,9,0,9,0,neutral,0,0.0,0,
cryptocurrency is a good long-term investment,opinion,cryptocurrency exchange,knowledge_graph,mixed,0,0,0,0,none,0,0,0,
cryptocurrency is a good long-term investment,opinion,cryptocurrency wallet,knowledge_graph,mixed,0,0,0,0,none,0,0,0,
democracy is the best form of government,opinion,Democracy,encyclopedia,mixed,9,0,9,0,neutral,0,0.0,0,
democracy is the best form of government,opinion,Mixed government,encyclopedia,mixed,14,0,12,2,neutral,0,0.0,0,
democracy is the best form of government,opinion,List of forms of government,encyclopedia,mixed,11,0,11,0,neutral,0,0.0,0,
democracy is the best form of government,opinion,Criticism of democracy,encyclopedia,mixed,9,0,6,3,neutral,0,0.0,0,
democracy is the best form of government,opinion,Types of democracy,encyclopedia,mixed,13,0,13,0,neutral,0,0.0,0,
democracy is the best form of government,opinion,Democracy and Development in Africa: Demystifying Democracy as the Best Form of ,academic,mixed,9,0,6,3,neutral,0,0.0,0,
democracy is the best form of government,opinion,Why Ukrainians Are Rallying Around Democracy,academic,mixed,5,1,4,0,neutral,0,0.0,0,
democracy is the best form of government,opinion,Generational and Ideological Gaps in Democratic Support: Seeds of Deconsolidatio,academic,mixed,4,0,4,0,neutral,0,0.0,0,
democracy is the best form of government,opinion,Democratic Design,academic,mixed,5,0,5,0,neutral,0,0.0,0,
democracy is the best form of government,opinion,"Does crime breed authoritarianism? Crime exposure, democratic decoupling and pol",academic,mixed,8,1,7,0,neutral,0,0.0,0,
democracy is the best form of government,opinion,"Politics, planning, and ruling: the art of taming public participation",academic,mixed,3,0,3,0,neutral,0,0.0,0,
democracy is the best form of government,opinion,Trust made the difference for democracies in COVID-19,academic,mixed,0,0,0,0,none,0,0,0,
democracy is the best form of government,opinion,Defending democracy: Militant and popular models of democratic self‐defense,academic,mixed,28,0,28,0,neutral,0,0.0,0,
democracy is the best form of government,opinion,Why Democracy is the Best We've Got,web,mixed,14,0,14,0,neutral,0,0.0,0,
democracy is the best form of government,opinion,Is Democracy the best form of government? : r/PoliticalPhilosophy,web,mixed,2,0,2,0,neutral,0,0.0,0,
democracy is the best form of government,opinion,Why Democracy Is Best - Tulanian magazine - Tulane University,web,mixed,1,0,1,0,neutral,0,0.0,0,
democracy is the best form of government,opinion,Why is democracy considered the best form of government,web,mixed,1,0,1,0,neutral,0,0.0,0,
democracy is the best form of government,opinion,An American Democracy Built for the People,web,mixed,1,0,1,0,neutral,0,0.0,0,
democracy is the best form of government,opinion,Are we sure democracy is the best form of governance? - Facebook,web,mixed,1,1,0,0,supporting,0,0.0,0,
democracy is the best form of government,opinion,10 Reasons Democracy is the Best Form - Scribd,web,mixed,2,0,2,0,neutral,0,0.0,0,
democracy is the best form of government,opinion,"What Is Democracy, and Why Does Defending It Matter?",web,mixed,15,0,15,0,neutral,0,0.0,0,
democracy is the best form of government,opinion,What Democracy Does . . . And Does Not Do,web,mixed,1,0,1,0,neutral,0,0.0,0,
democracy is the best form of government,opinion,Tackling Democracy: Is It the Best Form of Government? - YouTube,web,mixed,1,0,1,0,neutral,0,0.0,0,
democracy is the best form of government,opinion,democracy,knowledge_graph,mixed,0,0,0,0,none,0,0,0,
democracy is the best form of government,opinion,Democracy,knowledge_graph,mixed,0,0,0,0,none,0,0,0,
democracy is the best form of government,opinion,government,knowledge_graph,mixed,0,0,0,0,none,0,0,0,
dogs can only see in black and white,factual_false,Black dog (folklore),encyclopedia,opposing,14,0,10,4,neutral,0,0.0,0,
dogs can only see in black and white,factual_false,Canine terminology,encyclopedia,opposing,19,0,3,16,opposing,0,0.0,0,
dogs can only see in black and white,factual_false,Do dogs see only in black and white? - Pedigree,web,opposing,1,0,0,1,opposing,0,0.0,0,
dogs can only see in black and white,factual_false,Do Dogs See in Black and White? - Patton Veterinary Hospital,web,opposing,14,0,7,7,opposing,0,0.0,0,
dogs can only see in black and white,factual_false,ELI5: How are we sure that dogs only see in black and white colors?,web,opposing,1,0,1,0,neutral,0,0.0,0,
dogs can only see in black and white,factual_false,Can animals see colour? - AdelaideVet,web,opposing,19,0,12,7,neutral,0,0.0,0,
dogs can only see in black and white,factual_false,Can Dogs See Color? Here's What Veterinarians Say - Chewy,web,opposing,16,0,3,13,opposing,0,0.0,0,
dogs can only see in black and white,factual_false,How Dogs See the World - NOT in Black and White - YouTube,web,opposing,1,0,0,1,opposing,0,0.0,0,
dogs can only see in black and white,factual_false,Dogs and cats see only in black and white. Answer: False,web,opposing,5,0,2,3,opposing,0,0.0,0,
dogs can only see in black and white,factual_false,Do all animals see in black and white or is it just dogs (or is ... - Quora,web,opposing,1,0,0,1,opposing,0,0.0,0,
dogs can only see in black and white,factual_false,dog,knowledge_graph,opposing,0,0,0,0,none,0,0,0,
dogs can only see in black and white,factual_false,black,knowledge_graph,opposing,0,0,0,0,none,0,0,0,
drinking bleach cures diseases,factual_false,Bleach,encyclopedia,opposing,13,0,11,2,neutral,0,0.0,0,
drinking bleach cures diseases,factual_false,Miracle Mineral Supplement,encyclopedia,opposing,12,0,7,5,neutral,0,0.0,0,
drinking bleach cures diseases,factual_false,Tooth whitening,encyclopedia,opposing,17,0,7,10,opposing,0,0.0,0,
drinking bleach cures diseases,factual_false,Controversial Church Believes Drinking Bleach Cures All Diseases,web,opposing,20,0,12,8,neutral,0,0.0,0,
drinking bleach cures diseases,factual_false,Drinking Bleach Is No Cure for Coronavirus and Poses Serious,web,opposing,16,0,7,9,opposing,0,0.0,0,
drinking bleach cures diseases,factual_false,YouTube cracks down on videos that promote drinking bleach as,web,opposing,13,0,7,6,neutral,0,0.0,0,
drinking bleach cures diseases,factual_false,People are still drinking bleach—and vomiting and pooping,web,opposing,13,0,5,8,opposing,0,0.0,0,
drinking bleach cures diseases,factual_false,What If You Drink Bleach? | HowStuffWorks,web,opposing,2,0,1,1,neutral,0,0.0,0,
drinking bleach cures diseases,factual_false,fortune.com/well/2023/02/02/drinking-bleach-can-be-deadly-but-many-americans-are,web,opposing,15,0,10,5,neutral,0,0.0,0,
drinking bleach cures diseases,factual_false,Conspiracy Theorists Say a Dangerous Bleach Solution Can,web,opposing,15,0,6,9,opposing,0,0.0,0,
drinking bleach cures diseases,factual_false,How drinking bleach became a dangerous wellness trend,web,opposing,1,0,0,1,opposing,0,0.0,0,
drinking bleach cures diseases,factual_false,"Alan Keyes Wants YOU To Drink Bleach (Do Not Do That, You Will",web,opposing,14,0,8,6,neutral,0,0.0,0,
drinking bleach cures diseases,factual_false,FDA Warns of “Cure-All” Products That Actually Contain,web,opposing,11,0,6,5,neutral,0,0.0,0,
eating carrots improves your eyesight,factual_false,Does Eating Carrots Improve Your Vision?,fact_check,opposing,0,0,0,0,none,0,0,0,
eating carrots improves your eyesight,factual_false,Carrots Alone Won't Improve Eyesight,fact_check,opposing,0,0,0,0,none,0,0,0,
eating carrots improves your eyesight,factual_false,"Exploring the knowledge, attitudes, and practice towards child eye health: A qua",academic,opposing,10,0,10,0,neutral,0,0.0,0,
eating carrots improves your eyesight,factual_false,Unveiling the Spectrum of Ophthalmic Manifestations in Nutritional Deficiencies:,academic,opposing,7,0,7,0,neutral,0,0.0,0,
eating carrots improves your eyesight,factual_false,Myth or Fact: Eating Carrots Improves Eyesight - Duke Health,web,opposing,15,0,15,0,neutral,0,0.0,0,
eating carrots improves your eyesight,factual_false,Do Carrots Actually Improve Eyesight? - Gailey Eye Clinic,web,opposing,13,0,10,3,neutral,0,0.0,0,
eating carrots improves your eyesight,factual_false,Do Carrots Actually Improve Vision? | Resource - Milan Eye Center,web,opposing,2,0,1,1,opposing,0,0.0,0,
evolution is real,factual_true,Evolution,encyclopedia,supporting,11,1,10,0,neutral,0,0.0,0,
evolution is real,factual_true,Evolutionism (Religion),web,supporting,9,1,8,0,neutral,0,0.0,0,
evolution is real,factual_true,3 Creationist Deceptions That Made Me Realize Evolution... - YouTube,web,supporting,1,0,1,0,neutral,0,0.0,0,
evolution is real,factual_true,Human evolution is still happening – possibly faster than ever,web,supporting,17,15,2,0,supporting,0,0.0,0,
evolution is real,factual_true,Scientists Have Observed Evidence of Evolution in Real Time,web,supporting,1,0,1,0,neutral,0,0.0,0,
evolution is real,factual_true,"88 | Neil Shubin on Evolution, Genes, and Dramatic Transitions...",web,supporting,14,2,12,0,neutral,0,0.0,0,
evolution is real,factual_true,evolution.berkeley.edu/evolution-101,web,supporting,7,3,4,0,neutral,0,0.0,0,
evolution is real,factual_true,Creation and Its Critics | The Institute for Creation Research,web,supporting,17,0,17,0,neutral,0,0.0,0,
evolution is real,factual_true,"Beauty & the Beast — Conceptions of Nature, Goodness... | Medium",web,supporting,1,0,1,0,neutral,0,0.0,0,
evolution is real,factual_true,Evolution,knowledge_graph,supporting,0,0,0,0,none,0,0,0,
evolution is real,factual_true,evolution,knowledge_graph,supporting,0,0,0,0,none,0,0,0,
goldfish have a 3 second memory,factual_false,Do goldfish really have a 3-second memory? | Live Science,web,opposing,18,0,13,5,neutral,0,0.0,0,
goldfish have a 3 second memory,factual_false,"Goldfish Don't Have a 3-Second Memory, Here’s What You",web,opposing,16,0,16,0,neutral,0,0.0,0,
goldfish have a 3 second memory,factual_false,Do goldfish really only have a 3 second memory? | Discover,web,opposing,7,0,6,1,neutral,0,0.0,0,
goldfish have a 3 second memory,factual_false,Do Goldfish Have a Three Second Memory? - The Fact Site,web,opposing,14,0,13,1,neutral,0,0.0,0,
goldfish have a 3 second memory,factual_false,Do Goldfish Really Have A 3-Second Memory? » ScienceABC,web,opposing,19,0,17,2,neutral,0,0.0,0,
goldfish have a 3 second memory,factual_false,Why goldfish having a three-second memory is a myth… –,web,opposing,2,0,0,2,opposing,0,0.0,0,
goldfish have a 3 second memory,factual_false,Do Goldfish Really Have A 3-Second Memory? Debunking This,web,opposing,18,0,15,3,neutral,0,0.0,0,
goldfish have a 3 second memory,factual_false,Goldfish Do Not Have a Three Second Memory,web,opposing,15,0,13,2,neutral,0,0.0,0,
goldfish have a 3 second memory,factual_false,goldfish,knowledge_graph,opposing,0,0,0,0,none,0,0,0,
goldfish have a 3 second memory,factual_false,Goldfish,knowledge_graph,opposing,0,0,0,0,none,0,0,0,
goldfish have a 3 second memory,factual_false,Goldfish,knowledge_graph,opposing,0,0,0,0,none,0,0,0,
goldfish have a three second memory,factual_false,Goodbye Mr. Fish,encyclopedia,opposing,16,0,15,1,neutral,0,0.0,0,
goldfish have a three second memory,factual_false,Do Goldfish Really Have A 3-Second Memory? » ScienceABC,web,opposing,19,0,17,2,neutral,0,0.0,0,
goldfish have a three second memory,factual_false,Do goldfish really have a 3-second memory? - Live Science,web,opposing,19,0,15,4,neutral,0,0.0,0,
goldfish have a three second memory,factual_false,Do goldfish really only have a 3 second memory? | Discover ...,web,opposing,7,0,6,1,neutral,0,0.0,0,
goldfish have a three second memory,factual_false,"Goldfish Have a Three-Second Memory, Right? Scientists Say ...",web,opposing,19,0,18,1,neutral,0,0.0,0,
goldfish have a three second memory,factual_false,How Long Is a Goldfish’s Memory Span? - ScienceInsights,web,opposing,19,0,18,1,neutral,0,0.0,0,
goldfish have a three second memory,factual_false,Debunking the Myth: Do Goldfish Have a Three-Second Memory?,web,opposing,1,0,0,1,opposing,0,0.0,0,
goldfish have a three second memory,factual_false,Curious Question: Do goldfish really have a three-second memory?,web,opposing,15,0,15,0,neutral,0,0.0,0,
goldfish have a three second memory,factual_false,Goldfish three-second memory myth busted - ABC News,web,opposing,18,0,18,0,neutral,0,0.0,0,
goldfish have a three second memory,factual_false,goldfish,knowledge_graph,opposing,0,0,0,0,none,0,0,0,
goldfish have a three second memory,factual_false,Goldfish,knowledge_graph,opposing,0,0,0,0,none,0,0,0,
goldfish have a three second memory,factual_false,Goldfish,knowledge_graph,opposing,0,0,0,0,none,0,0,0,
honey never expires,factual_true,"If they say pure honey can last forever, why is there an expiration ...",web,supporting,1,1,0,0,supporting,0,0.0,0,
humans only use 10 percent of their brain,factual_false,Do We Only Use 10% of our Brains?,fact_check,opposing,0,0,0,0,none,0,0,0,
humans only use 10 percent of their brain,factual_false,Ten-percent-of-the-brain myth,encyclopedia,opposing,12,0,11,1,neutral,0,0.0,0,
humans only use 10 percent of their brain,factual_false,Brain–body mass ratio,encyclopedia,opposing,16,0,16,0,neutral,0,0.0,0,
humans only use 10 percent of their brain,factual_false,The Myth of the One Percent,encyclopedia,opposing,14,0,13,1,neutral,0,0.0,0,
humans only use 10 percent of their brain,factual_false,Beyond the Myth That We Use Only 10 Percent of Our Brains | Psychology Today,web,opposing,18,0,11,7,neutral,0,0.0,0,
humans only use 10 percent of their brain,factual_false,How much of our brain do we actually use? Brain facts and myths,web,opposing,21,0,18,3,neutral,0,0.0,0,
humans only use 10 percent of their brain,factual_false,"No, we don’t use only 10% of our brains!",web,opposing,16,0,14,2,neutral,0,0.0,0,
humans only use 10 percent of their brain,factual_false,We only use 10% of our brains | Centre for Educational Neuroscience,web,opposing,2,0,1,1,neutral,0,0.0,0,
humans only use 10 percent of their brain,factual_false,Myth: We Only Use 10% of Our Brains,web,opposing,2,0,1,1,opposing,0,0.0,0,
humans share about 98% of DNA with chimpanzees,factual_true,Human evolution,encyclopedia,supporting,16,0,16,0,neutral,0,0.0,0,
humans share about 98% of DNA with chimpanzees,factual_true,Human evolutionary genetics,encyclopedia,supporting,14,0,14,0,neutral,0,0.0,0,
humans share about 98% of DNA with chimpanzees,factual_true,Timeline of human evolution,encyclopedia,supporting,14,0,14,0,neutral,0,0.0,0,
humans share about 98% of DNA with chimpanzees,factual_true,"The structure, function and evolution of a complete human chromosome 8",academic,supporting,7,0,7,0,neutral,0,0.0,0,
humans share about 98% of DNA with chimpanzees,factual_true,"Nuclear-embedded mitochondrial DNA sequences in 66,083 human genomes",academic,supporting,9,0,9,0,neutral,0,0.0,0,
humans share about 98% of DNA with chimpanzees,factual_true,It’s often said that humans and chimps share 99% of their DNA ...,web,supporting,2,1,1,0,supporting,0,0.0,0,
humans share about 98% of DNA with chimpanzees,factual_true,"Humans and Chimps: 98% Identical, But a World Apart",web,supporting,17,2,15,0,neutral,0,0.0,0,
humans share about 98% of DNA with chimpanzees,factual_true,Chimpanzee and Human DNA: Why Are We So Different?,web,supporting,17,1,16,0,neutral,0,0.0,0,
humans share about 98% of DNA with chimpanzees,factual_true,Why do we say that human beings share 98% of our DNA with chimpanzees but an ind,web,supporting,3,0,3,0,neutral,0,0.0,0,
humans share about 98% of DNA with chimpanzees,factual_true,"Chimpanzees and humans share 98.8% of their DNA — and just like people, ‘chimps ",web,supporting,2,1,1,0,supporting,0,0.0,0,
humans share about 98% of DNA with chimpanzees,factual_true,"Humans and chimps have 95 percent DNA compatibility, not 98.5 percent, research ",web,supporting,15,1,14,0,neutral,0,0.0,0,
immigration is good for the economy,contested,Economic impact of immigration to Canada,encyclopedia,mixed,13,0,11,2,neutral,0,0.0,0,
immigration is good for the economy,contested,Immigration to China,encyclopedia,mixed,17,0,17,0,neutral,0,0.0,0,
immigration is good for the economy,contested,History of immigration to the United States,encyclopedia,mixed,9,0,9,0,neutral,0,0.0,0,
immigration is good for the economy,contested,Opposition to immigration,encyclopedia,mixed,12,0,11,1,neutral,0,0.0,0,
immigration is good for the economy,contested,Is tightening immigration policy good for workers in the receiving economy?,academic,mixed,1,0,1,0,neutral,0,0.0,0,
immigration is good for the economy,contested,U.S. Residents’ Current Attitudes toward Immigrants and Immigration,academic,mixed,8,1,7,0,neutral,0,0.0,0,
immigration is good for the economy,contested,"Immigration is good for the U.S. economy, but reforms are",web,mixed,1,0,1,0,neutral,0,0.0,0,
immigration is good for the economy,contested,Immigration Is Good for the U.S. Economy,web,mixed,16,1,15,0,neutral,0,0.0,0,
immigration is good for the economy,contested,Why a Modern Immigration Policy is Good for Economy and the,web,mixed,1,1,0,0,supporting,0,0.0,0,
immigration is good for the economy,contested,"Is ""immigration"" good for the economy? - Aporia",web,mixed,3,0,3,0,neutral,0,0.0,0,
immigration is good for the economy,contested,"Comments - Is ""immigration"" good for the economy?",web,mixed,3,0,3,0,neutral,0,0.0,0,
immigration is good for the economy,contested,Why Immigration is Good for the Economy — GripRoom,web,mixed,17,8,9,0,neutral,0,0.0,0,
immigration is good for the economy,contested,Laura Collins says immigration is good for the economy —,web,mixed,15,0,13,2,neutral,0,0.0,0,
immigration is good for the economy,contested,Immigration Reform | PolicyEd,web,mixed,1,1,0,0,supporting,0,0.0,0,
immigration is good for the economy,contested,theadvocates.org/immigration-good-economy,web,mixed,13,2,11,0,neutral,0,0.0,0,
immigration is good for the economy,contested,immigration,knowledge_graph,mixed,0,0,0,0,none,0,0,0,
immigration is good for the economy,contested,immigration to the United States,knowledge_graph,mixed,0,0,0,0,none,0,0,0,
inflation in the United States is under control,current_event,Joe Biden is mostly right that the US inflation rate is the lowest ...,fact_check,mixed,0,0,0,0,none,0,0,0,
inflation in the United States is under control,current_event,2021–2023 inflation surge,encyclopedia,mixed,13,0,11,2,neutral,0,0.0,0,
inflation in the United States is under control,current_event,Inflation,encyclopedia,mixed,14,0,14,0,neutral,0,0.0,0,
inflation in the United States is under control,current_event,"'Out of control': Inflation surges to highest point in 3 years, driven by ...",web,mixed,1,0,1,0,neutral,0,0.0,0,
inflation in the United States is under control,current_event,United States Inflation Rate - Trading Economics,web,mixed,14,0,13,1,neutral,0,0.0,0,
inflation in the United States is under control,current_event,Current U.S. Inflation Rate Is 3.8%: Chart and Why It Matters,web,mixed,15,0,15,0,neutral,0,0.0,0,
inflation in the United States is under control,current_event,Current US Inflation Rate at 3.8%: Latest CPI Report - Forbes,web,mixed,1,0,1,0,neutral,0,0.0,0,
inflation in the United States is under control,current_event,"American Workers Win Big as Inflation Remains Low, Wages Surge",web,mixed,12,2,10,0,neutral,0,0.0,0,
inflation in the United States is under control,current_event,"If central banks failed to control inflation, what comes next? - YouTube",web,mixed,1,0,1,0,neutral,0,0.0,0,
inflation in the United States is under control,current_event,Inflation in the U.S. Economy: Causes and Policy Options,web,mixed,1,0,1,0,neutral,0,0.0,0,
inflation in the United States is under control,current_event,When is the US government going to get inflation under control?,web,mixed,1,0,1,0,neutral,0,0.0,0,
inflation in the United States is under control,current_event,CNN - Facebook,web,mixed,1,0,0,1,opposing,0,0.0,0,
inflation in the United States is under control,current_event,CPI Home : U.S. Bureau of Labor Statistics,web,mixed,6,0,6,0,neutral,0,0.0,0,
inflation in the United States is under control,current_event,inflation,knowledge_graph,mixed,0,0,0,0,none,0,0,0,
inflation in the United States is under control,current_event,inflation,knowledge_graph,mixed,0,0,0,0,none,0,0,0,
inflation in the United States is under control,current_event,Inflation,knowledge_graph,mixed,0,0,0,0,none,0,0,0,
lemmings commit mass suicide,factual_false,True lemming,encyclopedia,opposing,13,0,9,4,neutral,0,0.0,0,
lemmings commit mass suicide,factual_false,Do Lemmings Really Commit Mass Suicide? - Strange Writer,web,opposing,19,0,12,7,neutral,0,0.0,0,
lemmings commit mass suicide,factual_false,WTF Fun Fact 12821 - Lemmings Don't Commit Mass Suicide,web,opposing,1,0,1,0,neutral,0,0.0,0,
lemmings commit mass suicide,factual_false,It’s widely believed that lemmings commit mass suicide by,web,opposing,4,0,2,2,neutral,0,0.0,0,
lightning never strikes the same place twice,factual_false,Lightning,encyclopedia,opposing,16,0,13,3,neutral,0,0.0,0,
lightning never strikes the same place twice,factual_false,Lightning Never Strikes in One Place Twice? Not for My Patient With Both HPS and,academic,opposing,0,0,0,0,none,0,0,0,
lightning never strikes the same place twice,factual_false,A shocking injury: A clinical review of lightning injuries highlighting pitfalls,academic,opposing,14,0,9,5,neutral,0,0.0,0,
lightning never strikes the same place twice,factual_false,r/shittyaskscience on Reddit: If lightning never strikes in the same place twice,web,opposing,2,0,0,2,opposing,0,0.0,0,
lightning never strikes the same place twice,factual_false,Lightning Often Strikes Twice | NASA Spinoff,web,opposing,19,0,13,6,neutral,0,0.0,0,
lightning never strikes the same place twice,factual_false,Lightning Myths,web,opposing,18,0,9,9,neutral,0,0.0,0,
lightning never strikes the same place twice,factual_false,Why 'Lightning Never Strikes The Same Place Twice' Is An Imperfect Idiom | Weath,web,opposing,2,0,2,0,neutral,0,0.0,0,
lightning never strikes the same place twice,factual_false,Lightning safety: 10 myths—and the facts | III,web,opposing,1,0,0,1,opposing,0,0.0,0,
lightning never strikes the same place twice,factual_false,lightning never strikes twice in the same place,knowledge_graph,opposing,0,0,0,0,none,0,0,0,
lightning never strikes the same place twice,factual_false,Lightning never strikes in the same place twice - except at Crawcwellt,knowledge_graph,opposing,0,0,0,0,none,0,0,0,
nuclear energy is safe,contested,Nuclear power,encyclopedia,mixed,15,1,11,3,neutral,0,0.0,0,
nuclear energy is safe,contested,Pro-nuclear energy movement,encyclopedia,mixed,8,0,8,0,neutral,0,0.0,0,
nuclear energy is safe,contested,Nuclear Energy Agency,encyclopedia,mixed,13,0,13,0,neutral,0,0.0,0,
nuclear energy is safe,contested,National Nuclear Security Administration,encyclopedia,mixed,15,0,14,1,neutral,0,0.0,0,
nuclear energy is safe,contested,Nuclear power in the United States,encyclopedia,mixed,13,0,11,2,neutral,0,0.0,0,
nuclear energy is safe,contested,Stellarator–mirror fusion–fission hybrid – a fast route to clean and safe nuclea,academic,mixed,12,0,11,1,neutral,0,0.0,0,
nuclear energy is safe,contested,Soft Self-Templating Approach-Derived Covalent Triazine Framework with Bimodal N,academic,mixed,1,1,0,0,supporting,0,0.0,0,
nuclear energy is safe,contested,Nuclear Energy As a Reliable And Safe Source of Power Nuclear Energy As a Reliab,academic,mixed,1,1,0,0,supporting,0,0.0,0,
nuclear energy is safe,contested,"NUCLEAR ENERGY - CHALLENGES, OPPORTUNITIES AND RISKS",academic,mixed,2,0,2,0,neutral,0,0.0,0,
nuclear energy is safe,contested,The Inextricable Relationship Between Nuclear Energy and the Bomb,academic,mixed,2,0,1,1,opposing,0,0.0,0,
nuclear energy is safe,contested,Towards a zero-carbon nuclear energy future: a review,academic,mixed,9,1,8,0,neutral,0,0.0,0,
nuclear energy is safe,contested,Nuclear energy: A pathway towards mitigation of global warming,academic,mixed,0,0,0,0,none,0,0,0,
nuclear energy is safe,contested,Development and outlook of advanced nuclear energy technology,academic,mixed,5,1,4,0,neutral,0,0.0,0,
nuclear energy is safe,contested,Nuclear energy in Israel,web,mixed,2,0,2,0,neutral,0,0.0,0,
nuclear energy is safe,contested,3 Reasons Why Nuclear Energy Is Terrible! 2/3 - YouTube,web,mixed,1,0,1,0,neutral,0,0.0,0,
nuclear energy is safe,contested,What is Nuclear Energy? The Science of Nuclear Power,web,mixed,2,0,2,0,neutral,0,0.0,0,
nuclear energy is safe,contested,Nuclear Power. In this feature essay I am going to be | Medium,web,mixed,2,0,2,0,neutral,0,0.0,0,
nuclear energy is safe,contested,How do Britons feel about nuclear energy?,web,mixed,8,0,7,1,neutral,0,0.0,0,
nuclear energy is safe,contested,Yes or No to Nuclear Energy? - International Relations BINUS...,web,mixed,16,1,13,2,neutral,0,0.0,0,
nuclear energy is safe,contested,Fear Of Nuclear Science - Free Essay Example - Edubirdie,web,mixed,19,2,17,0,neutral,0,0.0,0,
nuclear energy is safe,contested,Option of nuclear energy cannot be ignored by... | eKathimerini.com,web,mixed,2,0,2,0,neutral,0,0.0,0,
nuclear energy is safe,contested,Will Nuclear Energy be in Your Building’s Future? - Mile High CRE,web,mixed,18,2,16,0,neutral,0,0.0,0,
nuclear energy is safe,contested,Is nuclear energy safe to invest in? This is a question we get a lot...,web,mixed,5,0,5,0,neutral,0,0.0,0,
nuclear energy is safe,contested,Nuclear Energy,knowledge_graph,mixed,0,0,0,0,none,0,0,0,
octopuses have three hearts,factual_true,Cephalopod,encyclopedia,supporting,12,0,12,0,neutral,0,0.0,0,
octopuses have three hearts,factual_true,Octopus,encyclopedia,supporting,16,0,16,0,neutral,0,0.0,0,
octopuses have three hearts,factual_true,Why octopuses have three hearts: when three are better than ...,web,supporting,6,2,4,0,neutral,0,0.0,0,
octopuses have three hearts,factual_true,Octopuses keep surprising us – here are eight examples how,web,supporting,16,1,15,0,neutral,0,0.0,0,
octopuses have three hearts,factual_true,Octopuses Have Three Hearts and Nine Brains—Here’s Why,web,supporting,18,3,15,0,neutral,0,0.0,0,
octopuses have three hearts,factual_true,Octopuses have three hearts. | msamba,web,supporting,2,0,2,0,neutral,0,0.0,0,
octopuses have three hearts,factual_true,Three hearts have an octopus,web,supporting,2,2,0,0,supporting,0,0.0,0,
octopuses have three hearts,factual_true,Octopoda,knowledge_graph,supporting,0,0,0,0,none,0,0,0,
octopuses have three hearts,factual_true,Octopuses,knowledge_graph,supporting,0,0,0,0,none,0,0,0,
octopuses have three hearts,factual_true,Three Hearts,knowledge_graph,supporting,0,0,0,0,none,0,0,0,
octopuses have three hearts,factual_true,The Three Hearts,knowledge_graph,supporting,0,0,0,0,none,0,0,0,
organic food is healthier than conventional food,contested,Organic food,encyclopedia,mixed,14,0,14,0,neutral,0,0.0,0,
organic food is healthier than conventional food,contested,Food system,encyclopedia,mixed,14,0,14,0,neutral,0,0.0,0,
organic food is healthier than conventional food,contested,Organic farming,encyclopedia,mixed,16,0,15,1,neutral,0,0.0,0,
organic food is healthier than conventional food,contested,Ultra-processed food,encyclopedia,mixed,12,0,12,0,neutral,0,0.0,0,
organic food is healthier than conventional food,contested,Fruit quality in organic and conventional farming: advantages and limitations.,academic,mixed,4,0,4,0,neutral,0,0.0,0,
organic food is healthier than conventional food,contested,Organic food labels bias food healthiness perceptions: Estimating healthiness eq,academic,mixed,1,0,1,0,neutral,0,0.0,0,
organic food is healthier than conventional food,contested,Potential Health Benefits of a Diet Rich in Organic Fruit and Vegetables versus ,academic,mixed,10,0,10,0,neutral,0,0.0,0,
organic food is healthier than conventional food,contested,Key Findings of the French BioNutriNet Project on Organic Food-Based Diets: Desc,academic,mixed,10,1,9,0,neutral,0,0.0,0,
organic food is healthier than conventional food,contested,Antibiotic Alternatives to Produce Organic Poultry Meat as a Safe Food Source an,academic,mixed,11,0,11,0,neutral,0,0.0,0,
organic food is healthier than conventional food,contested,A Review of Organic Waste Treatment Using Black Soldier Fly (Hermetia illucens),academic,mixed,9,0,9,0,neutral,0,0.0,0,
organic food is healthier than conventional food,contested,Customer Preferences for Organic Agriculture Produce in the Czech Republic: 2016,academic,mixed,9,0,9,0,neutral,0,0.0,0,
organic food is healthier than conventional food,contested,Europe’s Farm to Fork Strategy and Its Commitment to Biotechnology and Organic F,academic,mixed,103,0,103,0,neutral,0,0.0,0,
organic food is healthier than conventional food,contested,"Lipid characteristics, bioactive properties, and mineral content in hazelnut gro",academic,mixed,9,0,9,0,neutral,0,0.0,0,
organic food is healthier than conventional food,contested,Organic foods: Are they safer? More nutritious? - Mayo Clinic,web,mixed,20,0,20,0,neutral,0,0.0,0,
organic food is healthier than conventional food,contested,Organic food no more nutritious than conventionally grown food - Harvard Health,web,mixed,20,0,19,1,neutral,0,0.0,0,
organic food is healthier than conventional food,contested,Is Organic Food Really Better for You?,web,mixed,1,0,0,1,opposing,0,0.0,0,
organic food is healthier than conventional food,contested,Are organic foods really healthier? Two pediatricians break it down | Good Food ,web,mixed,18,0,17,1,neutral,0,0.0,0,
organic food is healthier than conventional food,contested,Is Organic Food Healthier Than Non-Organic Food? | Bayer Canada | Bayer Canada,web,mixed,17,0,14,3,neutral,0,0.0,0,
organic food is healthier than conventional food,contested,Is Organic Food Healthier Than Conventional? — Your Latina Nutrition,web,mixed,15,0,14,1,neutral,0,0.0,0,
organic food is healthier than conventional food,contested,Are organic foods healthier than conventional foods? - Genetic Literacy Project,web,mixed,2,0,1,1,neutral,0,0.0,0,
organic food is healthier than conventional food,contested,Are organics more nutritious than conventional foods? A comprehensive systematic,web,mixed,2,0,2,0,neutral,0,0.0,0,
organic food is healthier than conventional food,contested,Is Organic Food Better? - US News Health,web,mixed,15,0,15,0,neutral,0,0.0,0,
organic food is healthier than conventional food,contested,Is Organic Food Really Better For You? | Catholic Health Long Island,web,mixed,1,0,1,0,neutral,0,0.0,0,
organic food is healthier than conventional food,contested,organic food processing,knowledge_graph,mixed,0,0,0,0,none,0,0,0,
organic food is healthier than conventional food,contested,"Conventional foods, followed by dietary supplements and fortified foods, are the",knowledge_graph,mixed,0,0,0,0,none,0,0,0,
organic food is healthier than conventional food,contested,Conventional Food Plot Management in an Organic Coffee Cooperative: Explaining t,knowledge_graph,mixed,0,0,0,0,none,0,0,0,
pineapple belongs on pizza,opinion,"We Asked 3 Chefs if Pineapple Belongs on Pizza, and They All Said the Same Thing",web,mixed,16,2,12,2,neutral,0,0.0,0,
pineapple belongs on pizza,opinion,Does Pineapple Belong on Pizza | Made in New York Pizza,web,mixed,21,3,14,4,neutral,0,0.0,0,
pineapple belongs on pizza,opinion,Does Pineapple Belong on Pizza?︱Salerno’s Pizza,web,mixed,19,1,15,3,neutral,0,0.0,0,
pineapple belongs on pizza,opinion,Pineapple doesn't belong on pizza - The Emery,web,mixed,19,1,12,6,neutral,0,0.0,0,
pineapple belongs on pizza,opinion,Simply Souperlicious – Pineapple ON Pizza: The Final Argument,web,mixed,16,2,13,1,neutral,0,0.0,0,
pineapple belongs on pizza,opinion,Does pineapple belong on pizza? The science behind food pairings | Sensory & Con,web,mixed,18,0,18,0,neutral,0,0.0,0,
pineapple belongs on pizza,opinion,Benefits of Pineapple on Pizza - Pineapple Pizza Recipe,web,mixed,19,1,18,0,neutral,0,0.0,0,
pineapple belongs on pizza,opinion,Why pineapple belongs on pizza — Domino's Newsroom,web,mixed,17,3,14,0,neutral,0,0.0,0,
pineapple belongs on pizza,opinion,Gordon Ramsay's Answer To The Pineapple On Pizza Debate - Food Republic,web,mixed,15,0,13,2,neutral,0,0.0,0,
pineapple belongs on pizza,opinion,Pineapple doesn't belong on pizza - Beaver Tales,web,mixed,7,0,2,5,opposing,0,0.0,0,
pineapple belongs on pizza,opinion,pizza,knowledge_graph,mixed,0,0,0,0,none,0,0,0,
pineapple belongs on pizza,opinion,Pizza,knowledge_graph,mixed,0,0,0,0,none,0,0,0,
pineapple belongs on pizza,opinion,Pizza,knowledge_graph,mixed,0,0,0,0,none,0,0,0,
remote work is more productive than office work,contested,Remote work,encyclopedia,mixed,14,0,9,5,neutral,0,0.0,0,
remote work is more productive than office work,contested,Work (human activity),encyclopedia,mixed,11,0,11,0,neutral,0,0.0,0,
remote work is more productive than office work,contested,Four-day workweek,encyclopedia,mixed,16,0,16,0,neutral,0,0.0,0,
remote work is more productive than office work,contested,"Every study proves remote workers are more productive, so ... - Reddit",web,mixed,1,0,1,0,neutral,0,0.0,0,
remote work is more productive than office work,contested,Is remote work more productive than office work? - Quora,web,mixed,2,0,1,1,neutral,0,0.0,0,
remote work is more productive than office work,contested,Remote is more productive than in-office if done right. | Chris Sukraw,web,mixed,19,1,18,0,neutral,0,0.0,0,
remote work is more productive than office work,contested,Remote work doesn't thwart productivity. | Adam Grant - LinkedIn,web,mixed,14,0,13,1,neutral,0,0.0,0,
remote work is more productive than office work,contested,"""Remote work makes everyone more productive"" | Ashley Roberts",web,mixed,17,0,15,2,neutral,0,0.0,0,
remote work is more productive than office work,contested,Remote workers are more productive—and companies hate it. - LinkedIn,web,mixed,20,0,18,2,neutral,0,0.0,0,
remote work is more productive than office work,contested,Part of the discussion about remote vs in the office work is ... - LinkedIn,web,mixed,18,1,17,0,neutral,0,0.0,0,
remote work is more productive than office work,contested,Remote work: changing our relationship with work - LinkedIn,web,mixed,18,0,16,2,neutral,0,0.0,0,
remote work is more productive than office work,contested,They say remote work is less productive | Vijay Chandola - LinkedIn,web,mixed,15,0,13,2,neutral,0,0.0,0,
remote work is more productive than office work,contested,Comparing Productivity for Remote Work vs. In-Office Employees – ActivTrak,web,mixed,18,0,14,4,neutral,0,0.0,0,
remote work is more productive than office work,contested,remote worker,knowledge_graph,mixed,0,0,0,0,none,0,0,0,
remote work is more productive than office work,contested,office work,knowledge_graph,mixed,0,0,0,0,none,0,0,0,
remote work is more productive than office work,contested,office worker,knowledge_graph,mixed,0,0,0,0,none,0,0,0,
remote work is more productive than office work,contested,Office Workstations Limited,knowledge_graph,mixed,0,0,0,0,none,0,0,0,
shaving makes hair grow back thicker,factual_false,Does Shaving Hair Make It Grow Back Thicker?,fact_check,opposing,0,0,0,0,none,0,0,0,
shaving makes hair grow back thicker,factual_false,Hair removal,encyclopedia,opposing,14,0,12,2,neutral,0,0.0,0,
shaving makes hair grow back thicker,factual_false,Body hair,encyclopedia,opposing,14,0,13,1,neutral,0,0.0,0,
shaving makes hair grow back thicker,factual_false,A Comprehensive Review on Preparation and Quality Evaluation of Shaving Cream,academic,opposing,8,0,4,4,neutral,0,0.0,0,
shaving makes hair grow back thicker,factual_false,BI39 Oncological therapies and hair disorders: a narrative approach on permanent,academic,opposing,17,0,16,1,neutral,0,0.0,0,
shaving makes hair grow back thicker,factual_false,A REVIEW ON SAFETY AND EFFICACY OF KARAVEERADI TAILA AS LOMASHAATANA,academic,opposing,13,0,4,9,opposing,0,0.0,0,
shaving makes hair grow back thicker,factual_false,Hair growth promoting effect of essential oil from grapefruit peel (citrus grand,academic,opposing,10,0,9,1,neutral,0,0.0,0,
shaving makes hair grow back thicker,factual_false,‘Your hair is your crowning glory’: a patient's experience of frontal fibrosing ,academic,opposing,34,0,30,4,neutral,0,0.0,0,
shaving makes hair grow back thicker,factual_false,Micro-segmental hair analysis: detailed procedures and applications in forensic ,academic,opposing,12,0,12,0,neutral,0,0.0,0,
shaving makes hair grow back thicker,factual_false,A Novel Follicular Unit Excision Device for All-Purpose Hair Graft Harvesting,academic,opposing,10,0,10,0,neutral,0,0.0,0,
shaving makes hair grow back thicker,factual_false,The “Shaving Causes Hair To Grow Back Faster/Thicker” Myth ...,web,opposing,1,0,1,0,neutral,0,0.0,0,
shaving makes hair grow back thicker,factual_false,Does shaved hair grow back thicker? - Mayo Clinic,web,opposing,9,0,9,0,neutral,0,0.0,0,
shaving makes hair grow back thicker,factual_false,Shaving & Hair: Does It Grow Back Thicker? The Skin Company,web,opposing,21,0,14,7,neutral,0,0.0,0,
shaving makes hair grow back thicker,factual_false,"As a female, does shaving your face make your hair grow thicker or ...",web,opposing,2,0,1,1,neutral,0,0.0,0,
shaving makes hair grow back thicker,factual_false,Does Shaving Make Hair Thicker or Faster? Myths and Facts,web,opposing,17,0,13,4,neutral,0,0.0,0,
shaving makes hair grow back thicker,factual_false,Regulation mechanisms of hair growth - PubMed,web,opposing,1,0,1,0,neutral,0,0.0,0,
shaving makes hair grow back thicker,factual_false,Does Shaving Make Your Hair Grow Back Thicker? - Skincare.com,web,opposing,16,0,12,4,neutral,0,0.0,0,
shaving makes hair grow back thicker,factual_false,Does shaving make your hair grow in thicker? Here are my thoughts ...,web,opposing,1,0,0,1,opposing,0,0.0,0,
shaving makes hair grow back thicker,factual_false,Does Shaved Hair Grow Back Thicker? Surgeon Reacts - YouTube,web,opposing,1,0,1,0,neutral,0,0.0,0,
smoking causes lung cancer,factual_true,Smoking had been identified as a causative factor for lung cancer by ...,fact_check,supporting,0,0,0,0,none,0,0,0,
smoking causes lung cancer,factual_true,Science stubs out claim smoking doesn't cause cancer,fact_check,supporting,0,0,0,0,none,0,0,0,
smoking causes lung cancer,factual_true,Smoking-related interstitial fibrosis (SRIF),encyclopedia,supporting,15,0,15,0,neutral,0,0.0,0,
smoking causes lung cancer,factual_true,Smoking in China,encyclopedia,supporting,14,0,14,0,neutral,0,0.0,0,
smoking causes lung cancer,factual_true,The impact of smoking on lung cancer patients,academic,supporting,10,1,9,0,neutral,0,0.0,0,
smoking causes lung cancer,factual_true,Multidimensional bioinformatics perspective on smoking-linked driver genes and i,academic,supporting,13,3,10,0,neutral,0,0.0,0,
smoking causes lung cancer,factual_true,Four decades of lung cancer: Trends in comorbidities and causes of death in a na,academic,supporting,13,1,12,0,neutral,0,0.0,0,
smoking causes lung cancer,factual_true,Identification of prognostic biomarkers of smoking-related lung cancer,academic,supporting,16,3,13,0,neutral,0,0.0,0,
smoking causes lung cancer,factual_true,Implications of the Immune Landscape in COPD and Lung Cancer: Smoking Versus Oth,academic,supporting,6,0,6,0,neutral,0,0.0,0,
smoking causes lung cancer,factual_true,Tumor Suppressor miR-584-5p Inhibits Migration and Invasion in Smoking Related N,academic,supporting,14,2,12,0,neutral,0,0.0,0,
smoking causes lung cancer,factual_true,Global cancer statistics 2022: GLOBOCAN estimates of incidence and mortality wor,academic,supporting,9,0,9,0,neutral,0,0.0,0,
smoking causes lung cancer,factual_true,Screening for Lung Cancer,academic,supporting,12,0,12,0,neutral,0,0.0,0,
smoking causes lung cancer,factual_true,The global burden of lung cancer: current status and future trends,academic,supporting,1,0,1,0,neutral,0,0.0,0,
smoking causes lung cancer,factual_true,Epidemiology of lung cancer,academic,supporting,10,1,9,0,neutral,0,0.0,0,
smoking causes lung cancer,factual_true,"Lung cancer statistics, 2023",academic,supporting,8,1,7,0,neutral,0,0.0,0,
smoking causes lung cancer,factual_true,Lung cancer in patients who have never smoked — an emerging disease,academic,supporting,1,0,1,0,neutral,0,0.0,0,
smoking causes lung cancer,factual_true,Smoking and Lung Cancer: The Role of Inflammation - PMC,web,supporting,16,1,15,0,neutral,0,0.0,0,
smoking causes lung cancer,factual_true,How Does Smoking Cause Lung Cancer? | Moffitt,web,supporting,2,1,1,0,supporting,0,0.0,0,
smoking causes lung cancer,factual_true,Cancer Mythbusters: Smoking and Lung Cancer | Dana-Farber Cancer Institute,web,supporting,15,0,15,0,neutral,0,0.0,0,
smoking causes lung cancer,factual_true,Tobacco and lung cancer - Canada.ca,web,supporting,13,1,12,0,neutral,0,0.0,0,
smoking causes lung cancer,factual_true,Lung cancer - Causes - NHS,web,supporting,16,1,15,0,neutral,0,0.0,0,
smoking causes lung cancer,factual_true,"Tobacco and Lung Cancer: Risks, Trends, and Outcomes in Patients with Cancer | A",web,supporting,1,1,0,0,supporting,0,0.0,0,
smoking causes lung cancer,factual_true,Smoking and Cancer | Overviews of Diseases/Conditions | Tips From Former Smokers,web,supporting,13,4,9,0,neutral,0,0.0,0,
smoking causes lung cancer,factual_true,10 of the Worst Diseases Smoking Causes | State of Tobacco Control | American Lu,web,supporting,18,0,18,0,neutral,0,0.0,0,
social media is harmful to mental health,contested,Digital media use and mental health,encyclopedia,mixed,14,0,13,1,neutral,0,0.0,0,
social media is harmful to mental health,contested,Mental illness in media,encyclopedia,mixed,13,0,12,1,neutral,0,0.0,0,
social media is harmful to mental health,contested,Mental health,encyclopedia,mixed,17,1,16,0,neutral,0,0.0,0,
social media is harmful to mental health,contested,Social Media Addiction and Mental Health Among University Students During the CO,academic,mixed,1,0,1,0,neutral,0,0.0,0,
social media is harmful to mental health,contested,Exploring adolescents’ perspectives on social media and mental health and well-b,academic,mixed,7,1,5,1,neutral,0,0.0,0,
social media is harmful to mental health,contested,36. Adolescent Mental Health and Big Tech: Investigating Policy Avenues to Regul,academic,mixed,1,1,0,0,supporting,0,0.0,0,
social media is harmful to mental health,contested,There Is No Evidence That Associations Between Adolescents’ Digital Technology E,academic,mixed,7,0,7,0,neutral,0,0.0,0,
social media is harmful to mental health,contested,"“I See Me Here”: Mental Health Content, Community, and Algorithmic Curation on T",academic,mixed,7,0,6,1,neutral,0,0.0,0,
social media is harmful to mental health,contested,Problematic social media use in childhood and adolescence,academic,mixed,7,1,6,0,neutral,0,0.0,0,
social media is harmful to mental health,contested,Social Media–Driven Routes to Positive Mental Health Among Youth: Qualitative En,academic,mixed,10,0,4,6,opposing,0,0.0,0,
social media is harmful to mental health,contested,"Social Media and Mental Health: Benefits, Risks, and Opportunities for Research ",web,mixed,2,1,1,0,neutral,0,0.0,0,
social media is harmful to mental health,contested,Social Media Addiction and Mental Health: The Growing Concern for Youth Well-Bei,web,mixed,2,1,1,0,supporting,0,0.0,0,
social media is harmful to mental health,contested,Social media’s impact on our mental health and tips to use it safely | Cultivati,web,mixed,3,0,2,1,neutral,0,0.0,0,
social media is harmful to mental health,contested,Social Media and Mental Health in Children and Teens,web,mixed,2,0,2,0,neutral,0,0.0,0,
social media is harmful to mental health,contested,"Is social media harmful to teens' mental health? Not necessarily, study finds",web,mixed,2,0,2,0,neutral,0,0.0,0,
social media is harmful to mental health,contested,How Social Media Affects Mental Health,web,mixed,3,0,3,0,neutral,0,0.0,0,
social media is harmful to mental health,contested,Opinion: Social media is bad for your mental health,web,mixed,2,2,0,0,supporting,0,0.0,0,
social media is harmful to mental health,contested,Is social media use bad for young people’s mental health? It’s complicated. | Ha,web,mixed,4,0,4,0,neutral,0,0.0,0,
social media is harmful to mental health,contested,How Does Social Media Affect Your Mental Health? - The New York Times,web,mixed,2,0,2,0,neutral,0,0.0,0,
social media is harmful to mental health,contested,Social Media and Adolescents’ and Young Adults’ Mental Health - National Center ,web,mixed,3,1,2,0,neutral,0,0.0,0,
social media is harmful to mental health,contested,social networking service,knowledge_graph,mixed,0,0,0,0,none,0,0,0,
sugar is worse than fat for health,contested,Diet food,encyclopedia,mixed,13,0,12,1,neutral,0,0.0,0,
sugar is worse than fat for health,contested,Trans fat,encyclopedia,mixed,11,0,11,0,neutral,0,0.0,0,
sugar is worse than fat for health,contested,Malnutrition,encyclopedia,mixed,18,0,16,2,neutral,0,0.0,0,
sugar is worse than fat for health,contested,Aseem Malhotra,encyclopedia,mixed,13,0,13,0,neutral,0,0.0,0,
sugar is worse than fat for health,contested,Metabolic dysfunction–associated steatotic liver disease,encyclopedia,mixed,14,0,13,1,neutral,0,0.0,0,
sugar is worse than fat for health,contested,A 2022 update on the epidemiology of obesity and a call to action: as its twin C,academic,mixed,9,0,9,0,neutral,0,0.0,0,
sugar is worse than fat for health,contested,Dietary Intake and Diet Quality of Adult Survivors of Childhood Cancer and the G,academic,mixed,10,0,9,1,neutral,0,0.0,0,
sugar is worse than fat for health,contested,Which Is Worse for You: Fat or Sugar? - Cleveland Clinic Health Essentials,web,mixed,19,1,17,1,neutral,0,0.0,0,
sugar is worse than fat for health,contested,The sweet danger of sugar - Harvard Health,web,mixed,14,0,14,0,neutral,0,0.0,0,
sugar is worse than fat for health,contested,"Fat, Sugar, Whole Grains and Heart Disease: 50 Years of Confusion",web,mixed,17,0,15,2,neutral,0,0.0,0,
sugar is worse than fat for health,contested,Consumption of a diet high in fat and sugar is associated with worse ...,web,mixed,14,0,14,0,neutral,0,0.0,0,
sugar is worse than fat for health,contested,Which Is Worse for Your Heart Saturated Fat or Sugar%,web,mixed,16,1,11,4,neutral,0,0.0,0,
sugar is worse than fat for health,contested,What Sugar Does to Your Body | Dartmouth Health,web,mixed,2,0,2,0,neutral,0,0.0,0,
sugar is worse than fat for health,contested,"Limit fat, salt and sugar intake - www . emro .who . int",web,mixed,14,0,13,1,neutral,0,0.0,0,
sugar is worse than fat for health,contested,CMV: Saturated fat is worse than sugar. : r/changemyview - Reddit,web,mixed,2,0,2,0,neutral,0,0.0,0,
sugar is worse than fat for health,contested,The Evidence for Saturated Fat and for Sugar Related to Coronary Heart ...,web,mixed,1,0,0,1,opposing,0,0.0,0,
sugar is worse than fat for health,contested,Sugar vs fat: which is worse? - BHF | British Heart Foundation,web,mixed,16,1,13,2,neutral,0,0.0,0,
sugar is worse than fat for health,contested,sugar,knowledge_graph,mixed,0,0,0,0,none,0,0,0,
sugar is worse than fat for health,contested,diabetes,knowledge_graph,mixed,0,0,0,0,none,0,0,0,
sugar is worse than fat for health,contested,obesity,knowledge_graph,mixed,0,0,0,0,none,0,0,0,
sugar makes children hyperactive,factual_false,Sugar Causes Hyperactivity in Children?,fact_check,opposing,0,0,0,0,none,0,0,0,
sugar makes children hyperactive,factual_false,Hyperactivity,encyclopedia,opposing,13,0,11,2,neutral,0,0.0,0,
sugar makes children hyperactive,factual_false,Sugar,encyclopedia,opposing,13,0,13,0,neutral,0,0.0,0,
sugar makes children hyperactive,factual_false,Attention deficit hyperactivity disorder,encyclopedia,opposing,17,0,17,0,neutral,0,0.0,0,
sugar makes children hyperactive,factual_false,Junk food,encyclopedia,opposing,16,0,16,0,neutral,0,0.0,0,
sugar makes children hyperactive,factual_false,Exploring Parental Perspectives on Factors Influencing Sugar-Sweetened Beverage ,academic,opposing,11,0,11,0,neutral,0,0.0,0,
sugar makes children hyperactive,factual_false,Initial development of the Sugar‐Sweetened Fruit Drink Questionnaire for examini,academic,opposing,9,0,9,0,neutral,0,0.0,0,
sugar makes children hyperactive,factual_false,Handling Hyperactive Children: Game Tricks for Arranging Blocks to Make Hyperact,academic,opposing,8,0,8,0,neutral,0,0.0,0,
sugar makes children hyperactive,factual_false,Externalizing the Executive Functions in Working Memory of Children with Attenti,academic,opposing,8,0,8,0,neutral,0,0.0,0,
sugar makes children hyperactive,factual_false,Perceptions of non-sugar sweeteners and front-of-package labels among parents of,academic,opposing,12,0,12,0,neutral,0,0.0,0,
sugar makes children hyperactive,factual_false,Sugar-sweetened beverages consumption trajectories and emotional and behavioral ,academic,opposing,11,0,11,0,neutral,0,0.0,0,
sugar makes children hyperactive,factual_false,Identification of Microplastic Polymers in Packaged Sugar-Sweetened Beverages an,academic,opposing,9,0,9,0,neutral,0,0.0,0,
sugar makes children hyperactive,factual_false,Child and adolescent obesity,academic,opposing,0,0,0,0,none,0,0,0,
sugar makes children hyperactive,factual_false,Does sugar really make children hyperactive? - Medical News Today,web,opposing,14,0,12,2,neutral,0,0.0,0,
sugar makes children hyperactive,factual_false,Debunking Old Wives' Tales: Why Your Child Isn’t Actually on a Sugar ...,web,opposing,17,0,14,3,neutral,0,0.0,0,
sugar makes children hyperactive,factual_false,Why Does My Child Get Hyper After Eating Sugar?,web,opposing,16,0,13,3,neutral,0,0.0,0,
sugar makes children hyperactive,factual_false,Sugar: Does it Really Cause Hyperactivity?,web,opposing,2,0,2,0,neutral,0,0.0,0,
sugar makes children hyperactive,factual_false,"No, sugar doesn’t make your kids hyperactive - The Conversation",web,opposing,18,0,12,6,neutral,0,0.0,0,
sugar makes children hyperactive,factual_false,Sugar's Impact on Children's Behavior: Scientific Evidence Explored,web,opposing,19,0,19,0,neutral,0,0.0,0,
the Amazon rainforest produces about 20% of the world's oxygen,factual_false,Amazon Doesn’t Produce 20% of Earth’s Oxygen,fact_check,opposing,0,0,0,0,none,0,0,0,
the Amazon rainforest produces about 20% of the world's oxygen,factual_false,Take a breath: the Amazon does not produce 20% of the world's ...,fact_check,opposing,0,0,0,0,none,0,0,0,
the Amazon rainforest produces about 20% of the world's oxygen,factual_false,"Amazon fires are destructive, but they aren't depleting Earth's ...",fact_check,opposing,0,0,0,0,none,0,0,0,
the Amazon rainforest produces about 20% of the world's oxygen,factual_false,Amazon rainforest,encyclopedia,opposing,13,0,13,0,neutral,0,0.0,0,
the Amazon rainforest produces about 20% of the world's oxygen,factual_false,Deforestation of the Amazon rainforest,encyclopedia,opposing,13,0,13,0,neutral,0,0.0,0,
the Amazon rainforest produces about 20% of the world's oxygen,factual_false,Rainforest,encyclopedia,opposing,17,0,17,0,neutral,0,0.0,0,
the Amazon rainforest produces about 20% of the world's oxygen,factual_false,Tropical rainforest,encyclopedia,opposing,12,0,12,0,neutral,0,0.0,0,
the Amazon rainforest produces about 20% of the world's oxygen,factual_false,2019 Amazon rainforest wildfires,encyclopedia,opposing,14,0,14,0,neutral,0,0.0,0,
the Amazon rainforest produces about 20% of the world's oxygen,factual_false,Ecosystem services provided by marine and freshwater phytoplankton,academic,opposing,7,0,7,0,neutral,0,0.0,0,
the Amazon rainforest produces about 20% of the world's oxygen,factual_false,Amazon Rainforest Doesn’t Actually Produce 20% of the,web,opposing,18,0,18,0,neutral,0,0.0,0,
the Amazon rainforest produces about 20% of the world's oxygen,factual_false,"No, the Amazon rainforest doesn't produce 20% of the",web,opposing,1,0,0,1,opposing,0,0.0,0,
the Beatles are the greatest band of all time,opinion,Rolling Stone's 500 Greatest Songs of All Time,encyclopedia,mixed,15,0,15,0,neutral,0,0.0,0,
the Beatles are the greatest band of all time,opinion,The Beatles albums discography,encyclopedia,mixed,15,0,15,0,neutral,0,0.0,0,
the Beatles are the greatest band of all time,opinion,With the Beatles,encyclopedia,mixed,15,0,15,0,neutral,0,0.0,0,
the Beatles are the greatest band of all time,opinion,Rolling Stone's 500 Greatest Albums of All Time,encyclopedia,mixed,14,0,13,1,neutral,0,0.0,0,
the Beatles are the greatest band of all time,opinion,The Beatles,encyclopedia,mixed,9,0,9,0,neutral,0,0.0,0,
the Beatles are the greatest band of all time,opinion,The Beatles are the greatest band of all time. Here's why |,web,mixed,1,1,0,0,supporting,0,0.0,0,
the Beatles are the greatest band of all time,opinion,The Beatles: the Greatest Band of All Time? - PHDessay.com,web,mixed,1,0,1,0,neutral,0,0.0,0,
the Beatles are the greatest band of all time,opinion,The Beatlesfrom Greatest Rock Bands of All Time List 😉,web,mixed,2,0,2,0,neutral,0,0.0,0,
the Beatles are the greatest band of all time,opinion,The Beatlesfrom Best Bands of All Time List 😉,web,mixed,2,1,1,0,neutral,0,0.0,0,
the Beatles are the greatest band of all time,opinion,Music lovers dub The Beatles 'greatest band of all,web,mixed,1,0,1,0,neutral,0,0.0,0,
the Beatles are the greatest band of all time,opinion,OPINION: Why the Beatles are the best band of all time –,web,mixed,0,0,0,0,none,0,0,0,
the Beatles are the greatest band of all time,opinion,The greatest band of all time: The Beatles vs The Rolling Stones,web,mixed,1,1,0,0,supporting,0,0.0,0,
the Beatles are the greatest band of all time,opinion,25 Reasons the Beatles are the Greatest Band Ever | Hooks and,web,mixed,1,0,1,0,neutral,0,0.0,0,
the Beatles are the greatest band of all time,opinion,The Greatest Band of All Time: The Beatles or The Rolling,web,mixed,1,0,1,0,neutral,0,0.0,0,
the Beatles are the greatest band of all time,opinion,The Greatest Band of All Time: Beatles Trivia - Quiz Smash,web,mixed,1,0,1,0,neutral,0,0.0,0,
the Beatles are the greatest band of all time,opinion,Beatles,knowledge_graph,mixed,0,0,0,0,none,0,0,0,
the Beatles are the greatest band of all time,opinion,Beatles for Sale,knowledge_graph,mixed,0,0,0,0,none,0,0,0,
the Great Wall of China is the only man-made structure visible from space,factual_false,Is the Great Wall of China Visible from the Moon?,fact_check,opposing,0,0,0,0,none,0,0,0,
the Great Wall of China is the only man-made structure visible from space,factual_false,Artificial structures visible from space,encyclopedia,opposing,16,0,7,9,opposing,0,0.0,0,
the Great Wall of China is the only man-made structure visible from space,factual_false,Great Wall of China,encyclopedia,opposing,13,0,13,0,neutral,0,0.0,0,
the Great Wall of China is the only man-made structure visible from space,factual_false,History of the Great Wall of China,encyclopedia,opposing,16,0,16,0,neutral,0,0.0,0,
the Great Wall of China is the only man-made structure visible from space,factual_false,Ming Great Wall,encyclopedia,opposing,13,0,13,0,neutral,0,0.0,0,
the Great Wall of China is the only man-made structure visible from space,factual_false,Can you see the Great Wall of China from space?,web,opposing,17,0,13,4,neutral,0,0.0,0,
the Great Wall of China is the only man-made structure visible from space,factual_false,Great Wall - NASA,web,opposing,2,0,2,0,neutral,0,0.0,0,
the Great Wall of China is the only man-made structure visible from space,factual_false,Is it Really Possible to See the Great Wall of China from Space ... - PMC,web,opposing,13,0,11,2,neutral,0,0.0,0,
the Great Wall of China is the only man-made structure visible from space,factual_false,"TIL the Great Wall of China is not actually visible from space, its just a ...",web,opposing,2,0,1,1,neutral,0,0.0,0,
the Great Wall of China is the only man-made structure visible from space,factual_false,True or False: The Great Wall of China is the only man-made structure ...,web,opposing,1,0,0,1,opposing,0,0.0,0,
the Great Wall of China is the only man-made structure visible from space,factual_false,The Great Wall of China - National Geographic Education,web,opposing,13,0,13,0,neutral,0,0.0,0,
the Great Wall of China is the only man-made structure visible from space,factual_false,Is China's Great Wall Visible from Space? - Scientific American,web,opposing,18,0,15,3,neutral,0,0.0,0,
the Great Wall of China is the only man-made structure visible from space,factual_false,Forget the Great Wall: the human landmark astronauts actually see ...,web,opposing,10,0,8,2,neutral,0,0.0,0,
the Great Wall of China is the only man-made structure visible from space,factual_false,Great Wall Motor,knowledge_graph,opposing,0,0,0,0,none,0,0,0,
the Great Wall of China is visible from space,factual_false,Is the Great Wall of China Visible from the Moon?,fact_check,opposing,0,0,0,0,none,0,0,0,
the Great Wall of China is visible from space,factual_false,History of the Great Wall of China,encyclopedia,opposing,16,0,16,0,neutral,0,0.0,0,
the Great Wall of China is visible from space,factual_false,Ming Great Wall,encyclopedia,opposing,13,0,13,0,neutral,0,0.0,0,
the Great Wall of China is visible from space,factual_false,"TIL the Great Wall of China is not actually visible from space, its just a ...",web,opposing,1,0,0,1,opposing,0,0.0,0,
the Great Wall of China is visible from space,factual_false,Is it true that The Great Wall of China is the only man-made structure ...,web,opposing,1,0,1,0,neutral,0,0.0,0,
the Great Wall of China is visible from space,factual_false,Is the Great Wall of China visible from space? - Skeptics Stack Exchange,web,opposing,1,0,0,1,opposing,0,0.0,0,
the Great Wall of China is visible from space,factual_false,Can the great wall of china be seen from space - JustAnswer,web,opposing,1,0,1,0,neutral,0,0.0,0,
the Great Wall of China is visible from space,factual_false,"""Great Wall"" myth originated with Ripley's",web,opposing,17,0,15,2,neutral,0,0.0,0,
the Great Wall of China is visible from space,factual_false,"It's often said that ""...the Great Wall of China is the only man-made ...",web,opposing,1,0,0,1,opposing,0,0.0,0,
the Great Wall of China is visible from space,factual_false,Can you see the Wall of China from outer space? - JustAnswer,web,opposing,1,0,0,1,opposing,0,0.0,0,
the Great Wall of China is visible from space,factual_false,How could the footprints in the sand be seen by the Shenzou from space?,web,opposing,1,0,0,1,opposing,0,0.0,0,
the Great Wall of China is visible from space,factual_false,Great Wall Motor,knowledge_graph,opposing,0,0,0,0,none,0,0,0,
the Sahara desert is the largest desert on earth,factual_false,Sahara Desert (ecoregion),encyclopedia,opposing,16,0,16,0,neutral,0,0.0,0,
the Sahara desert is the largest desert on earth,factual_false,Sahara,encyclopedia,opposing,9,0,9,0,neutral,0,0.0,0,
the Sahara desert is the largest desert on earth,factual_false,Desert greening,encyclopedia,opposing,12,0,11,1,neutral,0,0.0,0,
the Sahara desert is the largest desert on earth,factual_false,Tropical desert,encyclopedia,opposing,23,0,23,0,neutral,0,0.0,0,
the Sahara desert is the largest desert on earth,factual_false,Sahara Sea,encyclopedia,opposing,14,0,14,0,neutral,0,0.0,0,
the Sahara desert is the largest desert on earth,factual_false,Astronomically controlled aridity in the Sahara since at least 11 million years ,academic,opposing,1,0,1,0,neutral,0,0.0,0,
the Sahara desert is the largest desert on earth,factual_false,Spatial and Temporal Variation of the Near-Surface Wind Environment in the Sahar,academic,opposing,14,0,14,0,neutral,0,0.0,0,
the Sahara desert is the largest desert on earth,factual_false,Dust sources in Westernmost Asia have a different geochemical fingerprint to tho,academic,opposing,1,0,1,0,neutral,0,0.0,0,
the Sahara desert is the largest desert on earth,factual_false,The Sahara: Earth's Largest Hot Desert - Live Science,web,opposing,12,0,12,0,neutral,0,0.0,0,
the Sahara desert is the largest desert on earth,factual_false,Sahara Desert - WorldAtlasThe Sahara: Earth's Largest Hot Desert - Live ScienceT,web,opposing,16,0,15,1,neutral,0,0.0,0,
the Sahara desert is the largest desert on earth,factual_false,The Sahara Desert: Everything to Know About the Largest ...,web,opposing,13,0,11,2,neutral,0,0.0,0,
the Sahara desert is the largest desert on earth,factual_false,Exploring the World’s Largest Desert: The Sahara,web,opposing,18,0,18,0,neutral,0,0.0,0,
the Sahara desert is the largest desert on earth,factual_false,Largest Desert in the World? (Antarctica vs. Sahara),web,opposing,15,0,13,2,neutral,0,0.0,0,
the Sahara desert is the largest desert on earth,factual_false,Sahara – largest desert on Earth - Wander Lord,web,opposing,1,0,1,0,neutral,0,0.0,0,
the Sahara desert is the largest desert on earth,factual_false,WORLDKINGS - Worldkings News - Africa – Sahara: The Largest,web,opposing,11,0,10,1,neutral,0,0.0,0,
the Sahara desert is the largest desert on earth,factual_false,Sahara,knowledge_graph,opposing,0,0,0,0,none,0,0,0,
the Sahara desert is the largest desert on earth,factual_false,Sahara Desert,knowledge_graph,opposing,0,0,0,0,none,0,0,0,
the United States economy is in a recession,current_event,List of recessions in the United States,encyclopedia,mixed,16,2,13,1,neutral,0,0.0,0,
the United States economy is in a recession,current_event,Great Recession in the United States,encyclopedia,mixed,15,1,13,1,neutral,0,0.0,0,
the United States economy is in a recession,current_event,Economy of the United States,encyclopedia,mixed,14,0,14,0,neutral,0,0.0,0,
the United States economy is in a recession,current_event,Recession shapes,encyclopedia,mixed,16,0,14,2,neutral,0,0.0,0,
the United States economy is in a recession,current_event,The Economic Impacts of COVID-19: Evidence from a New Public Database Built Usin,academic,mixed,13,0,12,1,neutral,0,0.0,0,
the United States economy is in a recession,current_event,The Coronavirus Stimulus Package: How Large is the Transfer Multiplier,academic,mixed,7,0,7,0,neutral,0,0.0,0,
the United States economy is in a recession,current_event,"Investigating the nexus between green economy, sustainability, bitcoin and oil p",academic,mixed,1,0,1,0,neutral,0,0.0,0,
the United States economy is in a recession,current_event,"Time varying causal relationship between renewable energy consumption, oil price",academic,mixed,1,0,1,0,neutral,0,0.0,0,
the United States economy is in a recession,current_event,U.S. Economy Plunged Into Recession in February - The New York,web,mixed,1,1,0,0,supporting,0,0.0,0,
the United States economy is in a recession,current_event,"US economy is now in a recession as economic activity,",web,mixed,11,2,9,0,neutral,0,0.0,0,
the United States economy is in a recession,current_event,Is the United States Entering a Recession? - Empresa-Journal,web,mixed,17,1,12,4,neutral,0,0.0,0,
the United States economy is in a recession,current_event,The United States has been in a recession for years. By Daniel,web,mixed,16,3,12,1,neutral,0,0.0,0,
the United States economy is in a recession,current_event,Is the US Economy in a Recession? | AllSides,web,mixed,1,0,1,0,neutral,0,0.0,0,
the United States economy is in a recession,current_event,The United States is Officially Entering Recession,web,mixed,13,4,9,0,neutral,0,0.0,0,
the United States economy is in a recession,current_event,Is the United States Already in a Recession? - USA Business,web,mixed,19,1,16,2,neutral,0,0.0,0,
the United States economy is in a recession,current_event,Is the US economy heading for recession after stock market,web,mixed,20,0,20,0,neutral,0,0.0,0,
the United States economy is in a recession,current_event,The US economy is officially in recession – Payday Loans,web,mixed,16,2,14,0,neutral,0,0.0,0,
the United States economy is in a recession,current_event,United States economy growth revised up to 0.4% in last quarter of 2012,knowledge_graph,mixed,0,0,0,0,none,0,0,0,
the United States economy is in a recession,current_event,United States economy shrinks by 0.1% in last quarter of 2012,knowledge_graph,mixed,0,0,0,0,none,0,0,0,
the United States economy is in a recession,current_event,United States Economy with Alan Greenspan: Prospects For a Sustained Growth - 19,knowledge_graph,mixed,0,0,0,0,none,0,0,0,
the United States economy is in a recession,current_event,recession,knowledge_graph,mixed,0,0,0,0,none,0,0,0,
the United States economy is in a recession,current_event,Recession,knowledge_graph,mixed,0,0,0,0,none,0,0,0,
the United States economy is in a recession,current_event,Recession's Greetings,knowledge_graph,mixed,0,0,0,0,none,0,0,0,
the average human body temperature is 98.6 degrees fahrenheit,factual_false,Conversion of scales of temperature,encyclopedia,opposing,6,0,5,1,neutral,0,0.0,0,
the average human body temperature is 98.6 degrees fahrenheit,factual_false,Temperature,encyclopedia,opposing,17,0,17,0,neutral,0,0.0,0,
the average human body temperature is 98.6 degrees fahrenheit,factual_false,Thermal Earring,academic,opposing,12,0,12,0,neutral,0,0.0,0,
the average human body temperature is 98.6 degrees fahrenheit,factual_false,Is 98.6°F Still the Average Human Body Temperature?,web,opposing,1,0,1,0,neutral,0,0.0,0,
the average human body temperature is 98.6 degrees fahrenheit,factual_false,Average Human Body Temperature: Is 98.6°F Still Right?,web,opposing,17,0,15,2,neutral,0,0.0,0,
the average human body temperature is 98.6 degrees fahrenheit,factual_false,The Average Human Body Temperature Is Not 98.6 Degrees,web,opposing,1,0,0,1,opposing,0,0.0,0,
the average human body temperature is 98.6 degrees fahrenheit,factual_false,"Normal Body Temperature - Low vs. High, Normal Range - WebMD",web,opposing,1,0,1,0,neutral,0,0.0,0,
the average human body temperature is 98.6 degrees fahrenheit,factual_false,What a Normal Body Temperature Is - Cleveland Clinic Health Essentials,web,opposing,19,0,18,1,neutral,0,0.0,0,
the earth is flat,factual_false,Fact check: Gravity pulls objects toward the center of the Earth,fact_check,opposing,0,0,0,0,none,0,0,0,
the earth is flat,factual_false,"Earth isn't flat, and shooting stars fly every direction | Fact check",fact_check,opposing,0,0,0,0,none,0,0,0,
the earth is flat,factual_false,"No, navigation by 'ancients' does not show Earth is flat | Fact check",fact_check,opposing,0,0,0,0,none,0,0,0,
the earth is flat,factual_false,Pictures mislead: Ample evidence the Earth is round and sea levels ...,fact_check,opposing,0,0,0,0,none,0,0,0,
the earth is flat,factual_false,Fact check: False claim laser tests prove Earth is flat,fact_check,opposing,0,0,0,0,none,0,0,0,
the earth is flat,factual_false,Fact check: False claim that timelapse photo from South Pole proves ...,fact_check,opposing,0,0,0,0,none,0,0,0,
the earth is flat,factual_false,Modern flat Earth beliefs,encyclopedia,opposing,16,0,13,3,neutral,0,0.0,0,
the earth is flat,factual_false,Myth of the flat Earth,encyclopedia,opposing,11,0,9,2,neutral,0,0.0,0,
the earth is flat,factual_false,Inventing the Flat Earth,encyclopedia,opposing,5,0,4,1,neutral,0,0.0,0,
the earth is flat,factual_false,Mapping Tidal Flats of the Bohai and Yellow Seas Using Time Series Sentinel-2 Im,academic,opposing,7,0,3,4,opposing,0,0.0,0,
the earth is flat,factual_false,The earth is flat,web,opposing,15,0,5,10,opposing,0,0.0,0,
the earth is flat,factual_false,How Do We Know the Earth Isn't Flat? We Asked a NASA Expert: Episode 53 - NASA,web,opposing,13,0,2,11,opposing,0,0.0,0,
the earth is flat,factual_false,Why the Earth is actually 100% flat | Science | The Guardian,web,opposing,18,0,8,10,opposing,0,0.0,0,
the earth is flat,factual_false,Why some people believe the Earth is flat | BBC Earth,web,opposing,6,0,3,3,neutral,0,0.0,0,
the earth is flat,factual_false,Introduction - The Flat Earth and its Advocates: A List of References - Research,web,opposing,17,0,11,6,neutral,0,0.0,0,
the earth is flat,factual_false,Is the Earth Flat? | Answers in Genesis,web,opposing,19,0,12,7,neutral,0,0.0,0,
the earth revolves around the sun,factual_true,NASA does not support Imam of Ahle Sunnat’s view of the revolving ...,fact_check,supporting,0,0,0,0,none,0,0,0,
the earth revolves around the sun,factual_true,Earth's orbit,encyclopedia,supporting,12,6,6,0,supporting,0,0.0,0,
the earth revolves around the sun,factual_true,Discussion with an AI about Climate Change or: Does the Sun Still Revolve Around,academic,supporting,6,0,6,0,neutral,0,0.0,0,
the earth revolves around the sun,factual_true,Geometry and the Cause of the Seasons: The Changing Hours of Daylight and Elevat,academic,supporting,5,2,3,0,neutral,0,0.0,0,
the earth revolves around the sun,factual_true,Is the Growth of the Astronomical Unit Caused by the Allais Eclipse Effect?,academic,supporting,9,3,6,0,neutral,0,0.0,0,
the earth revolves around the sun,factual_true,Geocentric model - Wikipedia,web,supporting,2,0,2,0,neutral,0,0.0,0,
the earth revolves around the sun,factual_true,1 in 4 Americans Think Sun Revolves Around Earth: Study,web,supporting,11,2,9,0,neutral,0,0.0,0,
the earth revolves around the sun,factual_true,Why Earth Revolve Around the Sun? - Kidpid,web,supporting,17,10,7,0,supporting,0,0.0,0,
the earth revolves around the sun,factual_true,"1 In 4 Americans Thinks The Sun Goes Around The Earth, Survey",web,supporting,10,1,9,0,neutral,0,0.0,0,
the earth revolves around the sun,factual_true,net127: Poll: Sun Revolves Around the Earth,web,supporting,9,1,8,0,neutral,0,0.0,0,
the earth revolves around the sun,factual_true,Earth revolves around the sun - Bahai9,web,supporting,1,1,0,0,supporting,0,0.0,0,
the earth revolves around the sun,factual_true,Why does the earth revolve around the sun?,web,supporting,1,1,0,0,supporting,0,0.0,0,
the earth revolves around the sun,factual_true,Does the earth revolve around the sun or the sun revolves,web,supporting,2,0,2,0,neutral,0,0.0,0,
the earth revolves around the sun,factual_true,Sun,knowledge_graph,supporting,0,0,0,0,none,0,0,0,
the great wall of china is visible from space,factual_false,Is the Great Wall of China Visible from the Moon?,fact_check,opposing,0,0,0,0,none,0,0,0,
the great wall of china is visible from space,factual_false,Great Wall of China,encyclopedia,opposing,14,0,13,1,neutral,0,0.0,0,
the great wall of china is visible from space,factual_false,History of the Great Wall of China,encyclopedia,opposing,16,0,16,0,neutral,0,0.0,0,
the great wall of china is visible from space,factual_false,Ming Great Wall,encyclopedia,opposing,13,0,13,0,neutral,0,0.0,0,
the great wall of china is visible from space,factual_false,Is the Great Wall of China really visible from space? - BBC,web,opposing,4,0,3,1,neutral,0,0.0,0,
the great wall of china is visible from space,factual_false,Is the Great Wall of China visible from space?,web,opposing,4,0,2,2,neutral,0,0.0,0,
the great wall of china is visible from space,factual_false,Fun Facts About The Great Wall Of China | China Volunteer,web,opposing,14,0,12,2,neutral,0,0.0,0,
the great wall of china is visible from space,factual_false,Great Wall Motor,knowledge_graph,opposing,0,0,0,0,none,0,0,0,
the moon landing was faked,factual_false,'Fake' moon landing claim orbits the simple facts,fact_check,opposing,0,0,0,0,none,0,0,0,
the moon landing was faked,factual_false,"In 1969, the president called the astronauts on the moon. Here’s how",fact_check,opposing,0,0,0,0,none,0,0,0,
the moon landing was faked,factual_false,Fact check: Moon landing conspiracy theory misrepresents footprint,fact_check,opposing,0,0,0,0,none,0,0,0,
the moon landing was faked,factual_false,"No, This Photo Isn't Evidence the Moon Landing Was Staged",fact_check,opposing,0,0,0,0,none,0,0,0,
the moon landing was faked,factual_false,No. Buzz Aldrin didn't say the moon landing was a hoax.,fact_check,opposing,0,0,0,0,none,0,0,0,
the moon landing was faked,factual_false,Man on the Moon (R.E.M. song),encyclopedia,opposing,17,0,17,0,neutral,0,0.0,0,
the moon landing was faked,factual_false,Conspiracy vs. Science: A Survey of U.S. Public Beliefs,academic,opposing,7,0,7,0,neutral,0,0.0,0,
the moon landing was faked,factual_false,Conspiracy Theories and Evidential Self-Insulation,academic,opposing,4,0,4,0,neutral,0,0.0,0,
the moon landing was faked,factual_false,The moon landing was fake,web,opposing,10,0,8,2,neutral,0,0.0,0,
the moon landing was faked,factual_false,"Moon landing conspiracy theories, debunked",web,opposing,0,0,0,0,none,0,0,0,
the moon landing was faked,factual_false,How do we know that we went to the Moon? - Institute of Physics,web,opposing,1,0,0,1,opposing,0,0.0,0,
the moon landing was faked,factual_false,Was the moon landing faked? Debunking the theories - YouTube,web,opposing,1,0,1,0,neutral,0,0.0,0,
the moon landing was faked,factual_false,What's some irrefutable evidence of the moon landing? - Reddit,web,opposing,2,0,2,0,neutral,0,0.0,0,
the moon landing was faked,factual_false,How Stanley Kubrick Staged the Moon Landing by Rich Cohen,web,opposing,1,0,1,0,neutral,0,0.0,0,
the moon landing was faked,factual_false,"Was the Moon Landing Fake? | Debunked Theories, Proof We Went ...",web,opposing,18,0,13,5,neutral,0,0.0,0,
the moon landing was faked,factual_false,Moon landing,knowledge_graph,opposing,0,0,0,0,none,0,0,0,
the moon landing was faked,factual_false,faked death,knowledge_graph,opposing,0,0,0,0,none,0,0,0,
the speed of light is constant,factual_true,speed,knowledge_graph,supporting,0,0,0,0,none,0,0,0,
the sun is a star,factual_true,Sun,knowledge_graph,supporting,0,0,0,0,none,0,0,0,
the sun is a star,factual_true,star,knowledge_graph,supporting,0,0,0,0,none,0,0,0,
the sun is a star,factual_true,Star,knowledge_graph,supporting,0,0,0,0,none,0,0,0,
universal basic income reduces poverty,contested,Universal basic income,encyclopedia,mixed,13,1,12,0,neutral,0,0.0,0,
universal basic income reduces poverty,contested,Universal basic income pilots,encyclopedia,mixed,13,0,13,0,neutral,0,0.0,0,
universal basic income reduces poverty,contested,Universal basic income in the United Kingdom,encyclopedia,mixed,13,1,11,1,neutral,0,0.0,0,
universal basic income reduces poverty,contested,Negative income tax,encyclopedia,mixed,12,0,12,0,neutral,0,0.0,0,
universal basic income reduces poverty,contested,Universal basic income by country,encyclopedia,mixed,12,0,12,0,neutral,0,0.0,0,
universal basic income reduces poverty,contested,The Role of the State in Providing Minimum Welfare Through Universal Basic Incom,academic,mixed,13,1,12,0,neutral,0,0.0,0,
universal basic income reduces poverty,contested,Basic Income Reduces Poverty and Inequality: are there costs in terms of Efficie,academic,mixed,1,0,1,0,neutral,0,0.0,0,
universal basic income reduces poverty,contested,"Universal Basic Income: Ideological Debate and Evidence from Iran, Alaska, and S",academic,mixed,7,0,7,0,neutral,0,0.0,0,
universal basic income reduces poverty,contested,Automation and Universal Basic Income: Employment Options under Technological Sh,academic,mixed,9,0,9,0,neutral,0,0.0,0,
universal basic income reduces poverty,contested,"UNIVERSAL BASIC INCOME (UBI) IN THE US IN THE CONTEXT OF
WELFARE STATE POLICY: F",academic,mixed,5,0,5,0,neutral,0,0.0,0,
universal basic income reduces poverty,contested,Universal Basic Income is affordable and feasible: evidence from UK economic mic,academic,mixed,6,0,6,0,neutral,0,0.0,0,
universal basic income reduces poverty,contested,"The Anti-Poverty, Targeting, and Labor Supply Effects of the Proposed Child Tax ",academic,mixed,1,0,1,0,neutral,0,0.0,0,
universal basic income reduces poverty,contested,"Universal Basic Income (UBI) | Pros, Cons, Debate, Arguments, & Income Equality ",web,mixed,16,1,13,2,neutral,0,0.0,0,
universal basic income reduces poverty,contested,PROTOCOL: Effects of guaranteed basic income interventions on poverty‐related ou,web,mixed,15,0,15,0,neutral,0,0.0,0,
universal basic income reduces poverty,contested,Universal Basic Income as a Solution to End Poverty - The Borgen Project,web,mixed,14,3,11,0,neutral,0,0.0,0,
universal basic income reduces poverty,contested,Can Universal Basic Income Reduce Poverty? - Frost & Sullivan Institute,web,mixed,14,1,13,0,neutral,0,0.0,0,
universal basic income reduces poverty,contested,Can Universal Basic Income eradicate poverty? Pros and Cons of monthly cash paym,web,mixed,17,1,15,1,neutral,0,0.0,0,
universal basic income reduces poverty,contested,The U.S. Could Help Solve Its Poverty Problem with a Universal Basic Income | Sc,web,mixed,13,1,12,0,neutral,0,0.0,0,
universal basic income reduces poverty,contested,Would a universal basic income reduce poverty in the aftermath of Covid-19? - Ec,web,mixed,15,2,13,0,neutral,0,0.0,0,
universal basic income reduces poverty,contested,Basic income reduces poverty and inequality: Are there costs in terms of efficie,web,mixed,1,0,1,0,neutral,0,0.0,0,
universal basic income reduces poverty,contested,"Universal Basic Income May Sound Attractive But, If It Occurred, Would Likelier ",web,mixed,4,0,3,1,neutral,0,0.0,0,
vaccines cause autism,factual_false,Vaccines and autism,encyclopedia,opposing,14,0,11,3,neutral,0,0.0,0,
vaccines cause autism,factual_false,MMR vaccine and autism,encyclopedia,opposing,13,0,8,5,neutral,0,0.0,0,
vaccines cause autism,factual_false,Thiomersal and vaccines,encyclopedia,opposing,13,0,13,0,neutral,0,0.0,0,
vaccines cause autism,factual_false,Causes of autism,encyclopedia,opposing,18,0,12,6,neutral,0,0.0,0,
vaccines cause autism,factual_false,Brian Hooker (bioengineer),encyclopedia,opposing,15,0,14,1,neutral,0,0.0,0,
vaccines cause autism,factual_false,How Do Vaccines Cause Autism?,academic,opposing,0,0,0,0,none,0,0,0,
vaccines cause autism,factual_false,Vaccines work… and do not cause autism,academic,opposing,2,0,0,2,opposing,0,0.0,0,
vaccines cause autism,factual_false,Time to remember: Vaccines don't cause autism,academic,opposing,2,0,1,1,opposing,0,0.0,0,
vaccines cause autism,factual_false,Vaccine Induced Autoimmunity May Cause Autism and Neurological Disorders,academic,opposing,6,0,6,0,neutral,0,0.0,0,
vaccines cause autism,factual_false,Evidence Showing Childhood Vaccinations Are Causing Autism and Other Intellectua,academic,opposing,7,0,6,1,neutral,0,0.0,0,
vaccines cause autism,factual_false,"Unadjusted Analysis of a Population-Based Study of Measles, Mumps, and Rubella V",academic,opposing,1,0,1,0,neutral,0,0.0,0,
vaccines cause autism,factual_false,“I Thought It Was Better to Be Safe Than Sorry”: Factors Influencing Parental De,academic,opposing,8,0,7,1,neutral,0,0.0,0,
vaccines cause autism,factual_false,Vaccines cause autism,web,opposing,6,0,4,2,neutral,0,0.0,0,
vaccines cause autism,factual_false,Autism and Vaccines | Vaccine Safety | CDC,web,opposing,15,0,13,2,neutral,0,0.0,0,
vaccines cause autism,factual_false,Vaccines Do Not Cause Autism | Johns Hopkins | Bloomberg School of Public Health,web,opposing,3,0,3,0,neutral,0,0.0,0,
vaccines cause autism,factual_false,Vaccines and autism: What Colorado families should know,web,opposing,19,0,11,8,neutral,0,0.0,0,
vaccines cause autism,factual_false,Autism & Vaccines: Separating Fact from Fiction,web,opposing,18,0,10,8,neutral,0,0.0,0,
vaccines cause autism,factual_false,Do vaccines cause autism? | Autism Speaks,web,opposing,14,0,7,7,neutral,0,0.0,0,
vaccines cause autism,factual_false,NMA Statement on CDC Reviving Debunked Link Between Autism and Vaccines - Nation,web,opposing,2,0,1,1,neutral,0,0.0,0,
video games cause violence,contested,Do Video Games Lead to Mass Shootings? Researchers Say No ...,fact_check,mixed,0,0,0,0,none,0,0,0,
video games cause violence,contested,Video Games Don't Make People Violent,fact_check,mixed,0,0,0,0,none,0,0,0,
video games cause violence,contested,Violence and video games,encyclopedia,mixed,16,4,12,0,neutral,0,0.0,0,
video games cause violence,contested,Video game,encyclopedia,mixed,12,0,9,3,neutral,0,0.0,0,
video games cause violence,contested,Nonviolent video game,encyclopedia,mixed,10,3,7,0,neutral,0,0.0,0,
video games cause violence,contested,List of controversial video games,encyclopedia,mixed,12,2,10,0,neutral,0,0.0,0,
video games cause violence,contested,Shooter game,encyclopedia,mixed,12,3,9,0,neutral,0,0.0,0,
video games cause violence,contested,Desensitization and Violent Video Games: Mechanisms and Evidence.,academic,mixed,6,1,5,0,neutral,0,0.0,0,
video games cause violence,contested,Is Violent Video Game Playing Related to Trait Aggression or Depression Among La,academic,mixed,1,0,1,0,neutral,0,0.0,0,
video games cause violence,contested,"Violence, Hate Speech, and Discrimination in Video Games: A Systematic Review",academic,mixed,9,0,8,1,neutral,0,0.0,0,
video games cause violence,contested,“Kill the Enemy”: Can Violence be Learned in Children by Activating Mirror Neuro,academic,mixed,8,1,7,0,neutral,0,0.0,0,
video games cause violence,contested,Video games for good: Active perspective-taking fosters empathy and reduces impl,academic,mixed,1,0,0,1,opposing,0,0.0,0,
video games cause violence,contested,Beyond Violence: Investigating the Impact of Competition on Arousal and Aggressi,academic,mixed,1,0,1,0,neutral,0,0.0,0,
video games cause violence,contested,"Video Games, Violence Justification and Child-to-Parent Violence",academic,mixed,11,4,7,0,neutral,0,0.0,0,
video games cause violence,contested,Desensitization and Violent Video Games,academic,mixed,0,0,0,0,none,0,0,0,
video games cause violence,contested,The effect of justified video game violence on aggressive behavior and moderated,academic,mixed,9,3,6,0,neutral,0,0.0,0,
video games cause violence,contested,Possible Effects of Playing Video Games With Explicit Violence on Player Aggress,academic,mixed,8,2,6,0,neutral,0,0.0,0,
video games cause violence,contested,Researchers' commercial video game knowledge associated with differences in beli,academic,mixed,1,0,1,0,neutral,0,0.0,0,
video games cause violence,contested,"Video games, educational implications",academic,mixed,9,1,8,0,neutral,0,0.0,0,
video games cause violence,contested,Video games cause violence,web,mixed,4,1,2,1,neutral,0,0.0,0,
video games cause violence,contested,Video Games Cause Violence - PHDessay.com,web,mixed,17,4,13,0,neutral,0,0.0,0,
video games cause violence,contested,Video Games: Cause For Violence? | Gamers Decide,web,mixed,14,4,10,0,neutral,0,0.0,0,
video games cause violence,contested,Do Video Games Cause Violence? – The Live Wire,web,mixed,18,2,14,2,neutral,0,0.0,0,
video games cause violence,contested,≫ Video Games Causing Violence is a Misconception Free Essay,web,mixed,14,1,10,3,neutral,0,0.0,0,
video games cause violence,contested,Do Video Games Cause Violence? - Essay Example,web,mixed,10,4,6,0,neutral,0,0.0,0,
video games cause violence,contested,"'Video Games Do Not Cause Violence,' According To Former FBI",web,mixed,12,0,7,5,neutral,0,0.0,0,
video games cause violence,contested,Do Video Games Cause Violence? – Mehlville Media,web,mixed,13,2,11,0,neutral,0,0.0,0,
video games cause violence,contested,Do Video Games Cause Violence? - Vocabulary List |,web,mixed,3,0,3,0,neutral,0,0.0,0,
video games cause violence,contested,Do Video Games Cause Violence? - The Tech Lounge,web,mixed,17,2,15,0,neutral,0,0.0,0,
violent video games cause real world violence,contested,Do Video Games Lead to Mass Shootings? Researchers Say No ...,fact_check,mixed,0,0,0,0,none,0,0,0,
violent video games cause real world violence,contested,Violence and video games,encyclopedia,mixed,16,0,14,2,neutral,0,0.0,0,
violent video games cause real world violence,contested,Graphic violence,encyclopedia,mixed,11,0,11,0,neutral,0,0.0,0,
violent video games cause real world violence,contested,Nonviolent video game,encyclopedia,mixed,10,0,9,1,neutral,0,0.0,0,
violent video games cause real world violence,contested,Effects of violence in mass media,encyclopedia,mixed,15,0,14,1,neutral,0,0.0,0,
violent video games cause real world violence,contested,Adolescent Aggression: A Narrative Review on the Potential Impact of Violent Vid,academic,mixed,11,0,11,0,neutral,0,0.0,0,
violent video games cause real world violence,contested,Habitual engagement with violent video games does not translate virtual aggressi,academic,mixed,1,0,0,1,opposing,0,0.0,0,
violent video games cause real world violence,contested,The Influence of Moral Choices in Video Games on Real-World Decision-Making and ,academic,mixed,8,0,8,0,neutral,0,0.0,0,
violent video games cause real world violence,contested,Neuroimaging and behavioral evidence that violent video games exert no negative ,academic,mixed,10,0,10,0,neutral,0,0.0,0,
violent video games cause real world violence,contested,Violent Video Games on Aggression and Self-control of Student Gamers,academic,mixed,11,0,11,0,neutral,0,0.0,0,
violent video games cause real world violence,contested,Desensitization and Violent Video Games: Mechanisms and Evidence.,academic,mixed,6,0,5,1,neutral,0,0.0,0,
violent video games cause real world violence,contested,The Spoilers of Virtual War: Experience and Performance Mediate the Relationship,academic,mixed,8,0,6,2,neutral,0,0.0,0,
violent video games cause real world violence,contested,Possible Effects of Playing Video Games With Explicit Violence on Player Aggress,academic,mixed,8,0,7,1,neutral,0,0.0,0,
violent video games cause real world violence,contested,VIDEO GAMES AND VIOLENCE: THE ONSLAUGHT ON YOUNG MINDS,academic,mixed,44,0,42,2,neutral,0,0.0,0,
violent video games cause real world violence,contested,A Positive Side of Violent Video Game Play,academic,mixed,9,0,6,3,neutral,0,0.0,0,
violent video games cause real world violence,contested,"""Screen-time"" for children and adolescents in COVID-19 times",academic,mixed,88,0,86,2,neutral,0,0.0,0,
violent video games cause real world violence,contested,What are your opinions on the effect that violence in video games has on ...,web,mixed,3,0,2,1,neutral,0,0.0,0,
violent video games cause real world violence,contested,Videogames Really Are Linked to Violence - Slashdot,web,mixed,14,0,12,2,neutral,0,0.0,0,
violent video games cause real world violence,contested,"Wow, Gaming Violence and it's Impact on People - Blizzard Forums",web,mixed,14,0,13,1,neutral,0,0.0,0,
violent video games cause real world violence,contested,I'm doing a paper about how I believe that violent games don't cause real ...,web,mixed,1,0,1,0,neutral,0,0.0,0,
violent video games cause real world violence,contested,Violent video games desensitize people to real-life violence,web,mixed,16,0,14,2,neutral,0,0.0,0,
violent video games cause real world violence,contested,Do violent video games cause violent behavior? - Skeptics Stack Exchange,web,mixed,1,0,1,0,neutral,0,0.0,0,
violent video games cause real world violence,contested,Do people who are prone to violence like to play violent video games or ...,web,mixed,2,0,1,1,neutral,0,0.0,0,
violent video games cause real world violence,contested,"Do violent video games lead to an increase in real-life violence, or is ...",web,mixed,2,0,1,1,opposing,0,0.0,0,
violent video games cause real world violence,contested,When were video games first blamed for real world violence? - Quora,web,mixed,1,0,1,0,neutral,0,0.0,0,
water boils at 100 degrees celsius,factual_true,Radiation in the coffee cup,academic,supporting,7,0,7,0,neutral,0,0.0,0,
water boils at 100 degrees celsius,factual_true,Boiling point - Wikipedia,web,supporting,1,1,0,0,supporting,0,0.0,0,
water boils at 100 degrees celsius,factual_true,"Why does ALL water ""choose"" to boil at 100°C instead of SOME of it ...",web,supporting,1,1,0,0,supporting,0,0.0,0,
water boils at 100 degrees celsius,factual_true,Think water always boils at 100°C (212°F)? Think again! - Facebook,web,supporting,1,0,1,0,neutral,0,0.0,0,
water boils at 100 degrees celsius,factual_true,"water boils at 100 degrees, using the present simple tense. - Facebook",web,supporting,1,1,0,0,supporting,0,0.0,0,
water boils at 100 degrees celsius,factual_true,What is the boiling T of water? Is it always 100 degrees C? - YouTube,web,supporting,1,0,1,0,neutral,0,0.0,0,
water boils at 100 degrees celsius,factual_true,Why is the boiling point of water 100 degrees C? - Quora,web,supporting,1,1,0,0,supporting,0,0.0,0,
water boils at 100 degrees celsius,factual_true,Boiling Point - TerpConnect,web,supporting,9,2,7,0,neutral,0,0.0,0,
water boils at 100 degrees celsius,factual_true,Water boils at 100 degree Celsius and has an angle,knowledge_graph,supporting,0,0,0,0,none,0,0,0,
we only use 10% of our brains,factual_false,Do We Only Use 10% of our Brains?,fact_check,opposing,0,0,0,0,none,0,0,0,
we only use 10% of our brains,factual_false,Ten-percent-of-the-brain myth,encyclopedia,opposing,13,0,10,3,neutral,0,0.0,0,
we only use 10% of our brains,factual_false,Do we mostly use only 10% of our brain? Prevalence and correlates of misconcepti,academic,opposing,1,0,1,0,neutral,0,0.0,0,
we only use 10% of our brains,factual_false,Ten percent of the brain myth - Wikipedia,web,opposing,1,0,0,1,opposing,0,0.0,0,
we only use 10% of our brains,factual_false,Myth: We Only Use 10% of Our Brains – Association for,web,opposing,1,0,1,0,neutral,0,0.0,0,
we only use 10% of our brains,factual_false,We only use 10% of our brains? That’s 100% wrong,web,opposing,1,0,1,0,neutral,0,0.0,0,
we only use 10% of our brains,factual_false,Do we only use 10% of our brains? | Science Questions,web,opposing,10,0,9,1,neutral,0,0.0,0,
we only use 10% of our brains,factual_false,Do we really use only 10 percent of our brains? | Scientific,web,opposing,14,0,13,1,neutral,0,0.0,0,
we only use 10% of our brains,factual_false,Our brains are not us.,knowledge_graph,opposing,0,0,0,0,none,0,0,0,
we only use 10% of our brains,factual_false,"Our Brains are Targets No. 1, Cleared for Firing - an Overview",knowledge_graph,opposing,0,0,0,0,none,0,0,0,
we only use 10% of our brains,factual_false,Our brains electric,knowledge_graph,opposing,0,0,0,0,none,0,0,0,
you lose most body heat through your head,factual_false,Thermoregulation,encyclopedia,opposing,11,0,11,0,neutral,0,0.0,0,
you lose most body heat through your head,factual_false,Fan death,encyclopedia,opposing,14,0,14,0,neutral,0,0.0,0,
you lose most body heat through your head,factual_false,Do You Really Lose Most of Your Body's Heat Through Your Head?,web,opposing,17,0,14,3,neutral,0,0.0,0,
you lose most body heat through your head,factual_false,WVU professor explains how much heat is actually lost through the head,web,opposing,1,0,0,1,opposing,0,0.0,0,
you lose most body heat through your head,factual_false,TRUTH / MYTH? You lose most of your body heat through your head ...,web,opposing,1,0,1,0,neutral,0,0.0,0,
you lose most body heat through your head,factual_false,Body Heat,knowledge_graph,opposing,0,0,0,0,none,0,0,0,
