claim,category,source_title,source_type,expected_stance,sent_index,text,word_count,label,confidence,p_supp,p_neut,p_opp,mismatch_type,is_hard_mismatch,prev_label,next_label,has_negation,has_quotes,has_hedge,has_myth_cue,claim_has_negation
bats are blind,factual_false,Are Bats Blind?,web,opposing,9,Echolocation entails bats emitting high-pitched sounds and using their highly sensitive ears to detect variations in the reflected soundwaves.,19,opposing,0.9995,0.0001,0.0006,0.9995,correct,False,opposing,opposing,False,False,False,False,False
bats are blind,factual_false,Are Bats Blind?,web,opposing,10,Bats can detect objects as small as human hair with echolocation.,11,opposing,0.9995,0.0002,0.0006,0.9995,correct,False,opposing,opposing,False,False,False,False,False
bats are blind,factual_false,"If bats are blind, why do they have eyes? - BBC Science Focu",web,opposing,4,So bats can ‘see’ with both their eyes and their ears.,11,opposing,0.9995,0.0002,0.0005,0.9995,correct,False,opposing,opposing,False,False,False,False,False
bats are blind,factual_false,Myth buster: Bats aren't blind | Forest Preserve District of,web,opposing,6,"The sound waves bounce off objects around the bats then return to their ears, letting them know exactly where trees, structures and even birds and insects are, according to the National Park Service.",33,opposing,0.9995,0.0001,0.0006,0.9995,correct,False,opposing,opposing,False,False,False,False,False
bats are blind,factual_false,Myth buster: Bats aren't blind | Forest Preserve District of,web,opposing,8,"Bats use echolocation both for navigation and to find prey, like insects, the park service reports.",16,opposing,0.9995,0.0001,0.0006,0.9995,correct,False,opposing,opposing,False,False,False,False,False
the Great Wall of China is the only man-made structure visible from space,factual_false,What makes the Great Wall of China the only man-made object ,web,opposing,8,Major highways radiating out like spokes from large cities are typically the most visible structures from space for a camera.,20,opposing,0.9995,0.0,0.0004,0.9995,correct,False,opposing,neutral,False,False,False,False,False
the earth is flat,factual_false,How Do We Know the Earth Isn't Flat? We Asked a NASA Expert:,web,opposing,9,"And today we use the roundness of Earth, the spherical Earth, to use methods in space geodesy to figure out where we are, where we’re going.",26,opposing,0.9995,0.0002,0.0004,0.9995,correct,False,opposing,opposing,False,False,False,False,False
bats are blind,factual_false,Blind Humans Can Develop the Superpower of Bats!,academic,opposing,1,He uses his super-hearing ability to know what is going on in the city.,14,opposing,0.999,0.0001,0.0007,0.999,correct,False,opposing,neutral,False,False,False,False,False
bats are blind,factual_false,Blind Humans Can Develop the Superpower of Bats!,academic,opposing,3,"Bats have an ability called echolocation that helps them to perceive obstacles, food, and potential dangers in the dark.",19,opposing,0.999,0.0001,0.0007,0.999,correct,False,neutral,opposing,False,False,False,False,False
bats are blind,factual_false,Echolocation in soft-furred tree mice,academic,opposing,3,Clear evidence of the behavioral use of echolocation under fully dark conditions was supported by the convergence of ear bone morphology and hearing-related genes with other echolocating mammals.,28,opposing,0.999,0.0001,0.001,0.999,correct,False,opposing,opposing,False,False,False,False,False
bats are blind,factual_false,Echolocation in soft-furred tree mice,academic,opposing,19,"The stylohyal bone fuses with the tympanic bone in soft-furred tree mice, which is an anatomic characteristic previously exclusively observed in laryngeally echolocating bats.",24,opposing,0.999,0.0001,0.0009,0.999,correct,False,opposing,opposing,False,False,False,False,False
bats are blind,factual_false,Echolocation in soft-furred tree mice,academic,opposing,27,"The stylohyal bone fuses with the tympanic bone in soft-furred tree mice, which was previously observed exclusively in laryngeally echolocating bats.",21,opposing,0.999,0.0001,0.001,0.999,correct,False,opposing,opposing,False,False,False,False,False
bats are blind,factual_false,Blind as a Bat? No Such Thing - Bat Conservation Internation,web,opposing,1,"Despite the common phrase, all bats have functional eyes and can see.",12,opposing,0.999,0.0002,0.0006,0.999,correct,False,opposing,opposing,False,False,False,False,False
bats are blind,factual_false,Blind as a Bat? No Such Thing - Bat Conservation Internation,web,opposing,13,"At least seven species of insect-eating bats have demonstrated behavioral responses to ultraviolet light (~365 nm), while the nectar-feeding Pallas’s long-tongued bat (Glossophaga soricina) can discri",33,opposing,0.999,0.0002,0.001,0.999,correct,False,opposing,opposing,False,False,False,False,False
bats are blind,factual_false,Blind as a Bat? No Such Thing - Bat Conservation Internation,web,opposing,14,Some bats even have heat vision – though this superpower doesn’t actually have anything to do with the eyes but rather special thermal receptors on the nose.,27,opposing,0.999,0.0002,0.0009,0.999,correct,False,opposing,opposing,False,False,False,False,False
bats are blind,factual_false,Blind as a Bat? No Such Thing - Bat Conservation Internation,web,opposing,15,"Vampire bats have two versions of this protein, one of which is tuned to a lower heat threshold, letting them sense heat from blood vessels under the skin of their prey from up to 20 centimeters away.",37,opposing,0.999,0.0002,0.0009,0.999,correct,False,opposing,opposing,False,False,False,False,False
bats are blind,factual_false,Are bats blind? | U.S. Geological Survey,web,opposing,0,"Bats have small eyes with very sensitive vision, which helps them see in conditions we might consider pitch black.",19,opposing,0.999,0.0002,0.0006,0.999,correct,False,,neutral,False,False,False,False,False
bats are blind,factual_false,Are Bats Really Blind? | Britannica,web,opposing,9,"A bat’s eyes, far from useless, are attuned to low-light conditions to better aid in finding prey and are enhanced by their super hearing power.",25,opposing,0.999,0.0002,0.0006,0.999,correct,False,opposing,supporting,False,False,False,False,False
bats are blind,factual_false,Are Bats Blind?,web,opposing,3,"Several bat species have large, well-developed eyes and rely on sight as their primary sense for navigation.",17,opposing,0.999,0.0002,0.0008,0.999,correct,False,opposing,opposing,False,False,False,False,False
bats are blind,factual_false,Are Bats Blind?,web,opposing,8,These bats use echolocation to navigate their environment and hunt for insects.,12,opposing,0.999,0.0002,0.0009,0.999,correct,False,opposing,opposing,False,False,False,False,False
bats are blind,factual_false,Why are bats blind? | Science Questions with Surprising Answ,web,opposing,2,"Bats use their good hearing to find food in the dark of night, and their good eyes to find food during the light of day.",25,opposing,0.999,0.0002,0.0007,0.999,correct,False,opposing,opposing,False,False,False,False,False
bats are blind,factual_false,Why are bats blind? | Science Questions with Surprising Answ,web,opposing,6,"Both megabat and microbats rely on vision during social interactions with one another, to watch for predators, and for navigating across landscapes.",22,opposing,0.999,0.0002,0.001,0.999,correct,False,opposing,opposing,False,False,False,False,False
bats are blind,factual_false,Why are bats blind? | Science Questions with Surprising Answ,web,opposing,7,Megabats have large eyes and depend on vision to orient themselves during flight and to find food.,17,opposing,0.999,0.0002,0.0008,0.999,correct,False,opposing,opposing,False,False,False,False,False
bats are blind,factual_false,Are Bats Really Blind? | Live Science,web,opposing,3,"Researchers reporting in a 2009 study in the journal PLOS ONE, for example, found that Pallas's long-tongued bat (Glossophaga soricina) and Seba's short-tailed bat (Carollia perspicillata), two small ",48,opposing,0.999,0.0002,0.0006,0.999,correct,False,neutral,opposing,False,True,False,False,False
bats are blind,factual_false,Are Bats Really Blind? | Live Science,web,opposing,6,"Rousettus aegyptiacus, the Egyptian fruit bat, has sharp vision and echolocation abilities.",12,opposing,0.999,0.0002,0.0007,0.999,correct,False,opposing,opposing,False,False,False,False,False
bats are blind,factual_false,Are Bats Really Blind? | Live Science,web,opposing,8,"They especially sped up echolocation as they landed after flight, suggesting they combine information from sight and sound to gauge distances accurately, the researchers wrote.",25,opposing,0.999,0.0001,0.001,0.999,correct,False,opposing,opposing,False,False,False,False,False
bats are blind,factual_false,"If bats are blind, why do they have eyes? - BBC Science Focu",web,opposing,3,"At night, however, most bats use echolocation to find prey – sending out ultrasonic sound waves and listening for the echoes.",21,opposing,0.999,0.0001,0.0007,0.999,correct,False,opposing,opposing,False,False,False,False,False
bats are blind,factual_false,Myth buster: Bats aren't blind | Forest Preserve District of,web,opposing,2,"In fact, bats have good eyesight, according to the National Park Service.",12,opposing,0.999,0.0002,0.0006,0.999,correct,False,opposing,opposing,False,False,False,False,False
bulls are enraged by the color red,factual_false,Do Bulls Get Angry When They See Red? - ScienceInsights,web,opposing,1,Bulls do not get angry when they see the color red.,11,opposing,0.999,0.0003,0.0006,0.999,correct,False,neutral,neutral,True,False,False,False,False
dogs can only see in black and white,factual_false,Black dog (folklore),encyclopedia,opposing,7,The dogs belonging to the ferrishyn or Manx fairies can be found in a wide variety of colors.,18,opposing,0.999,0.0001,0.0009,0.999,correct,False,neutral,opposing,False,False,False,False,False
dogs can only see in black and white,factual_false,Canine terminology,encyclopedia,opposing,4,"Today, dogs exhibit a diverse array of fur coats, including dogs without fur, such as the Mexican Hairless Dog.",19,opposing,0.999,0.0001,0.0007,0.999,correct,False,opposing,opposing,False,False,False,False,False
dogs can only see in black and white,factual_false,Canine terminology,encyclopedia,opposing,11,"In English Setters, this color pattern is called a Belton pattern.",11,opposing,0.999,0.0001,0.0011,0.999,correct,False,opposing,opposing,False,False,False,False,False
dogs can only see in black and white,factual_false,Do Dogs See in Black and White? - Patton Veterinary Hospital,web,opposing,6,"If you want a toy that’s visually appealing to your pooch, look for blue, purple or yellow.",17,opposing,0.999,0.0001,0.0008,0.999,correct,False,neutral,opposing,False,False,False,False,False
dogs can only see in black and white,factual_false,Do Dogs See in Black and White? - Patton Veterinary Hospital,web,opposing,10,It’s what causes the eyes to appear to glow when a camera flash or other light hits the back of the eye.,22,opposing,0.999,0.0,0.0011,0.999,correct,False,neutral,neutral,False,False,False,False,False
dogs can only see in black and white,factual_false,Can Dogs See Color? Here's What Veterinarians Say - Chewy,web,opposing,4,"“Dogs have dichromatic color vision, which means they have two types of cone photoreceptors within their retina,” explains Dr. Kristin Fischer, DVM, DAVCO, a veterinary ophthalmologist at Animal Eye C",36,opposing,0.999,0.0001,0.001,0.999,correct,False,neutral,opposing,False,True,False,False,False
dogs can only see in black and white,factual_false,Do all animals see in black and white or is it just dogs (or,web,opposing,0,"Dogs don't see in black and white - rather, they only have two colour receptors (whereas we have three).",19,opposing,0.999,0.0003,0.0006,0.999,correct,False,,,True,True,False,False,False
dogs can only see in black and white,factual_false,Can Dogs See Light Yellow? - Wag!,web,opposing,4,"Instead, purchase blue and yellow toys and leave the red and green ones on the shelves.",16,opposing,0.999,0.0001,0.001,0.999,correct,False,opposing,supporting,False,False,False,False,False
dogs can only see in black and white,factual_false,Can Dogs See Light Yellow? - Wag!,web,opposing,17,"While yellow and blue are the easiest colors for your dog to see, purple is a great alternative, because it sticks out against the color of grass to your pooch.",30,opposing,0.999,0.0,0.0008,0.999,correct,False,neutral,neutral,False,False,False,False,False
drinking bleach cures diseases,factual_false,Controversial Church Believes Drinking Bleach Cures All Dise,web,opposing,14,"Wow Pat, not to ""dis"" your beliefs, bleach can kill.",10,opposing,0.999,0.0002,0.001,0.999,correct,False,neutral,neutral,True,True,False,False,False
drinking bleach cures diseases,factual_false,People are still drinking bleach—and vomiting and pooping,web,opposing,6,"It’s toxic to drink and can cause severe diarrhea, vomiting, life-threatening low blood pressure, acute liver failure, and damage to the digestive tract and kidneys.",25,opposing,0.999,0.0001,0.0011,0.999,correct,False,neutral,neutral,False,False,False,False,False
drinking bleach cures diseases,factual_false,"Alan Keyes Wants YOU To Drink Bleach (Do Not Do That, You Wi",web,opposing,3,"Because drinking bleach kills you, just like it killed this lady.",11,opposing,0.999,0.0001,0.001,0.999,correct,False,neutral,neutral,False,False,False,False,False
humans only use 10 percent of their brain,factual_false,Do People Only Use 10 Percent of Their Brains? | Scientific ,web,opposing,9,"""Evidence would show over a day you use 100 percent of the brain,"" says John Henley, a neurologist at the Mayo Clinic in Rochester, Minn.

What's not understood is how clusters of neurons from the div",44,opposing,0.999,0.0002,0.0007,0.999,correct,False,neutral,neutral,True,True,False,False,False
lightning never strikes the same place twice,factual_false,"Claim Verification: ""Lightning never strikes the same place ",academic,opposing,3,"Four independent authoritative sources — the National Weather Service, NOAA's National Severe Storms Laboratory, NASA, and Encyclopaedia Britannica — all confirm that lightning regularly strikes the s",34,opposing,0.999,0.0003,0.0006,0.999,correct,False,opposing,neutral,False,True,False,False,True
lightning never strikes the same place twice,factual_false,Can Lightning Strike the Same Place Twice? | Britannica,web,opposing,4,"In reality, lightning can and will strike the same place twice, whether it be during the same storm or even centuries later.",22,opposing,0.999,0.0003,0.0007,0.999,correct,False,neutral,neutral,False,False,False,False,True
lightning never strikes the same place twice,factual_false,Lightning Myths,web,opposing,1,"Fact: Lightning often strikes the same place repeatedly, especially if it's a tall, pointy, isolated object.",16,opposing,0.999,0.0002,0.0007,0.999,correct,False,neutral,opposing,False,True,False,False,True
lightning never strikes the same place twice,factual_false,Lightning safety: 10 myths—and the facts | III,web,opposing,0,"Fact: Lightning often strikes the same place repeatedly, especially if it’s a tall, pointy, isolated object.",16,opposing,0.999,0.0002,0.0007,0.999,correct,False,,,False,False,False,False,True
the Great Wall of China is the only man-made structure visible from space,factual_false,Artificial structures visible from space,encyclopedia,opposing,0,"Artificial structures visible from space
Artificial structures visible from space without magnification include highways, dams, and cities.",17,opposing,0.999,0.0001,0.0009,0.999,correct,False,,neutral,False,False,False,False,False
the Great Wall of China is the only man-made structure visible from space,factual_false,Forget the Great Wall: the human landmark astronauts actuall,web,opposing,3,"Why Almería stands out so clearly
Visibility from orbit depends on a combination of scale, contrast, and reflectivity.",18,opposing,0.999,0.0,0.0011,0.999,correct,False,neutral,neutral,False,False,False,False,False
the earth is flat,factual_false,How Do We Know the Earth Isn't Flat? We Asked a NASA Expert:,web,opposing,4,"They made the first orbit of Earth by sea, and they knew the Earth was round, allowing them to go across one ocean and come back home the other way.",30,opposing,0.999,0.0002,0.0008,0.999,correct,False,neutral,opposing,False,False,False,False,False
the earth is flat,factual_false,How Do We Know the Earth Isn't Flat? We Asked a NASA Expert:,web,opposing,6,"But then, at the dawn of the space age, in the late 50s and 60s, we were able to see for ourselves that our beautiful home is a gorgeous round object known as a sphere.",35,opposing,0.999,0.0002,0.001,0.999,correct,False,opposing,neutral,False,False,False,False,False
the earth is flat,factual_false,Why the Earth is actually 100% flat | Science | The Guardian,web,opposing,12,"It must have a thickness, because we can go underground or underwater.",12,opposing,0.999,0.0002,0.0008,0.999,correct,False,neutral,opposing,False,False,False,False,False
the earth is flat,factual_false,Why some people believe the Earth is flat | BBC Earth,web,opposing,4,"The simple answer is that we live on a bumpy, mountainous, cavernous globe.",13,opposing,0.999,0.0002,0.0006,0.999,correct,False,neutral,opposing,False,False,False,False,False
the earth is flat,factual_false,Introduction - The Flat Earth and its Advocates: A List of R,web,opposing,9,"In 1522, the return of Ferdinand Magellan's expedition seemed to conclusively demonstrate the globular nature of the earth.",18,opposing,0.999,0.0003,0.0007,0.999,correct,False,opposing,neutral,False,True,False,False,False
we only use 10% of our brains,factual_false,Do People Only Use 10 Percent of Their Brains? | Scientific,web,opposing,9,"""Evidence would show over a day you use 100 percent of the brain,"" says John Henley, a neurologist at the Mayo Clinic in Rochester, Minn.

What's not understood is how clusters of neurons from the div",44,opposing,0.999,0.0002,0.0008,0.999,correct,False,neutral,neutral,True,True,False,False,False
we only use 10% of our brains,factual_false,Do we only use 10 percent of our brain? - MIT McGovern Insti,web,opposing,7,"“All of our brain is constantly in use and consumes a tremendous amount of energy,” Halgren says.",17,opposing,0.999,0.0001,0.0009,0.999,correct,False,neutral,neutral,False,True,False,False,False
Einstein failed math in school,factual_false,Did Einstein Really Fail Math? | Ripley's Believe It or Not!,web,opposing,12,"He excelled in math and physics, but performed poorly in non-scientific subjects.",12,opposing,0.9985,0.0003,0.0012,0.9985,correct,False,opposing,opposing,False,False,False,False,False
Einstein failed math in school,factual_false,Making the Grade - 20 Things You Need to Know About Einstein,web,opposing,5,"""Before I was fifteen I had mastered differential and integral calculus.""",11,opposing,0.9985,0.0001,0.0012,0.9985,correct,False,neutral,opposing,False,True,False,False,False
Einstein failed math in school,factual_false,Making the Grade - 20 Things You Need to Know About Einstein,web,opposing,6,"In primary school, he was at the top of his class and ""far above the school requirements"" in math.",19,opposing,0.9985,0.0002,0.0013,0.9985,correct,False,opposing,opposing,False,True,False,False,False
bats are blind,factual_false,The Blind Watchmaker,encyclopedia,opposing,6,"He returns to echolocation, noting that ""Any animal that can hear at all may hear echoes.",16,opposing,0.9985,0.0001,0.0013,0.9985,correct,False,opposing,opposing,False,True,False,False,False
bats are blind,factual_false,Echolocation in soft-furred tree mice,academic,opposing,12,"To test whether soft-furred tree mice generally have evolved echolocation, we conducted multiple behavioral experiments to assess the performance of different species in detecting and avoiding obstacl",41,opposing,0.9985,0.0001,0.0012,0.9985,correct,False,neutral,opposing,False,False,False,False,False
bats are blind,factual_false,Echolocation in soft-furred tree mice,academic,opposing,13,"We further investigated genome-wide convergence in hearing-related genes and the functional convergence of a well-documented echolocation-related gene, prestin, between the soft-furred tree mouse and ",28,opposing,0.9985,0.0001,0.0012,0.9985,correct,False,opposing,opposing,False,False,False,False,False
bats are blind,factual_false,Echolocation in soft-furred tree mice,academic,opposing,25,Multiple lines of evidence for echolocation in soft-furred tree mice (Typhlomys).,11,opposing,0.9985,0.0002,0.0014,0.9985,correct,False,opposing,opposing,False,False,False,False,False
bats are blind,factual_false,Echolocation in soft-furred tree mice,academic,opposing,28,Significant molecular convergence in hearing-related genes and functional convergence of the well-documented echolocation-related gene prestin were found between the soft-furred tree mouse and known e,26,opposing,0.9985,0.0001,0.0013,0.9985,correct,False,opposing,opposing,False,False,False,False,False
bats are blind,factual_false,Echolocation in soft-furred tree mice,academic,opposing,32,"The proximal portion of their stylohyal bone fuses with the tympanic bone, a form previously only seen in laryngeally echolocating bats.",21,opposing,0.9985,0.0001,0.0015,0.9985,correct,False,opposing,opposing,False,False,False,False,False
bats are blind,factual_false,Echolocation in soft-furred tree mice,academic,opposing,33,"Further, we found convergence of hearing-related genes across the genome and of the echolocation-related gene prestin between soft-furred tree mice and echolocating mammals.",23,opposing,0.9985,0.0001,0.0012,0.9985,correct,False,opposing,opposing,False,False,False,False,False
bats are blind,factual_false,Increased emission intensity can compensate for the presence,academic,opposing,0,Abstract Echolocating bats adapt their emissions to succeed in noisy environments.,11,opposing,0.9985,0.0002,0.0014,0.9985,correct,False,,opposing,False,False,False,False,False
bats are blind,factual_false,Blind as a Bat? No Such Thing - Bat Conservation Internation,web,opposing,3,"Visual cues like the movement of fluttering wings can help orient hunting bats, while light cues help bats know when to leave the roost for the night.",27,opposing,0.9985,0.0002,0.0012,0.9985,correct,False,opposing,opposing,False,False,False,False,False
bats are blind,factual_false,Are Bats Blind?,web,opposing,5,"In fact, some species of bats are able to detect polarized light, which humans are unable to see.",18,opposing,0.9985,0.0002,0.0014,0.9985,correct,False,opposing,opposing,False,False,False,False,False
bats are blind,factual_false,Are Bats Blind?,web,opposing,6,"Patterns of polarized light, which are strongest at dusk and dawn, help bats navigate to and from their nests.",19,opposing,0.9985,0.0002,0.0012,0.9985,correct,False,opposing,opposing,False,False,False,False,False
bats are blind,factual_false,Why are bats blind? | Science Questions with Surprising Answ,web,opposing,0,"Category: Biology Published: April 9, 2013
By: Christopher S. Baird, author of The Top 50 Science Questions with Surprising Answers and Associate Professor of Physics at West Texas A&M University
Bats",44,opposing,0.9985,0.0004,0.0009,0.9985,correct,False,,opposing,True,False,False,False,False
bats are blind,factual_false,Why are bats blind? | Science Questions with Surprising Answ,web,opposing,3,The vision of bats is tuned to low-light conditions such as is present during dawn and dusk.,17,opposing,0.9985,0.0002,0.0011,0.9985,correct,False,opposing,opposing,False,False,False,False,False
bats are blind,factual_false,Why are bats blind? | Science Questions with Surprising Answ,web,opposing,8,"Most microbats use echolocation to navigate and find food, and they tend to have smaller eyes, although they, too, use vision during their daily activities and to detect objects outside the effective ",46,opposing,0.9985,0.0002,0.0012,0.9985,correct,False,opposing,opposing,False,False,False,False,False
bats are blind,factual_false,Why are bats blind? | Science Questions with Surprising Answ,web,opposing,9,"Some bats are also capable of visual pattern discrimination, which may assist fruit or nectar bats in finding food.""",19,opposing,0.9985,0.0002,0.001,0.9985,correct,False,opposing,neutral,False,True,False,False,False
bats are blind,factual_false,Are Bats Really Blind? | Live Science,web,opposing,0,"Bats hunt in the dark using echolocation, meaning they use echoes of self-produced sounds bouncing off objects to help them navigate.",21,opposing,0.9985,0.0002,0.0012,0.9985,correct,False,,opposing,False,False,False,False,False
bats are blind,factual_false,Are Bats Really Blind? | Live Science,web,opposing,10,"One of the most common bats in North America, the little brown bat (Myotis lucifugus), has visual receptors that probably allow it to navigate by moonlight and to avoid predators at dusk, a 2009 study",36,opposing,0.9985,0.0003,0.0009,0.9985,correct,False,opposing,opposing,False,False,False,False,False
bats are blind,factual_false,"If bats are blind, why do they have eyes? - BBC Science Focu",web,opposing,2,"As expected in a nocturnal mammal, their eyes are heavily loaded with photoreceptor cells called rods, which maximise their ability to see in the dark.",25,opposing,0.9985,0.0002,0.001,0.9985,correct,False,opposing,opposing,False,False,False,False,False
bats are blind,factual_false,Myth buster: Bats aren't blind | Forest Preserve District of,web,opposing,3,"Some bats, including a few species of fruit bats, have exceptional vision, three times better than our own.",18,opposing,0.9985,0.0002,0.0011,0.9985,correct,False,opposing,opposing,False,False,False,False,False
christopher columbus discovered america,factual_false,Christopher Columbus Facts: The Truth Behind His,web,opposing,2,"Here are some facts to consider the next time you hear someone recite, “In 1492, Columbus sailed the ocean blue...”
Columbus never discovered America but his voyage was no less courageous
Even if you ",66,opposing,0.9985,0.0006,0.0011,0.9985,correct,False,neutral,neutral,True,True,False,False,False
cracking your knuckles causes arthritis,factual_false,Is Cracking Your Knuckles Bad for You?,web,opposing,5,"“But either way, it’s just gas.”
We’ve established that cracking your knuckles correctly won’t enlarge them or cause you to develop arthritis.",22,opposing,0.9985,0.0001,0.0013,0.9985,correct,False,neutral,neutral,False,True,False,False,False
dogs can only see in black and white,factual_false,Canine terminology,encyclopedia,opposing,12,- Merle: Marbled coat with darker patches and spots of the specified color.,13,opposing,0.9985,0.0001,0.0012,0.9985,correct,False,opposing,opposing,False,False,False,False,False
dogs can only see in black and white,factual_false,Canine terminology,encyclopedia,opposing,13,- Particolor: Two-colored coat with the colors appearing in patches in roughly equal quantities.,14,opposing,0.9985,0.0001,0.0015,0.9985,correct,False,opposing,neutral,False,False,False,False,False
dogs can only see in black and white,factual_false,Can animals see colour? - AdelaideVet,web,opposing,6,However cats and dogs only have blue and green cones.,10,opposing,0.9985,0.0001,0.0012,0.9985,correct,False,neutral,neutral,False,False,False,False,False
dogs can only see in black and white,factual_false,Can animals see colour? - AdelaideVet,web,opposing,9,"For example, behavioural tests in dogs suggest that they can distinguish red from blue, but often confuse red and green.",20,opposing,0.9985,0.0001,0.0016,0.9985,correct,False,neutral,neutral,False,False,False,False,False
drinking bleach cures diseases,factual_false,Bleach,encyclopedia,opposing,10,"While the authors suggested that using these cleaning products may significantly increase the cancer risk, this conclusion appears to be hypothetical:
- The highest level cited for a concentration of ",55,opposing,0.9985,0.0001,0.0013,0.9985,correct,False,opposing,neutral,False,False,False,False,False
drinking bleach cures diseases,factual_false,Tooth whitening,encyclopedia,opposing,5,"Damage to enamel
[edit] Teeth enamel can have an adverse negative effect by whitening treatment.",15,opposing,0.9985,0.0001,0.0012,0.9985,correct,False,opposing,opposing,False,False,False,False,False
eating carrots improves your eyesight,factual_false,Do Carrots Actually Improve Vision? | Resource - Milan Eye C,web,opposing,0,Unfortunately eating a barrel of carrots will not improve your vision.,11,opposing,0.9985,0.0003,0.0011,0.9985,correct,False,,neutral,True,False,False,False,False
humans only use 10 percent of their brain,factual_false,Do we only use 10 percent of our brain? - MIT McGovern Insti,web,opposing,7,"“All of our brain is constantly in use and consumes a tremendous amount of energy,” Halgren says.",17,opposing,0.9985,0.0,0.0012,0.9985,correct,False,neutral,neutral,False,True,False,False,False
humans only use 10 percent of their brain,factual_false,We only use 10% of our brains | Centre for Educational Neuro,web,opposing,1,The truth is that essentially we use all of our brains all of the time (though not all neurons are firing at the same time)....,25,opposing,0.9985,0.0002,0.0013,0.9985,correct,False,neutral,,True,False,False,False,False
lightning never strikes the same place twice,factual_false,Can Lightning Strike the Same Place Twice? | Britannica,web,opposing,9,"So, essentially, multiple strikes can happen at the same place in this short period of time.",16,opposing,0.9985,0.0002,0.0014,0.9985,correct,False,opposing,opposing,False,False,False,False,True
lightning never strikes the same place twice,factual_false,Can Lightning Strike the Same Place Twice? | Britannica,web,opposing,12,This makes the likelihood of a place being struck by lightning multiple times incredibly high over a long period of time.,21,opposing,0.9985,0.0002,0.0011,0.9985,correct,False,neutral,opposing,False,False,False,False,True
the Great Wall of China is the only man-made structure visible from space,factual_false,TIL the Great Wall of China is not actually visible from spa,web,opposing,1,: r/MandelaEffect - RedditTIL the Great Wall of China is not visible from space.,14,opposing,0.9985,0.0001,0.0014,0.9985,correct,False,neutral,,True,False,False,False,False
the Great Wall of China is visible from space,factual_false,Can you see the Wall of China from outer space? - JustAnswer,web,opposing,0,"Oct 24, 2006 · The Wall of China is not visible from outer space due to its narrow width and natural color blending with the environment.",26,opposing,0.9985,0.0003,0.0013,0.9985,correct,False,,,True,False,False,False,False
the Sahara desert is the largest desert on earth,factual_false,Largest Desert in the World? (Antarctica vs. Sahara),web,opposing,0,"The largest desert on Earth is the Antarctic Desert, a polar desert covering about 13.96 million km² (5.39 million sq mi).",21,opposing,0.9985,0.0004,0.0013,0.9985,correct,False,,neutral,False,False,False,False,False
the earth is flat,factual_false,The earth is flat,web,opposing,4,"By about 330 BC, his former student Aristotle had provided strong empirical evidence for a spherical Earth.",17,opposing,0.9985,0.0003,0.001,0.9985,correct,False,opposing,opposing,False,False,False,False,False
the earth is flat,factual_false,How Do We Know the Earth Isn't Flat? We Asked a NASA Expert:,web,opposing,8,We have a big round Sun and a beautiful round Earth and a round Mars.,15,opposing,0.9985,0.0003,0.0011,0.9985,correct,False,neutral,opposing,False,False,False,False,False
the earth is flat,factual_false,Is the Earth Flat? | Answers in Genesis,web,opposing,10,"When those experiments are properly conducted to minimize the effect of refraction, they are consistent with a spherical earth.",19,opposing,0.9985,0.0003,0.0013,0.9985,correct,False,neutral,opposing,False,False,False,False,False
the earth is flat,factual_false,Flat earth | Science | Research Starters | EBSCO Research,web,opposing,10,"A succession of ancient Greek mathematicians generated compelling evidence that Earth is round, beginning with Pythagoras around 500 BCE.",19,opposing,0.9985,0.0003,0.0009,0.9985,correct,False,neutral,opposing,False,False,False,False,False
the sun is a star,factual_true,Sun Facts for Kids - Interesting Facts about the Sun,web,supporting,0,"The Sun is a big star that’s in the middle of our solar system
The Sun, a massive star at the center of our solar system, is crucial for sustaining life on Earth.",33,supporting,0.9985,0.9985,0.0014,0.0003,correct,False,,neutral,False,False,False,False,False
vaccines cause autism,factual_false,Do vaccines cause autism? | Autism Speaks,web,opposing,1,The result of this research is clear: vaccines do not cause autism.,12,opposing,0.9985,0.0003,0.001,0.9985,correct,False,neutral,neutral,True,False,False,False,False
5G causes COVID,factual_false,Progressive Use of IoT and 5G Network-Based Systems Post COV,academic,opposing,4,"IoT and 5G network-based systems are the main concepts used in the current review to address the CoV-19 pandemic and its aftermath, with regard to accurate early detection and diagnosis, rapid, target",42,opposing,0.998,0.0003,0.0019,0.998,correct,False,opposing,opposing,False,False,False,False,False
5G causes COVID,factual_false,"5G Doesn’t Cause COVID-19, But the Rumor That It Does Spread",web,opposing,1,"5G Doesn’t Cause COVID-19, But the Rumor That It Does Spread Like a Virus
A version of this article was originally published on the Boston University Hariri Institute News site.",30,opposing,0.998,0.0004,0.0016,0.998,correct,False,opposing,opposing,False,False,False,False,False
5G causes COVID,factual_false,Spreading Like a Virus: False Rumor That 5G Causes COVID-19,web,opposing,7,"Yes, 5g it’s totally safe because it doesn’t cause covid… yes, only retarded people think it’s unsafe.",17,opposing,0.998,0.0004,0.0013,0.998,correct,False,opposing,neutral,False,False,False,False,False
Einstein failed math in school,factual_false,[FREE] Albert Einstein did not fail mathematics classes in s,web,opposing,0,"October 24, 2023 - In summary, Albert Einstein did not fail in math during his school years.",17,opposing,0.998,0.0006,0.0012,0.998,correct,False,,opposing,True,False,False,False,False
bats are blind,factual_false,Blind Humans Can Develop the Superpower of Bats!,academic,opposing,5,Keep reading to find out what happens in the brain to allow humans to have an echolocation superpower like bats!,20,opposing,0.998,0.0002,0.002,0.998,correct,False,opposing,,False,False,False,False,False
bats are blind,factual_false,Echolocation in soft-furred tree mice,academic,opposing,8,"There are three other recognized species in the soft-furred tree mice genus (Typhlomys) that share similar ecological and morphological traits, suggesting that echolocation may be a general trait with",31,opposing,0.998,0.0002,0.002,0.998,correct,False,opposing,opposing,False,False,False,False,False
bats are blind,factual_false,Echolocation in soft-furred tree mice,academic,opposing,20,"By sequencing a high-quality genome of the soft-furred tree mouse, we found a significant genome-wide convergence in hearing-related genes with other echolocating mammals, including the well-documente",29,opposing,0.998,0.0001,0.0016,0.998,correct,False,opposing,opposing,False,False,False,False,False
bats are blind,factual_false,Echolocation in soft-furred tree mice,academic,opposing,30,"Here, we show that soft-furred tree mice (Typhlomys) echolocate based on multiple independent lines of evidence.",16,opposing,0.998,0.0001,0.0018,0.998,correct,False,opposing,opposing,False,False,False,False,False
bats are blind,factual_false,Increased emission intensity can compensate for the presence,academic,opposing,3,We used an echo-detection paradigm where participants listened to binaural recordings of echolocation sounds (i.e.,15,opposing,0.998,0.0002,0.0017,0.998,correct,False,opposing,opposing,False,False,False,False,False
bats are blind,factual_false,Are Bats Really Blind? | Britannica,web,opposing,6,"Because they hunt mostly in the dead of night, when lighting conditions are, of course, very dark, bats rely on echolocation to pinpoint exact locations of prey.",27,opposing,0.998,0.0003,0.0019,0.998,correct,False,opposing,neutral,False,False,False,False,False
bats are blind,factual_false,Are Bats Blind?,web,opposing,11,"However, in an enclosed space like an attic, people can hear the clicks and squeaks of a bat colony.",19,opposing,0.998,0.0002,0.0018,0.998,correct,False,opposing,opposing,False,False,False,False,False
bats are blind,factual_false,Why are bats blind? | Science Questions with Surprising Answ,web,opposing,1,"While most bats do have advanced ears that give them a form of vision in the dark known as echolocation, these good ears does not require them to have bad eyes.",31,opposing,0.998,0.0003,0.0017,0.998,correct,False,opposing,opposing,True,False,False,False,False
bats are blind,factual_false,Are Bats Really Blind? | Live Science,web,opposing,4,"In fact, some of the receptors may enable these bat species to see ultraviolet light, wavelengths of color that are outside of the human visual spectrum.",26,opposing,0.998,0.0002,0.0016,0.998,correct,False,opposing,opposing,False,False,False,False,False
bats are blind,factual_false,Are Bats Really Blind? | Live Science,web,opposing,7,"In a 2015 study published in the journal Current Biology, researchers found that bats echolocate more the darker it is, but keep making their clicking sounds even in bright light.",30,opposing,0.998,0.0002,0.0019,0.998,correct,False,opposing,opposing,False,False,False,False,False
bats are blind,factual_false,"If bats are blind, why do they have eyes? - BBC Science Focu",web,opposing,1,"All bats rely on sight to find food, avoid predators and navigate to and from roosts.",16,opposing,0.998,0.0003,0.0016,0.998,correct,False,opposing,opposing,False,False,False,False,False
bats are blind,factual_false,Are Bats Blind? The Truth About Bat Vision and Sensory Trade,web,opposing,6,"By analyzing these genes in 111 bat species, researchers found that many bats still possess some level of functional vision, particularly in the middle and long-wavelength spectrum.",27,opposing,0.998,0.0003,0.0016,0.998,correct,False,opposing,opposing,False,False,False,False,False
bats are blind,factual_false,Are Bats Blind? The Truth About Bat Vision and Sensory Trade,web,opposing,12,"""Bats are not blind, with most species capable of seeing in both the UV and middle range of the color spectrum.",21,opposing,0.998,0.0005,0.0014,0.998,correct,False,opposing,opposing,True,True,False,False,False
bats are blind,factual_false,Just How Blind Are Bats? Color Vision Gene Study Examines Ke,web,opposing,0,"January 21, 2019 - “Bats are not blind, with most species capable of seeing in both the UV and middle range of the color spectrum.",25,opposing,0.998,0.0004,0.0014,0.998,correct,False,,opposing,True,True,False,False,False
bulls are enraged by the color red,factual_false,Do Bulls Really Hate The Color Red Or Are They Color Blind?,web,opposing,0,"Table of Contents (click to expand)
Bulls are not provoked by the color red.",14,opposing,0.998,0.0006,0.0013,0.998,correct,False,,neutral,True,False,False,False,False
dogs can only see in black and white,factual_false,Can Dogs See Light Yellow? - Wag!,web,opposing,13,"The group determined that dogs can see blues and yellows, but reds, greens, and any colors that the two previous colors make are not recognized by dogs the way that people see them.",33,opposing,0.998,0.0001,0.002,0.998,correct,False,opposing,neutral,True,False,False,False,False
drinking bleach cures diseases,factual_false,Tooth whitening,encyclopedia,opposing,9,"Other risks
[edit] Evidence suggests that hydrogen peroxide might act as a tumour promoter.",14,opposing,0.998,0.0001,0.0018,0.998,correct,False,neutral,opposing,False,False,False,False,False
drinking bleach cures diseases,factual_false,People are still drinking bleach—and vomiting and pooping,web,opposing,9,"But in this week’s consumer alert, the agency said that it has continued to receive “many reports” of consumers sickened by these bleach-based potions.",24,opposing,0.998,0.0001,0.0018,0.998,correct,False,neutral,opposing,False,True,False,False,False
humans only use 10 percent of their brain,factual_false,You don't say? Brain space - Harvard Health,web,opposing,4,Brain scans like magnetic resonance imaging (MRI) and positron emission tomography (PET) show that people regularly use all of the brain.,21,opposing,0.998,0.0002,0.0016,0.998,correct,False,neutral,neutral,False,False,False,False,False
lightning never strikes the same place twice,factual_false,Lightning,encyclopedia,opposing,15,"In fact, lightning can, and often does, strike the same place more than once.",14,opposing,0.998,0.0002,0.0017,0.998,correct,False,neutral,,False,False,False,False,True
lightning never strikes the same place twice,factual_false,MythBuster: Lightning Never Strikes the Same Place Twice — S,web,opposing,4,"The Truth: Lightning Is A Repeat Offender
Lightning often strikes the same spot multiple times.",15,opposing,0.998,0.0005,0.0017,0.998,correct,False,opposing,opposing,False,False,False,False,True
lightning never strikes the same place twice,factual_false,Lightning never strikes the same place twice: myth or realit,web,opposing,15,"She can hit the same spot multiple times, and that's common!",11,opposing,0.998,0.0001,0.0019,0.998,correct,False,neutral,neutral,False,True,False,False,True
shaving makes hair grow back thicker,factual_false,A REVIEW ON SAFETY AND EFFICACY OF KARAVEERADI TAILA AS LOMA,academic,opposing,12,Thus there is necessary of better and cost effective Ayurvedic formulation for hair removing without any side effects which removes hair permanently.,22,opposing,0.998,0.0001,0.0018,0.998,correct,False,opposing,,False,False,False,False,False
shaving makes hair grow back thicker,factual_false,Shaving & Hair: Does It Grow Back Thicker? The Skin Company,web,opposing,2,"Shaving and its Impact on Hair Growth
Shaving is a common hair removal method used by millions around the world.",20,opposing,0.998,0.0001,0.0016,0.998,correct,False,neutral,neutral,False,False,False,False,False
smoking causes lung cancer,factual_true,Lung Cancer Risk Factors | Lung Cancer | CDC,web,supporting,13,"Cigarette smoking causes cancer of the mouth and throat, esophagus, stomach, colon, rectum, liver, pancreas, voicebox (larynx), lung, trachea, bronchus, kidney and renal pelvis, urinary bladder, cervi",31,supporting,0.998,0.998,0.0014,0.0006,correct,False,neutral,supporting,False,False,False,False,False
the Great Wall of China is visible from space,factual_false,"It's often said that ""...the Great Wall of China is the only",web,opposing,0,"Oct 19, 2021 · The Great Wall of China is not visible to the naked eye from space, even in low-earth orbit.",22,opposing,0.998,0.0006,0.0015,0.998,correct,False,,,True,False,False,False,False
the earth is flat,factual_false,How Do We Know the Earth Isn't Flat? We Asked a NASA Expert:,web,opposing,11,"So as we get ready to go back to the Moon with women and men and explore other worlds, the roundness of our solar system and our universe is a special thing.",32,opposing,0.998,0.0002,0.0016,0.998,correct,False,opposing,opposing,False,False,False,False,False
the earth is flat,factual_false,Flat earth | Science | Research Starters | EBSCO Research,web,opposing,5,Ancient Greek mathematicians first discovered compelling evidence that Earth is a sphere about 500 BCE.,15,opposing,0.998,0.0005,0.0015,0.998,correct,False,neutral,opposing,False,False,False,False,False
the earth is flat,factual_false,Flat earth | Science | Research Starters | EBSCO Research,web,opposing,11,Pythagoras concluded that Earth was spherical based on detailed observations of lunar phenomena.,13,opposing,0.998,0.0005,0.0017,0.998,correct,False,opposing,opposing,False,False,False,False,False
the great wall of china is visible from space,factual_false,Can You See the Great Wall of China from Space? - Universe T,web,opposing,16,But you can't see the Great Wall of China from space.,11,opposing,0.998,0.0009,0.0013,0.998,correct,False,neutral,neutral,True,True,False,False,False
the great wall of china is visible from space,factual_false,Was the Great Wall of China really visible from space? The,web,opposing,9,"The Reality of the Situation
The reality of the situation is that the Great Wall of China is not visible from space.",22,opposing,0.998,0.0007,0.0014,0.998,correct,False,neutral,opposing,True,False,False,False,False
vaccines cause autism,factual_false,Vaccines and autism: What Colorado families should know,web,opposing,6,The MMR vaccine is safe and does not cause autism.,10,opposing,0.998,0.0004,0.0017,0.998,correct,False,neutral,neutral,True,False,False,False,False
we only use 10% of our brains,factual_false,Ten-percent-of-the-brain myth,encyclopedia,opposing,5,"[edit] Neurologist Barry Gordon refuted the theory, stating: ""We use virtually every part of the brain, and [...] (most of) the brain is active almost all the time.""",28,opposing,0.998,0.0001,0.0019,0.998,correct,False,neutral,neutral,False,True,True,False,False
5G causes COVID,factual_false,Progressive Use of IoT and 5G Network-Based Systems Post COV,academic,opposing,3,Various devices provide promising performance and are effective in maintaining physical distancing among the people.,15,opposing,0.9976,0.0001,0.0021,0.9976,correct,False,opposing,opposing,False,False,False,False,False
5G causes COVID,factual_false,"5G Doesn’t Cause COVID-19, But the Rumor That It Does Spread",web,opposing,0,"5G Doesn’t Cause COVID-19, But the Rumor It Does Spread Like a Virus.",13,opposing,0.9976,0.0007,0.0018,0.9976,correct,False,,opposing,False,False,False,False,False
Einstein failed math in school,factual_false,Science myths: did Einstein fail his fourth grade math class,web,opposing,10,"Actually, I did, as it was answered in the first quote already stating that Einstein was at the top of his class in primary education.",25,opposing,0.9976,0.0001,0.0024,0.9976,correct,False,opposing,neutral,False,False,False,False,False
MSG is dangerous to consume,factual_false,"MSG Is Perfectly Safe to Consume, but We All Spent Several",web,opposing,0,"MSG Is Perfectly Safe to Consume, but We All Spent Several Decades Freaking Out over It Anyway
Every other Wednesday in Fads!Crazes!Panics!, Luke T. Harrington looks at one of the random obsessions to",52,opposing,0.9976,0.0009,0.0014,0.9976,correct,False,,neutral,False,False,False,False,False
bats are blind,factual_false,Exploring the Mysteries of Bats: The Modern Approaches Trans,academic,opposing,2,"Even though they are not blind, many species of bats possess highly developed ultrasonic bio-sonar abilities known as ""echolocation,"" which they employ to navigate and capture insects in complete dark",30,opposing,0.9976,0.0005,0.0017,0.9976,correct,False,neutral,neutral,True,True,False,False,False
bats are blind,factual_false,Blind as a Bat? No Such Thing - Bat Conservation Internation,web,opposing,0,"By Alyson Brokaw
First things first – bats are NOT blind!",11,opposing,0.9976,0.0006,0.0019,0.9976,correct,False,,opposing,True,False,False,False,False
bats are blind,factual_false,Are Bats Really Blind? | Live Science,web,opposing,5,"This ability may be useful because many flowers reflect UV light, and both bats rely on plants for food.",19,opposing,0.9976,0.0002,0.0025,0.9976,correct,False,opposing,opposing,False,False,False,False,False
bats are blind,factual_false,Are Bats Blind? The Truth About Bat Vision and Sensory Trade,web,opposing,9,"""Our work supports previous hypotheses which suggest the pseudogenization [or loss] of the SWS1 opsin may be related to the adoption of advanced echolocation (high-duty cycle) and cave roosting habits",38,opposing,0.9976,0.0002,0.0021,0.9976,correct,False,opposing,opposing,False,True,False,False,False
dogs can only see in black and white,factual_false,Can animals see colour? - AdelaideVet,web,opposing,3,This means they have a useful level of colour vision.,10,opposing,0.9976,0.0001,0.0023,0.9976,correct,False,opposing,neutral,False,False,False,False,False
dogs can only see in black and white,factual_false,Can animals see colour? - AdelaideVet,web,opposing,13,"Also, their pupils function much as the aperture for a camera does, dilating significantly when they need to take in extra light.",22,opposing,0.9976,0.0002,0.0023,0.9976,correct,False,opposing,neutral,False,False,False,False,False
drinking bleach cures diseases,factual_false,Drinking Bleach Is No Cure for Coronavirus and Poses Serious,web,opposing,7,"The Food and Drug Administration (FDA) has previously
According to the FDA, such products develop into a dangerous bleach when mixed with citric acid as directed.",26,opposing,0.9976,0.0001,0.0025,0.9976,correct,False,neutral,opposing,False,False,False,False,False
drinking bleach cures diseases,factual_false,FDA Warns of “Cure-All” Products That Actually Contain,web,opposing,6,"Recently, new reports of individuals experiencing severe vomiting, severe diarrhea, life-threatening hypotension caused by dehydration and acute liver failure after drinking these products were submit",30,opposing,0.9976,0.0001,0.0025,0.9976,correct,False,opposing,neutral,False,False,False,False,False
humans only use 10 percent of their brain,factual_false,Beyond the Myth That We Use Only 10 Percent of Our Brains | ,web,opposing,7,Modern neuroscience provides robust evidence that we use virtually every part of our brain across various cognitive and physiological tasks.,20,opposing,0.9976,0.0001,0.0024,0.9976,correct,False,neutral,neutral,False,False,False,False,False
lightning never strikes the same place twice,factual_false,MythBuster: Lightning Never Strikes the Same Place Twice — S,web,opposing,8,"If a building, tree, or mountain peak offers a direct route to the ground, lightning will strike it—again and again.",20,opposing,0.9976,0.0003,0.002,0.9976,correct,False,neutral,opposing,False,False,False,False,True
shaving makes hair grow back thicker,factual_false,Shaving,encyclopedia,opposing,8,"[edit] Shaving does not cause terminal hair to grow back thicker, coarser or darker.",14,opposing,0.9976,0.0004,0.0018,0.9976,correct,False,neutral,neutral,True,False,False,False,False
shaving makes hair grow back thicker,factual_false,A REVIEW ON SAFETY AND EFFICACY OF KARAVEERADI TAILA AS LOMA,academic,opposing,5,"The methods used to remove hair have varied in different times and regions, but shaving is the most common method.",20,opposing,0.9976,0.0001,0.0023,0.9976,correct,False,opposing,opposing,False,False,False,False,False
shaving makes hair grow back thicker,factual_false,Does Shaving Make Your Hair Grow Back Thicker? - Skincare.co,web,opposing,4,"To set the record straight, shaving does not make your hair grow back thicker.",14,opposing,0.9976,0.0006,0.0019,0.9976,correct,False,neutral,neutral,True,False,False,False,False
the Amazon rainforest produces about 20% of the world's oxygen,factual_false,"No, the Amazon Rainforest Doesn’t Produce 20% of Our Oxygen,",web,opposing,9,"As several scientists have pointed out in recent days, the Amazon’s net contribution to the oxygen we breathe likely hovers around zero.”
It’s Really Close’: How the Amazon Rainforest Could Self-Destr",44,opposing,0.9976,0.0003,0.0021,0.9976,correct,False,neutral,opposing,False,True,False,False,False
the Sahara desert is the largest desert on earth,factual_false,What makes the Sahara the largest desert in the world? |,web,opposing,1,"Category: Earth Science Published: December 13, 2012
By: Christopher S. Baird, author of The Top 50 Science Questions with Surprising Answers and Associate Professor of Physics at West Texas A&M Unive",41,opposing,0.9976,0.0005,0.0019,0.9976,correct,False,supporting,neutral,True,False,False,False,False
the earth is flat,factual_false,Flat Earth,encyclopedia,opposing,6,"They also need to explain why governments, media outlets, schools, scientists, surveyors, airlines and other organizations accept that the world is spherical.",22,opposing,0.9976,0.0005,0.0021,0.9976,correct,False,opposing,neutral,False,False,False,False,False
the earth is flat,factual_false,Introduction - The Flat Earth and its Advocates: A List of R,web,opposing,6,"Ancient Greek philosophers, scholars and learned people debated the question before coming to the consensus that the Earth was a sphere.",21,opposing,0.9976,0.0005,0.0018,0.9976,correct,False,neutral,opposing,False,False,False,False,False
the great wall of china is visible from space,factual_false,Can You Really See the Great Wall of China from Space? - Dai,web,opposing,6,"As a result, the Great Wall of China is not visible from outer space without the aid of telescopic lenses or high-resolution cameras, which can zoom in and provide a much closer view.",33,opposing,0.9976,0.0008,0.0019,0.9976,correct,False,neutral,opposing,True,False,False,False,False
the great wall of china is visible from space,factual_false,Was the Great Wall of China really visible from space? The,web,opposing,16,"Conclusion
In conclusion, the Great Wall of China is not visible from space, despite the popular myth that has been around for centuries.",23,opposing,0.9976,0.0006,0.0017,0.9976,correct,False,opposing,neutral,True,False,False,True,False
vaccines cause autism,factual_false,Vaccines cause autism,web,opposing,0,"Extensive investigation into vaccines and autism spectrum disorder has shown that there is no relationship between the two, causal or otherwise, and that vaccine ingredients do not cause autism.",29,opposing,0.9976,0.0005,0.0021,0.9976,correct,False,,opposing,True,False,False,False,False
vaccines cause autism,factual_false,Do vaccines cause autism? | Autism Speaks,web,opposing,10,- This large-scale meta-review provides strong evidence that vaccines and their ingredients do not cause autism.,16,opposing,0.9976,0.0006,0.002,0.9976,correct,False,opposing,opposing,True,False,False,False,False
5G causes COVID,factual_false,Progressive Use of IoT and 5G Network-Based Systems Post COV,academic,opposing,5,"Adopting intelligent digitization will help address the pandemic scenario, which will lead to the creation of new methods and technologies to successfully eradicate any epidemic condition in future.",28,opposing,0.9971,0.0001,0.0029,0.9971,correct,False,opposing,,False,False,False,False,False
5G causes COVID,factual_false,5G technology does not cause or spread coronavirus - UNICEF,web,opposing,0,"5G technology does not cause or spread coronavirus This conspiracy theory is more often believed by those who do not use the internet (47%), which indicates a significant impact of the digital divide ",36,opposing,0.9971,0.0005,0.0024,0.9971,correct,False,,,True,False,False,False,False
Einstein failed math in school,factual_false,Did Einstein Really Fail Math? | Ripley's Believe It or Not!,web,opposing,11,"Naturally, being Albert Einstein, he was two years younger than the other applicants and, being Albert Einstein, he performed admirably in the math test.",24,opposing,0.9971,0.0002,0.0028,0.9971,correct,False,neutral,opposing,False,False,False,False,False
MSG is dangerous to consume,factual_false,Glutamate flavoring,encyclopedia,opposing,8,"The EU has not yet published an official NOAEL (no observable adverse effect level) for glutamate, but a 2006 consensus statement of a group of German experts drawing from animal studies was that a da",51,opposing,0.9971,0.0005,0.0025,0.9971,correct,False,opposing,neutral,True,False,False,False,False
MSG is dangerous to consume,factual_false,Should someone actively avoid msg? Is it a myth that is bad ,web,opposing,0,"Aug 3, 2020 · Monosodium glutamate (MSG) is generally recognized as safe by health authorities.",15,opposing,0.9971,0.0005,0.0027,0.9971,correct,False,,,False,False,False,False,False
bats are blind,factual_false,Echolocation in soft-furred tree mice,academic,opposing,0,New echolocator Echolocation is a well demonstrated convergent sensory mode in bats and toothed whales.,15,opposing,0.9971,0.0003,0.0028,0.9971,correct,False,,neutral,False,False,False,False,False
bats are blind,factual_false,Echolocation in soft-furred tree mice,academic,opposing,6,"Echolocating mammals have been recognized for decades, including microbats and toothed whales.",12,opposing,0.9971,0.0002,0.0029,0.9971,correct,False,opposing,opposing,False,False,False,False,False
bats are blind,factual_false,Echolocation in soft-furred tree mice,academic,opposing,10,RATIONALE Echolocation occurs when emitted sonic signals are compared with received signals to facilitate orientation and object identification.,18,opposing,0.9971,0.0001,0.0028,0.9971,correct,False,opposing,neutral,False,False,False,False,False
bats are blind,factual_false,Emergence of Maps in the Memories of Blind Navigation Agents,academic,opposing,0,"Decades of research into intelligent animal navigation posits that organisms build and maintain internal spatial representations (or maps) 1 of their environment, that enables the organism to determin",44,opposing,0.9971,0.0001,0.0027,0.9971,correct,False,,opposing,False,True,False,False,False
bats are blind,factual_false,Blind as a Bat? No Such Thing - Bat Conservation Internation,web,opposing,12,"So far, all bats studied have functioning LWS genes, with highest sensitivity in the orange/red wavelengths of the color spectrum.",20,opposing,0.9971,0.0002,0.0025,0.9971,correct,False,opposing,opposing,False,False,False,False,False
bats are blind,factual_false,Are Bats Really Blind? | Live Science,web,opposing,1,"In fact, research shows that depending on the circumstances, bats sometimes prefer using eyesight to sound when hunting.",18,opposing,0.9971,0.0004,0.0026,0.9971,correct,False,opposing,neutral,False,False,False,False,False
bats are blind,factual_false,Just How Blind Are Bats? Color Vision Gene Study Examines Ke,web,opposing,1,"This suggests that vision is still an important means of sensory perception even in echolocating, nocturnal bats.",17,opposing,0.9971,0.0004,0.0026,0.9971,correct,False,opposing,,False,False,False,False,False
cracking your knuckles causes arthritis,factual_false,Does cracking your knuckles cause arthritis? | Arthritis UK,web,opposing,7,Dr Unger concluded that cracking knuckles does not cause arthritis.,10,opposing,0.9971,0.0004,0.0023,0.9971,correct,False,neutral,opposing,True,False,False,False,False
dogs can only see in black and white,factual_false,Can animals see colour? - AdelaideVet,web,opposing,2,"Cats and dogs have two kinds of cones, which are sensitive to blue and green light.",16,opposing,0.9971,0.0001,0.0028,0.9971,correct,False,neutral,opposing,False,False,False,False,False
dogs can only see in black and white,factual_false,Can Dogs See Light Yellow? - Wag!,web,opposing,2,"That is probably because dogs are able to see blue and yellow without any issues, but red and green are much more difficult.",23,opposing,0.9971,0.0001,0.0029,0.9971,correct,False,opposing,opposing,False,False,False,False,False
drinking bleach cures diseases,factual_false,Tooth whitening,encyclopedia,opposing,11,"Moreover, severe damage to intracoronal dentine and tooth crown fracture can occur due to this bleaching method.",17,opposing,0.9971,0.0001,0.0026,0.9971,correct,False,opposing,neutral,False,False,False,False,False
drinking bleach cures diseases,factual_false,Controversial Church Believes Drinking Bleach Cures All Dise,web,opposing,1,"In fact, not only is this substance unlikely to solve any existing health problems - it may actually cause some new ones.",22,opposing,0.9971,0.0001,0.0029,0.9971,correct,False,neutral,neutral,True,False,False,False,False
drinking bleach cures diseases,factual_false,How drinking bleach became a dangerous wellness trend,web,opposing,0,"From ‘MMS’ to ‘aerobic oxygen’, why drinking bleach has become a dangerous ... There’s no evidence that drinking it cures any disease.",22,opposing,0.9971,0.0004,0.0026,0.9971,correct,False,,,True,False,True,False,False
humans only use 10 percent of their brain,factual_false,Ten-percent-of-the-brain myth,encyclopedia,opposing,5,"[edit] Neurologist Barry Gordon refuted the theory, stating: ""We use virtually every part of the brain, and [...] (most of) the brain is active almost all the time.""",28,opposing,0.9971,0.0001,0.0026,0.9971,correct,False,neutral,neutral,False,True,True,False,False
lightning never strikes the same place twice,factual_false,Can Lightning Strike the Same Place Twice? | Britannica,web,opposing,10,"Even during the same thunderstorm, there is nothing stopping a lightning bolt from striking the same place it had struck previously, even if it was as little as a few seconds earlier or as much as cen",38,opposing,0.9971,0.0006,0.0022,0.9971,correct,False,opposing,neutral,False,False,False,False,True
lightning never strikes the same place twice,factual_false,MythBuster: Lightning Never Strikes the Same Place Twice — S,web,opposing,19,"Not only can it strike twice, but it often does.",10,opposing,0.9971,0.0001,0.0027,0.9971,correct,False,opposing,neutral,True,False,False,False,True
lightning never strikes the same place twice,factual_false,Lightning never strikes the same place twice: myth or realit,web,opposing,11,"But in reality, modern detection networks like LPS MANAGER, LPS France , and StrikeRadar clearly show that repeated impacts are frequent.",21,opposing,0.9971,0.0001,0.0026,0.9971,correct,False,neutral,opposing,False,False,False,False,True
shaving makes hair grow back thicker,factual_false,A Comprehensive Review on Preparation and Quality Evaluation,academic,opposing,1,Shaving cream is a cosmetic preparation which is designed to soften facial and body hair and lubricate the shin before shaving.,21,opposing,0.9971,0.0001,0.0026,0.9971,correct,False,neutral,neutral,False,False,False,False,False
sugar makes children hyperactive,factual_false,"No, sugar doesn’t make your kids hyperactive - The Conversat",web,opposing,12,"Subsequent research has reinforced these findings, providing further evidence sugar does not cause hyperactivity in children, even in those diagnosed with ADHD.",22,opposing,0.9971,0.0009,0.0021,0.9971,correct,False,opposing,neutral,True,False,False,False,False
sugar makes children hyperactive,factual_false,"No, sugar doesn’t make your kids hyperactive - The Conversat",web,opposing,17,"While sugar may provide a temporary energy boost, it does not turn children into hyperactive whirlwinds.",16,opposing,0.9971,0.0008,0.002,0.9971,correct,False,neutral,,True,False,False,False,False
the Amazon rainforest produces about 20% of the world's oxygen,factual_false,Why the Amazon rainforest doesn’t really produce 20% of the,web,opposing,2,The Amazon’s net contribution to the oxygen we breathe likely hovers around zero.,13,opposing,0.9971,0.0002,0.0026,0.9971,correct,False,supporting,neutral,False,False,False,False,False
the Sahara desert is the largest desert on earth,factual_false,The Sahara Desert: Everything to Know About the Largest ...,web,opposing,2,"By that measure, Antarctica is actually the largest desert on Earth, occupying an area of about 5.5 million square miles, with the Arctic coming in second, at nearly 5.4 million square miles.",32,opposing,0.9971,0.0003,0.0027,0.9971,correct,False,neutral,neutral,False,False,False,False,False
the earth is flat,factual_false,How Do We Know the Earth Isn't Flat? We Asked a NASA Expert:,web,opposing,5,"If the Earth were flat, they would have sailed off the end.",12,opposing,0.9971,0.001,0.002,0.9971,correct,False,opposing,opposing,False,False,False,False,False
the great wall of china is visible from space,factual_false,Can You See the Great Wall of China from Space? - Universe T,web,opposing,13,The Apollo astronauts confirmed that you can't see the Great Wall of China from the Moon.,16,opposing,0.9971,0.0009,0.0022,0.9971,correct,False,neutral,opposing,True,True,False,False,False
the great wall of china is visible from space,factual_false,Can You See the Great Wall of China from Space? - Universe T,web,opposing,14,"In fact, all you can see from the Moon is the white and blue marble of our home planet.",19,opposing,0.9971,0.0002,0.0025,0.9971,correct,False,opposing,neutral,False,False,False,False,False
vaccines cause autism,factual_false,"Experts: CDC Website Shift on Vaccines, Autism Sparks Confus",web,opposing,3,"He said large-scale, international studies show “vaccines are safe, they are effective and they do not increase the risk of autism.”
Maniar questioned the motives behind the CDC’s statement, citing HH",42,opposing,0.9971,0.0002,0.0027,0.9971,correct,False,neutral,opposing,True,True,False,False,False
vaccines cause autism,factual_false,Do vaccines cause autism? | Autism Speaks,web,opposing,8,"Meta-analyses
Vaccines are not associated with autism: An evidence-based meta-analysis of case-control and cohort studies (Vaccine, 2014)
- Researchers analyzed data from over 1.2 million children acr",35,opposing,0.9971,0.0004,0.0025,0.9971,correct,False,opposing,opposing,True,False,False,False,False
you lose most body heat through your head,factual_false,How much body heat do I really lose through my head? - One M,web,opposing,7,"Since heat loss from any body region is largely dependent upon surface area, you can see why this belief isn’t logical, because your head comprises only about 10% of your body’s total surface area.",34,opposing,0.9971,0.0006,0.0021,0.9971,correct,False,neutral,opposing,False,False,False,False,False
you lose most body heat through your head,factual_false,How much body heat do I really lose through my head? - One M,web,opposing,11,"But in general, the head isn’t a significant area of heat loss—at least not disproportionately more so than any other part of the body.",24,opposing,0.9971,0.0003,0.0029,0.9971,correct,False,neutral,neutral,True,False,False,False,False
5G towers cause cancer,factual_false,Can 5G towers cause cancer in humans according to scie...,web,opposing,0,"October 15, 2025 - Taken together, the scientific literature and regulatory guidance indicate that 5G towers operating within international exposure guidelines are not shown to cause cancer in humans,",44,opposing,0.9966,0.0005,0.003,0.9966,correct,False,,,True,False,False,False,False
MSG is dangerous to consume,factual_false,"MSG Is Perfectly Safe to Consume, but We All Spent Several",web,opposing,7,And all this despite the fact that—again—extensive studies have found MSG is perfectly safe to consume.,16,opposing,0.9966,0.0007,0.0027,0.9966,correct,False,neutral,neutral,False,False,False,False,False
bats are blind,factual_false,The Blind Watchmaker,encyclopedia,opposing,4,"Good Design
- Dawkins discusses the evolution of echolocation in bats.",11,opposing,0.9966,0.0004,0.0029,0.9966,correct,False,opposing,opposing,False,False,False,False,False
bats are blind,factual_false,Echolocation in soft-furred tree mice,academic,opposing,29,Echolocation is the use of reflected sound to sense features of the environment.,13,opposing,0.9966,0.0001,0.0035,0.9966,correct,False,opposing,opposing,False,False,False,False,False
bats are blind,factual_false,Blind as a Bat? No Such Thing - Bat Conservation Internation,web,opposing,11,"By looking at the genetic sequences of the different opsins in bats, scientists can estimate what colors different species can see.",21,opposing,0.9966,0.0003,0.0033,0.9966,correct,False,opposing,opposing,False,False,False,False,False
cracking your knuckles causes arthritis,factual_false,Does cracking your knuckles cause arthritis? | Arthritis UK,web,opposing,14,"A study that shows possible long-term effects of knuckle cracking - BMJ
So, if you crack your knuckles, it's unlikely to give you arthritis but you might want to think about the long-term effects on y",37,opposing,0.9966,0.0005,0.0029,0.9966,correct,False,neutral,,False,True,False,False,False
cracking your knuckles causes arthritis,factual_false,Is Cracking Knuckles Bad? A Columbia Rheumatologist Explains,web,opposing,0,"For many people, cracking stiff joints can help relieve tension and discomfort.",12,opposing,0.9966,0.0002,0.0032,0.9966,correct,False,,neutral,False,False,False,False,False
cracking your knuckles causes arthritis,factual_false,Is Cracking Knuckles Bad? A Columbia Rheumatologist Explains,web,opposing,6,"No, cracking joints doesn’t cause osteoarthritis or other kinds of joint damage.",12,opposing,0.9966,0.0002,0.0032,0.9966,correct,False,neutral,opposing,False,False,False,False,False
drinking bleach cures diseases,factual_false,Tooth whitening,encyclopedia,opposing,6,Evidence from studies show that carbamide peroxide present in whitening gels can damage the enamel surface.,16,opposing,0.9966,0.0001,0.0035,0.9966,correct,False,opposing,neutral,False,False,False,False,False
lightning never strikes the same place twice,factual_false,MythBuster: Lightning Never Strikes the Same Place Twice — S,web,opposing,12,"Either way, he’s proof that repeated strikes are not just possible but inevitable under the right conditions.",17,opposing,0.9966,0.0001,0.0031,0.9966,correct,False,neutral,neutral,True,False,False,False,True
shaving makes hair grow back thicker,factual_false,Does shaving make your hair grow in thicker? Here are my tho,web,opposing,0,"But I want to make it clear: shaving these hairs does not make them grow in thicker, nor does it make more hair grow in.",25,opposing,0.9966,0.0005,0.0028,0.9966,correct,False,,,True,False,False,False,False
sugar makes children hyperactive,factual_false,"Does Sugar Really Cause ""Bad"" Behavior in Children?",web,opposing,0,"Surprisingly, research consistently finds that eating sugar does not impact the behavior of children.",14,opposing,0.9966,0.0001,0.0031,0.9966,correct,False,,opposing,True,False,False,False,False
the earth is flat,factual_false,The earth is flat,web,opposing,1,The model has undergone a recent resurgence as a conspiracy theory in the 21st century.The idea of a spherical Earth appeared in ancient Greek philosophy with Pythagoras (6th century BC).,30,opposing,0.9966,0.0004,0.003,0.9966,correct,False,opposing,neutral,False,False,False,False,False
the earth is flat,factual_false,The earth is flat,web,opposing,3,"In the early 4th century BC, Plato wrote about a spherical Earth.",12,opposing,0.9966,0.0006,0.0027,0.9966,correct,False,neutral,opposing,False,False,False,False,False
the earth is flat,factual_false,The earth is flat,web,opposing,9,"However, since the 9th century, Muslim scholars have tended to believe in a spherical Earth.",15,opposing,0.9966,0.0006,0.0029,0.9966,correct,False,neutral,opposing,False,False,False,False,False
the earth is flat,factual_false,Why the Earth is actually 100% flat | Science | The Guardian,web,opposing,16,"Maybe the world is as thick as it is wide, and is actually a cube?",15,opposing,0.9966,0.0007,0.0028,0.9966,correct,False,opposing,opposing,False,False,False,False,False
the earth is flat,factual_false,Is the Earth Flat? | Answers in Genesis,web,opposing,6,This is what prompted Wallace to conduct his experiment high enough above the water to eliminate the major contribution of refraction due to a temperature inversion at low height.,29,opposing,0.9966,0.0002,0.0033,0.9966,correct,False,neutral,neutral,False,False,False,False,False
the earth revolves around the sun,factual_true,Geometry and the Cause of the Seasons: The Changing Hours of,academic,supporting,3,"In this model, the spherical Earth revolves around the Sun in a circular orbit, and the parallel sunbeam striking Earth is directed along a line connecting their centers.",28,supporting,0.9966,0.9966,0.0026,0.0009,correct,False,neutral,supporting,False,False,False,False,False
the sun is a star,factual_true,The sun: Facts about the bright star at the center of the...,web,supporting,0,"The sun: Facts about the bright star at the center of the solar system
Discover interesting facts about the sun, the solar system's central star that supports all life on Earth.",31,supporting,0.9966,0.9966,0.0031,0.0005,correct,False,,supporting,False,True,False,False,False
vaccines cause autism,factual_false,Vaccines and autism: What Colorado families should know,web,opposing,1,"In Colorado, we rely on decades of rigorous, global scientific research – including studies reviewed by the Centers for Disease Control and Prevention (CDC) and the American Academy of Pediatrics (AAP",39,opposing,0.9966,0.0005,0.0027,0.9966,correct,False,neutral,neutral,True,False,False,False,False
Einstein failed math in school,factual_false,Making the Grade - 20 Things You Need to Know About Einstein,web,opposing,7,"By age 12, his sister recalled, ""he already had a predilection for solving complicated problems in applied arithmetic,"" and he decided to see if he could jump ahead by learning geometry and algebra on",36,opposing,0.9961,0.0001,0.0038,0.9961,correct,False,opposing,opposing,False,True,False,False,False
antibiotics do not work against viruses,factual_true,Studies on Comparative Analysis of Antimicrobial Strength of,academic,supporting,5,"Antibiotics are not effective against viruses such as common cold or influenza, drugs which inhibits viruses at termed anti-viral drugs.",20,supporting,0.9961,0.9961,0.0033,0.0006,correct,False,opposing,neutral,True,False,False,False,True
bats are blind,factual_false,Exploring the Mysteries of Bats: The Modern Approaches Trans,academic,opposing,7,"Bioacoustics offers a non-invasive monitoring tool, though call variations pose limitations.",11,opposing,0.9961,0.0002,0.0038,0.9961,correct,False,opposing,opposing,False,False,False,False,False
bats are blind,factual_false,Echolocation in soft-furred tree mice,academic,opposing,2,"Using a suite of approaches, He et al show that the lineage of soft-furred tree mice (genus Typhlomys) includes multiple echolocators.",21,opposing,0.9961,0.0002,0.0037,0.9961,correct,False,neutral,opposing,False,False,False,False,False
bats are blind,factual_false,Echolocation in soft-furred tree mice,academic,opposing,31,Behavioral experiments show that these mice can locate and avoid obstacles in darkness using hearing and ultrasonic pulses.,18,opposing,0.9961,0.0001,0.0038,0.9961,correct,False,opposing,opposing,False,False,False,False,False
bats are blind,factual_false,Blind as a Bat? No Such Thing - Bat Conservation Internation,web,opposing,5,"Since scientists can’t ask bats to read letters off a chart, they instead measure visual acuity in either minimal separable angle or cycles per degree.",25,opposing,0.9961,0.0004,0.0033,0.9961,correct,False,opposing,opposing,False,False,False,False,False
bats are blind,factual_false,Blind as a Bat? No Such Thing - Bat Conservation Internation,web,opposing,7,"Because they are nocturnal animals, it is not surprising that bat’s eyes have lots of rod cells.",17,opposing,0.9961,0.0005,0.0032,0.9961,correct,False,opposing,opposing,True,False,False,False,False
bats are blind,factual_false,Are Bats Really Blind? | Britannica,web,opposing,8,"Instead, the genetic mutations that evolved the powers of echolocation in bats likely surfaced as they aided the animals in the darkness.",22,opposing,0.9961,0.0003,0.0035,0.9961,correct,False,neutral,opposing,False,False,False,False,False
bats are blind,factual_false,Myth buster: Bats aren't blind | Forest Preserve District of,web,opposing,1,"That's because although the saying is a common one, bat aren't blind at all.",14,opposing,0.9961,0.0015,0.0025,0.9961,correct,False,opposing,opposing,True,True,False,False,False
bats are blind,factual_false,Are Bats Blind? The Truth About Bat Vision and Sensory Trade,web,opposing,3,"The findings suggest that some bats have retained a functional ability to detect UV light, while others have lost this capacity due to evolutionary tradeoffs.",25,opposing,0.9961,0.0002,0.0037,0.9961,correct,False,opposing,opposing,False,False,False,False,False
bats are blind,factual_false,Are Bats Blind? The Truth About Bat Vision and Sensory Trade,web,opposing,8,"The research supports the idea that bats that have evolved advanced echolocation systems often lose short-wavelength vision, particularly in species that have developed high-duty cycle echolocation (a",35,opposing,0.9961,0.0003,0.0034,0.9961,correct,False,opposing,opposing,False,False,False,True,False
cracking your knuckles causes arthritis,factual_false,Does cracking knuckles cause arthritis? | HCA Florida,web,opposing,7,"If you crack your knuckles, you may be relieved to hear that the habit does not cause arthritis.",18,opposing,0.9961,0.0007,0.0032,0.9961,correct,False,neutral,neutral,True,False,False,False,False
dogs can only see in black and white,factual_false,Black dog (folklore),encyclopedia,opposing,8,They are sometimes described as white and wearing red caps or may be found in all colors of the rainbow.,20,opposing,0.9961,0.0002,0.0039,0.9961,correct,False,opposing,neutral,False,False,False,False,False
dogs can only see in black and white,factual_false,Do Dogs See in Black and White? - Patton Veterinary Hospital,web,opposing,3,"Dogs have two types of cones which detect only blue and yellow colors and they have more rods in their retinas than people do, so they can see better in dim light.",32,opposing,0.9961,0.0002,0.0037,0.9961,correct,False,opposing,neutral,False,False,False,False,False
dogs can only see in black and white,factual_false,Can Dogs See Color? Here's What Veterinarians Say - Chewy,web,opposing,12,"And here’s the same Frisco Ball toy, only in blue, which stands out more clearly against the grass:
Next up, we ran the pink Frisco Puppy Toy through the same generator.",31,opposing,0.9961,0.0001,0.0036,0.9961,correct,False,opposing,opposing,False,False,False,False,False
drinking bleach cures diseases,factual_false,Drinking Bleach Is No Cure for Coronavirus and Poses Serious,web,opposing,15,"The FDA
- severe vomiting
- severe diarrhea
- low blood cell counts
- low blood pressure due to dehydration
- respiratory failure
- changes to electrical activity in the heart that can lead to potenti",54,opposing,0.9961,0.0003,0.0038,0.9961,correct,False,neutral,,False,False,False,False,False
lemmings commit mass suicide,factual_false,mass suicide – Jineral Knowledge,web,opposing,7,The reason why the lemming population spikes is the same as for mice and rabbits: they pride themselves in extreme reproductive abilities.,22,opposing,0.9961,0.0001,0.0037,0.9961,correct,False,neutral,opposing,False,False,False,False,False
shaving makes hair grow back thicker,factual_false,Shaving & Hair: Does It Grow Back Thicker? The Skin Company,web,opposing,4,"Debunking the Myth
To understand why shaving doesn’t make hair grow back thicker or darker, we must look at the science behind hair growth.",24,opposing,0.9961,0.0005,0.0034,0.9961,correct,False,neutral,neutral,False,False,False,False,False
shaving makes hair grow back thicker,factual_false,Does Shaving Make Hair Thicker or Faster? Myths and Facts,web,opposing,5,Shaving your hair — no matter what part of your body — doesn’t mean the hair will grow back faster or thicker.,22,opposing,0.9961,0.0006,0.0031,0.9961,correct,False,neutral,neutral,True,False,False,False,False
the Great Wall of China is the only man-made structure visible from space,factual_false,Artificial structures visible from space,encyclopedia,opposing,4,"Metropolitan areas are clearly visible at night, particularly in industrialized countries, due to a multitude of street lights and other light sources in urban areas (see light pollution).",28,opposing,0.9961,0.0001,0.0037,0.9961,correct,False,opposing,opposing,False,False,False,False,False
the Great Wall of China is the only man-made structure visible from space,factual_false,Can you see the Great Wall of China from space?,web,opposing,2,The truth is that the Great Wall of China cannot be seen from space.,14,opposing,0.9961,0.0002,0.004,0.9961,correct,False,neutral,neutral,True,False,False,False,False
the earth is flat,factual_false,Flat Earth,encyclopedia,opposing,3,"Subsequent studies of medieval science have shown that most scholars in the Middle Ages, including those read by Christopher Columbus, maintained that the Earth was spherical.",26,opposing,0.9961,0.0006,0.0034,0.9961,correct,False,neutral,neutral,False,False,False,False,False
the earth is flat,factual_false,Why the Earth is actually 100% flat | Science | The Guardian,web,opposing,7,"Don’t worry, these hallucinogenic compounds aren’t provided by evil “Big Pharma”; they’re actually secreted by the shape-shifting lizards that rule society.",21,opposing,0.9961,0.0002,0.0035,0.9961,correct,False,opposing,opposing,False,True,False,False,False
the earth revolves around the sun,factual_true,Why Earth Revolve Around the Sun? - Kidpid,web,supporting,3,Earth is constantly revolving around the sun without stopping and Earth does not only revolve around the sun but also rotates around its own axis.,25,supporting,0.9961,0.9961,0.0034,0.0006,correct,False,neutral,supporting,True,False,False,False,False
vaccines cause autism,factual_false,Autism & Vaccines: Separating Fact from Fiction,web,opposing,0,"As a multidisciplinary autism and neurodevelopmental center dedicated to evidence-based care and research, we believe it is crucial to address these misconceptions and reaffirm the overwhelming scient",33,opposing,0.9961,0.0005,0.0035,0.9961,correct,False,,neutral,True,False,False,True,False
5G towers cause cancer,factual_false,Does 5G Mobile Network Cause Cancer? Myths and Facts - OncoD,web,opposing,8,"Myth: 5G Towers Increase Cancer Risk for Nearby Residents
Numerous studies and reports from reputable agencies have examined exposure to radiofrequency (RF) radiation from cell towers, consistently de",44,opposing,0.9956,0.0004,0.0039,0.9956,correct,False,neutral,neutral,True,False,False,False,False
bats are blind,factual_false,Echolocation in soft-furred tree mice,academic,opposing,23,The discovery of this echolocating rodent genus suggests that echolocation may be an underappreciated trait in mammals.,17,opposing,0.9956,0.0002,0.0044,0.9956,correct,False,opposing,opposing,False,False,False,False,False
bats are blind,factual_false,Why are bats blind? | Science Questions with Surprising Answ,web,opposing,4,"While some bats may not have as good color vision as humans, their overall vision may be better than humans during dawn and dusk.",24,opposing,0.9956,0.0001,0.0043,0.9956,correct,False,opposing,opposing,True,False,False,False,False
bats are blind,factual_false,Are Bats Really Blind? | Live Science,web,opposing,9,"Scientists found that the brown long-eared bat (Plecotus auritus), an insectivore, preferred hunting best when it had both visual and sonar information to work with — but visual input was preferred to",43,opposing,0.9956,0.0003,0.0038,0.9956,correct,False,opposing,opposing,False,False,False,False,False
bats are blind,factual_false,Are Bats Blind? The Truth About Bat Vision and Sensory Trade,web,opposing,1,"A recent study led by Bruno Simões and Emma Teeling has examined color vision genes in bats, providing new insights into how bats see the world.",26,opposing,0.9956,0.0004,0.004,0.9956,correct,False,neutral,opposing,False,False,False,False,False
lemmings commit mass suicide,factual_false,Do Lemmings Really Commit Mass Suicide? | Britannica,web,opposing,7,Lemmings have large population booms every three or four years.,10,opposing,0.9956,0.0003,0.0043,0.9956,correct,False,neutral,opposing,False,False,False,False,False
lightning never strikes the same place twice,factual_false,Can Lightning Strike the Same Place Twice? | Britannica,web,opposing,8,"And right after lightning strikes, it reverberates in quick succession.",10,opposing,0.9956,0.0002,0.0044,0.9956,correct,False,neutral,opposing,False,False,False,False,True
lightning never strikes the same place twice,factual_false,MythBuster: Lightning Never Strikes the Same Place Twice — S,web,opposing,17,"If the conditions are right, it will strike the same place over and over again.",15,opposing,0.9956,0.0001,0.0041,0.9956,correct,False,neutral,opposing,False,False,False,False,True
shaving makes hair grow back thicker,factual_false,A REVIEW ON SAFETY AND EFFICACY OF KARAVEERADI TAILA AS LOMA,academic,opposing,3,"Hair removal is known as epilation or depilation, is the deliberate removal of body hair.",15,opposing,0.9956,0.0001,0.0045,0.9956,correct,False,neutral,opposing,False,False,False,False,False
the earth is flat,factual_false,Modern flat Earth beliefs,encyclopedia,opposing,12,They were unable to align the beam as they expected to because the surface of the still water was in fact bent by several feet over the distance measured; the experiment was dismissed as inconclusive.,35,opposing,0.9956,0.0002,0.0044,0.9956,correct,False,neutral,neutral,False,False,False,False,False
the earth is flat,factual_false,The earth is flat,web,opposing,13,"In a 2018 study reported on by Scientific American, only 82% of 18- to 24-year-old American respondents agreed with the statement ""I have always believed the world is round"".",29,opposing,0.9956,0.0006,0.004,0.9956,correct,False,neutral,neutral,False,True,False,False,False
5G causes COVID,factual_false,Could 5G Technology Be the Cause of COVID-19?,academic,opposing,6,"Inversely, the huge capabilities offered by 5G especially with IoT and AI that could be used to revolutionize the healthcare sector by providing better assistance to the frontline staff, and facilitat",40,opposing,0.9951,0.0002,0.0047,0.9951,correct,False,opposing,,False,False,False,False,False
5G towers cause cancer,factual_false,Does 5G Mobile Network Cause Cancer? Myths and Facts - OncoD,web,opposing,10,Studies on low-level radiofrequency electromagnetic fields (RF-EMF) from 5G show no impact on immune function.,15,opposing,0.9951,0.0002,0.0047,0.9951,correct,False,neutral,opposing,True,False,False,False,False
bats are blind,factual_false,Are Bats Blind?,web,opposing,2,"However, there are more than 1,000 species of bats in the world, and none of them are blind.",18,opposing,0.9951,0.0011,0.0038,0.9951,correct,False,neutral,opposing,False,False,False,False,False
bats are blind,factual_false,"If bats are blind, why do they have eyes? - BBC Science Focu",web,opposing,0,"Asked by: Leslie Finch, Llandysul
Despite the famous idiom, bats aren’t blind.",12,opposing,0.9951,0.0012,0.0035,0.9951,correct,False,,opposing,False,False,False,False,False
bats are blind,factual_false,Are Bats Blind? The Truth About Bat Vision and Sensory Trade,web,opposing,2,"The research examined 111 bat species, analyzing their genetic adaptations for vision and echolocation.",14,opposing,0.9951,0.0005,0.0045,0.9951,correct,False,opposing,opposing,False,False,False,False,False
bats are blind,factual_false,Are Bats Blind? The Truth About Bat Vision and Sensory Trade,web,opposing,4,"Importantly, the study sheds light on how ecological niche, roosting behavior, and sensory reliance contribute to variations in bat vision.",20,opposing,0.9951,0.0006,0.0045,0.9951,correct,False,opposing,opposing,False,False,False,False,False
bulls are enraged by the color red,factual_false,Do Bulls Really Hate The Color Red Or Are They Color Blind?,web,opposing,9,"In their study though, the bulls showed no aggressive behaviour when showed the red color.",15,opposing,0.9951,0.0005,0.0041,0.9951,correct,False,neutral,neutral,True,False,False,False,False
cracking your knuckles causes arthritis,factual_false,Joint cracking,encyclopedia,opposing,14,"The study concluded that knuckle-cracking did not cause hand osteoarthritis, no matter how many years or how often a person cracked their knuckles.",23,opposing,0.9951,0.0007,0.0044,0.9951,correct,False,neutral,neutral,True,False,False,False,False
drinking bleach cures diseases,factual_false,YouTube cracks down on videos that promote drinking bleach a,web,opposing,1,"Jim Humble, a onetime gold prospector from Nevada, has used the video site to push the Miracle Mineral Solution, or MMS, which he said “kills most of the disease of mankind.”
In fact, the concoction i",64,opposing,0.9951,0.0009,0.0038,0.9951,correct,False,neutral,opposing,False,True,False,False,False
drinking bleach cures diseases,factual_false,YouTube cracks down on videos that promote drinking bleach a,web,opposing,3,"Two people died, four suffered life-threatening conditions and one patient was classified as “disabled” after consuming the substance, according to the report.",22,opposing,0.9951,0.0001,0.0048,0.9951,correct,False,opposing,opposing,False,True,False,False,False
drinking bleach cures diseases,factual_false,Conspiracy Theorists Say a Dangerous Bleach Solution Can,web,opposing,8,"But the FDA has warned that, not only is there no known cure for the virus, but the industrial bleach solution could have grave consequences, such as liver failure and extremely low blood pressure.",34,opposing,0.9951,0.0003,0.0043,0.9951,correct,False,neutral,opposing,True,False,False,False,False
humans only use 10 percent of their brain,factual_false,Do we only use 10 percent of our brain? - MIT McGovern Insti,web,opposing,4,"In fact, scientists believe that we use our entire brain every day.",12,opposing,0.9951,0.0001,0.0045,0.9951,correct,False,opposing,neutral,False,False,False,False,False
lemmings commit mass suicide,factual_false,Do Lemmings Really Commit Mass Suicide? - Strange Writer,web,opposing,7,As a result lemmings are compelled to migrate to different regions to locate sustenance.,14,opposing,0.9951,0.0001,0.0048,0.9951,correct,False,opposing,neutral,False,False,False,False,False
smoking causes lung cancer,factual_true,"Tobacco and Lung Cancer: Risks, Trends, and Outcomes in Pati",web,supporting,0,"Tobacco use is the largest preventable cause of cancer and cancer mortality, responsible for approximately one-third of all cancer deaths annually.1 Sufficient evidence has been accumulated to infer a",91,supporting,0.9951,0.9951,0.004,0.0009,correct,False,,,False,False,False,False,False
sugar makes children hyperactive,factual_false,Does sugar really make children hyperactive? - Medical News ,web,opposing,0,"After analyzing the data, the authors concluded: “This meta-analysis of the reported studies to date found that sugar (mainly sucrose) does not affect the behavior or cognitive performance of children",57,opposing,0.9951,0.0001,0.0048,0.9951,correct,False,,neutral,True,True,False,False,False
the Great Wall of China is the only man-made structure visible from space,factual_false,Artificial structures visible from space,encyclopedia,opposing,8,The mine is the largest human-made excavation in the world.,10,opposing,0.9951,0.0001,0.0045,0.9951,correct,False,opposing,opposing,False,False,False,False,False
the Great Wall of China is visible from space,factual_false,TIL the Great Wall of China is not actually visible from spa,web,opposing,0,"May 6, 2025 · Despite myths to the contrary, the wall isn't visible from the moon, and is difficult or impossible to see from Earth orbit without the high- ...I thought it was a myth that you can see ",57,opposing,0.9951,0.0011,0.0036,0.9951,correct,False,,,True,True,False,True,False
the earth is flat,factual_false,Tales from the Flat Earth,encyclopedia,opposing,5,What happens to the sun and moon while in chaos is not clear.,13,opposing,0.9951,0.0002,0.0046,0.9951,correct,False,supporting,supporting,True,False,False,False,False
the earth is flat,factual_false,Why the Earth is actually 100% flat | Science | The Guardian,web,opposing,15,How can you have global warming without a globe to warm?,11,opposing,0.9951,0.0002,0.0045,0.9951,correct,False,opposing,opposing,False,False,False,False,False
the earth revolves around the sun,factual_true,Earth's orbit,encyclopedia,supporting,0,"The point towards which the Earth in its solar orbit is directed at any given instant is known as the ""apex of the Earth's way"".",25,supporting,0.9951,0.9951,0.004,0.0009,correct,False,,supporting,False,True,False,False,False
the earth revolves around the sun,factual_true,Lunar phase,encyclopedia,supporting,6,This is due to the Earth's orbit around the Sun.,10,supporting,0.9951,0.9951,0.0045,0.0005,correct,False,neutral,opposing,False,True,False,False,False
the earth revolves around the sun,factual_true,Why Earth Revolve Around the Sun? - Kidpid,web,supporting,6,"Earth constantly revolves around the sun, it never stops we call this the earth’s revolution.",15,supporting,0.9951,0.9951,0.0044,0.0007,correct,False,neutral,supporting,True,False,False,False,False
water boils at 100 degrees celsius,factual_true,[FREE] Water boils at 100 degrees Celsius or 212 degrees ...,web,supporting,0,"Nov 9, 2020 ... Water boils at 100 degrees celsius or 212 degrees fahrenheit.",14,supporting,0.9951,0.9951,0.0037,0.0011,correct,False,,opposing,False,False,False,False,False
you lose most body heat through your head,factual_false,How much body heat do I really lose through my head? - One M,web,opposing,8,"Therefore, it’s probably more correct to say that about 10% of body heat is lost through your head—and that’s if your entire body were to be equally insulated.",28,opposing,0.9951,0.0014,0.0035,0.9951,correct,False,opposing,neutral,False,False,False,False,False
5G causes COVID,factual_false,Coronavirus: 5G and microchip conspiracies around the world ,web,opposing,2,"5G to Bolivia and beyond
There's absolutely no way 5G mobile phone signals either transmit the virus or reduce our defences to it - we've debunked these claims, which scientists say are biologically i",34,opposing,0.9946,0.0003,0.0053,0.9946,correct,False,neutral,neutral,True,True,True,False,False
Einstein failed math in school,factual_false,Did Einstein Really Fail Math? | Ripley's Believe It or Not!,web,opposing,5,"At the age of seven, Einstein received his grades, and his mother wrote, “he was again number one, his report card was brilliant,” and goes on to state that, at the age of thirteen, Einstein was engro",49,opposing,0.9946,0.0001,0.0055,0.9946,correct,False,neutral,opposing,False,True,False,False,False
bats are blind,factual_false,Echolocation in soft-furred tree mice,academic,opposing,9,"In this study, we performed behavioral, morphological, genomic, and functional analyses to test whether echolocation is present across the four species of soft-furred tree mice.",25,opposing,0.9946,0.0004,0.0048,0.9946,correct,False,opposing,opposing,False,False,False,False,False
bats are blind,factual_false,Echolocation in soft-furred tree mice,academic,opposing,16,"In tests for echolocation, the soft-furred tree mice spent a longer time exploring and emitted more sonic pulses in the sector of the central disk over the escaping platform, consequently dropping to ",34,opposing,0.9946,0.0001,0.005,0.9946,correct,False,opposing,opposing,False,False,False,False,False
climate change is caused by human activity,factual_true,9 ways we know humans caused climate change | Environmental ,web,supporting,0,"9 ways we know humans caused climate change
Tens of thousands of scientists in more than 100 nations have amassed an overwhelming amount of evidence pointing to a clear conclusion:
Humans are the main",58,supporting,0.9946,0.9946,0.0048,0.0006,correct,False,,neutral,False,False,False,False,False
dogs can only see in black and white,factual_false,Canine terminology,encyclopedia,opposing,16,- Blenheim: A red and white pattern found in Cavalier King Charles Spaniels.,13,opposing,0.9946,0.0003,0.0049,0.9946,correct,False,opposing,opposing,False,False,False,False,False
dogs can only see in black and white,factual_false,Can Dogs See Color? Here's What Veterinarians Say - Chewy,web,opposing,13,"In fact, you may have noticed that your dog’s eyes actually glow in the dark, and that’s because they quite literally have night vision.",24,opposing,0.9946,0.0003,0.0049,0.9946,correct,False,opposing,opposing,False,False,False,False,False
drinking bleach cures diseases,factual_false,Drinking Bleach Is No Cure for Coronavirus and Poses Serious,web,opposing,3,There is no evidence that swallowing bleach will help you fight off COVID-19.,13,opposing,0.9946,0.0002,0.0051,0.9946,correct,False,opposing,opposing,True,False,True,False,False
drinking bleach cures diseases,factual_false,Drinking Bleach Is No Cure for Coronavirus and Poses Serious,web,opposing,4,"More importantly, you shouldn’t drink bleach at all, nor should you drink any product that contains bleach or any other disinfectant.",21,opposing,0.9946,0.0001,0.005,0.9946,correct,False,opposing,neutral,False,False,False,False,False
drinking bleach cures diseases,factual_false,Drinking Bleach Is No Cure for Coronavirus and Poses Serious,web,opposing,8,"The agency cautions that drinking these products is the same as drinking bleach, “which has caused serious and potentially life-threatening side effects.”
The FDA recently issued another
Yes, it can k",32,opposing,0.9946,0.0003,0.0048,0.9946,correct,False,opposing,neutral,False,True,False,False,False
drinking bleach cures diseases,factual_false,Drinking Bleach Is No Cure for Coronavirus and Poses Serious,web,opposing,12,"However, there is evidence that it can be harmful or even fatal.",12,opposing,0.9946,0.0001,0.0051,0.9946,correct,False,opposing,neutral,False,False,False,False,False
drinking bleach cures diseases,factual_false,"Alan Keyes Wants YOU To Drink Bleach (Do Not Do That, You Wi",web,opposing,8,Or the health industry when you pay your insurance premium every month and then end up in the hospital only to discover that your insurance doesn't actually cover the thing you need it to cover and no,40,opposing,0.9946,0.0001,0.0051,0.9946,correct,False,opposing,opposing,True,True,False,False,False
humans only use 10 percent of their brain,factual_false,How much of our brain do we actually use? Brain facts and my,web,opposing,19,fMRI scans show that even simple activities require almost all of the brain to be active.,16,opposing,0.9946,0.0001,0.0052,0.9946,correct,False,opposing,neutral,False,False,False,False,False
lightning never strikes the same place twice,factual_false,Lightning Often Strikes Twice | NASA Spinoff,web,opposing,0,"Lightning Often Strikes Twice
Contrary to popular misconception, lightning often strikes the same place twice.",15,opposing,0.9946,0.001,0.0042,0.9946,correct,False,,neutral,False,False,False,True,True
octopuses have three hearts,factual_true,Why Do Octopuses Have Three Hearts? - Science ABC,web,supporting,0,"Table of Contents (click to expand)
Octopuses have three hearts: two branchial hearts that pump blood through the gills, and one systemic heart that circulates oxygenated blood to the body.",30,supporting,0.9946,0.9946,0.0039,0.0014,correct,False,,neutral,False,False,False,False,False
smoking causes lung cancer,factual_true,The impact of smoking on lung cancer patients,academic,supporting,1,"Smoking causes several diseases, including lung cancer, COPD, coronary heart disease, stroke and peripheral vascular disease.",16,supporting,0.9946,0.9946,0.0046,0.0006,correct,False,neutral,neutral,False,False,False,False,False
the Sahara desert is the largest desert on earth,factual_false,The Sahara Desert: Everything to Know About the Largest ...,web,opposing,0,"Probably the first thing worth knowing is that the Sahara is not, in actuality, the biggest desert on the planet.",20,opposing,0.9946,0.0013,0.0043,0.9946,correct,False,,neutral,False,False,False,False,False
the great wall of china is visible from space,factual_false,great wall of china not visible from space,web,opposing,1,"So now, if you ever hear anyone say the Great Wall of China can be seen from the moon (or space), you’ll know it’s not true, and you can prove it.",31,opposing,0.9946,0.0011,0.0043,0.9946,correct,False,neutral,opposing,True,False,True,False,False
the moon landing was faked,factual_false,"Was the Moon Landing Fake? | Debunked Theories, Proof We Wen",web,opposing,9,The Apollo astronauts returned with 382 kilograms (842 pounds) of lunar rock and soil.,14,opposing,0.9946,0.0002,0.0054,0.9946,correct,False,opposing,neutral,False,False,False,False,False
the sun is a star,factual_true,Sun: Facts - NASA Science,web,supporting,4,"Size and Distance
Our Sun is a medium-sized star with a radius of about 435,000 miles (700,000 kilometers).",18,supporting,0.9946,0.9946,0.0045,0.0011,correct,False,neutral,supporting,False,False,False,False,False
we only use 10% of our brains,factual_false,Do we only use 10 percent of our brain? - MIT McGovern Insti,web,opposing,4,"In fact, scientists believe that we use our entire brain every day.",12,opposing,0.9946,0.0001,0.0051,0.9946,correct,False,opposing,neutral,False,False,False,False,False
you lose most body heat through your head,factual_false,Do You Really Lose Most of Your Body's Heat Through Your Hea,web,opposing,4,"Policy
The truth is, you won’t squander anywhere close to 50% of your body heat through an uncapped noggin.",19,opposing,0.9946,0.0018,0.0033,0.9946,correct,False,neutral,neutral,False,False,False,False,False
5G towers cause cancer,factual_false,Does 5G Mobile Network Cause Cancer? Myths and Facts - OncoD,web,opposing,11,"Measurements consistently show that 5G emissions fall far below these thresholds.In conclusion, there is no evidence that 5G weakens the immune system.",22,opposing,0.9941,0.0002,0.0055,0.9941,correct,False,opposing,neutral,True,False,True,False,False
MSG is dangerous to consume,factual_false,What will the MSG in Chinese food do to me? If I stop eating,web,opposing,0,"Jul 3, 2023 · Regulators in most countries (including the US FDA) classify MSG as a food ingredient that's generally recognized as safe.",23,opposing,0.9941,0.0006,0.0054,0.9941,correct,False,,neutral,False,True,False,False,False
dogs can only see in black and white,factual_false,Canine terminology,encyclopedia,opposing,6,"All these colors can also be dilute, meaning they become a paler shade of the original color.",17,opposing,0.9941,0.0001,0.0057,0.9941,correct,False,opposing,opposing,False,False,False,False,False
drinking bleach cures diseases,factual_false,Controversial Church Believes Drinking Bleach Cures All Dise,web,opposing,19,"""too many first hand accounts"" But no empirical evidence, not even one documented case.",14,opposing,0.9941,0.0001,0.0056,0.9941,correct,False,neutral,,True,True,False,False,False
drinking bleach cures diseases,factual_false,Drinking Bleach Is No Cure for Coronavirus and Poses Serious,web,opposing,10,That doesn’t mean that they can’t be damaged by bleach.,10,opposing,0.9941,0.0002,0.0055,0.9941,correct,False,neutral,opposing,False,False,False,False,False
drinking bleach cures diseases,factual_false,FDA Warns of “Cure-All” Products That Actually Contain,web,opposing,0,"The Food and Drug Administration (FDA) is warning consumers to stop using products known as Miracle or Master Mineral Solution, Miracle Mineral Supplement, MMS, Chlorine Dioxide (CD) Protocol, and Wat",41,opposing,0.9941,0.0001,0.0056,0.9941,correct,False,,neutral,False,False,False,False,False
eating carrots improves your eyesight,factual_false,Do Carrots Actually Improve Eyesight? - Gailey Eye Clinic,web,opposing,2,A diet of carrots won’t give a blind person 20/20 vision.,11,opposing,0.9941,0.001,0.0047,0.9941,correct,False,opposing,neutral,False,False,False,False,False
lightning never strikes the same place twice,factual_false,Can Lightning Strike the Same Place Twice? | Britannica,web,opposing,13,"If anything, if there is a significant attraction between the bolt and the place it previously hit, it’s more likely that the same place would be struck again.",28,opposing,0.9941,0.0003,0.0056,0.9941,correct,False,opposing,opposing,False,False,False,False,True
lightning never strikes the same place twice,factual_false,MythBuster: Lightning Never Strikes the Same Place Twice — S,web,opposing,2,"Tall buildings, mountains, and even people have been struck multiple times.",11,opposing,0.9941,0.0002,0.0058,0.9941,correct,False,neutral,opposing,False,False,False,False,True
shaving makes hair grow back thicker,factual_false,Does shaving make hair grow back thicker and darker? | Think,web,opposing,4,"However, multiple clinical studies have confirmed that shaving doesn’t change the color, thickness, or rate of hair growth (3).",19,opposing,0.9941,0.0004,0.0054,0.9941,correct,False,neutral,opposing,False,False,False,False,False
shaving makes hair grow back thicker,factual_false,Does Shaving Make Hair Thicker or Faster? Myths and Facts,web,opposing,1,"Despite common belief, shaving your hair does not make it grow back thicker or at a faster rate.",18,opposing,0.9941,0.001,0.0048,0.9941,correct,False,neutral,neutral,True,False,False,False,False
the earth is flat,factual_false,Introduction - The Flat Earth and its Advocates: A List of R,web,opposing,8,"Even as the belief in a spherical Earth became widespread, however, people continued to wonder, could there really be a far side?",22,opposing,0.9941,0.0006,0.0054,0.9941,correct,False,opposing,opposing,False,False,False,False,False
the earth revolves around the sun,factual_true,Geometry and the Cause of the Seasons: The Changing Hours of,academic,supporting,4,"However, Earth’s axis of rotation maintains the same direction throughout its motion around the Sun, which causes the seasons and the variations that we observe.",25,supporting,0.9941,0.9941,0.0048,0.001,correct,False,supporting,,False,False,False,False,False
the sun is a star,factual_true,The sun: Facts about the bright star at the center of the...,web,supporting,1,"Quick facts about the sun
How big it is: 865,000 miles (1.392 million kilometers) across
How far away it is: 93 million miles (150 million km)
What type of star it is: A yellow dwarf star
The sun is t",48,supporting,0.9941,0.9941,0.0039,0.0019,correct,False,supporting,neutral,False,False,False,False,False
5G towers cause cancer,factual_false,5G misinformation,encyclopedia,opposing,4,5G weakens the immune system There is no evidence to suggest that the low levels of radiation emitted by 5G technology can have any effect either on the immune system (including antigens and antibodie,34,opposing,0.9937,0.0001,0.0061,0.9937,correct,False,opposing,opposing,True,False,True,False,False
bats are blind,factual_false,Exploring the Mysteries of Bats: The Modern Approaches Trans,academic,opposing,8,The use of bioacoustics monitoring in the conservation of animals has been increasing rapidly due to recent developments in technology and analytical techniques.,23,opposing,0.9937,0.0002,0.0061,0.9937,correct,False,opposing,opposing,False,False,False,False,False
bats are blind,factual_false,Increased emission intensity can compensate for the presence,academic,opposing,1,In the present study we investigated if echolocating humans can detect a sound-reflecting surface in the presence of noise and if intensity of echolocation emissions (i.e.,26,opposing,0.9937,0.0001,0.0062,0.9937,correct,False,opposing,opposing,False,False,False,False,False
bats are blind,factual_false,Myth buster: Bats aren't blind | Forest Preserve District of,web,opposing,9,We can't hear the sound waves bats use for echolocation because they occur at frequencies higher than humans are capable of hearing.,22,opposing,0.9937,0.0003,0.0063,0.9937,correct,False,opposing,neutral,True,True,False,False,False
cracking your knuckles causes arthritis,factual_false,Mythbuster: Cracking Your Knuckles Causes Arthritis,web,opposing,6,Knuckle cracking could provide distraction and release without really doing any harm.,12,opposing,0.9937,0.0002,0.0064,0.9937,correct,False,opposing,neutral,False,False,False,False,False
dogs can only see in black and white,factual_false,Do Dogs See in Black and White? - Patton Veterinary Hospital,web,opposing,7,"Dogs tend to have relatively good near and far vision and, because they have more rods than humans, they are more apt to see motion, even at a long distance away and they have better peripheral and ni",42,opposing,0.9937,0.0002,0.0061,0.9937,correct,False,opposing,opposing,False,False,False,False,False
octopuses have three hearts,factual_true,Common octopus,encyclopedia,supporting,7,"Circulation
[edit] The octopus has three hearts, one main two-chambered heart charged with sending oxygenated blood to the body and two smaller branchial hearts, one next to each set of gills.",31,supporting,0.9937,0.9937,0.0051,0.001,correct,False,neutral,neutral,False,False,False,False,False
shaving makes hair grow back thicker,factual_false,A REVIEW ON SAFETY AND EFFICACY OF KARAVEERADI TAILA AS LOMA,academic,opposing,11,"The yoga contains Karaveeramoola, Danti, Trvrt, Koshathaki and Rambha kshara (alkali) as ingredients indicated for hair removal.",17,opposing,0.9937,0.0001,0.0063,0.9937,correct,False,opposing,opposing,False,False,False,False,False
smoking causes lung cancer,factual_true,CYP2A6 activity and cigarette consumption interact in smokin,academic,supporting,0,"Cigarette smoke, containing both nicotine and carcinogens, causes lung cancer.",10,supporting,0.9937,0.9937,0.0058,0.0007,correct,False,,opposing,False,False,False,False,False
smoking causes lung cancer,factual_true,Epidemiology of lung cancer,academic,supporting,6,"Tobacco smoking is the greatest preventable cause of death worldwide, accounting for up to 90% of lung cancer cases, and continued consumption is projected to increase global cancer incidence, particu",39,supporting,0.9937,0.9937,0.0048,0.0017,correct,False,neutral,neutral,False,False,False,False,False
the earth is flat,factual_false,The earth is flat,web,opposing,11,"This myth was created in the 17th century by Protestants to argue against Catholic teachings, and gained currency in the 19th century.Despite the scientific facts and obvious effects of Earth's spheri",36,opposing,0.9937,0.0008,0.0053,0.9937,correct,False,opposing,neutral,False,True,False,False,False
the earth revolves around the sun,factual_true,Earth's orbit,encyclopedia,supporting,8,"Events in the orbit
[edit] By astronomical convention, the four seasons are determined by the solstices (the two points in the Earth's orbit of the maximum tilt of the Earth's axis, toward the Sun or ",71,supporting,0.9937,0.9937,0.0043,0.0021,correct,False,neutral,neutral,False,True,False,False,False
the great wall of china is visible from space,factual_false,Can You See the Great Wall of China from Space,web,opposing,2,"Due to the limitations of human beings’ eyesight and distance, the China Great Wall was hardly seen from a low orbit even in perfect weather conditions.",26,opposing,0.9937,0.0023,0.0042,0.9937,correct,False,neutral,neutral,False,False,False,False,False
the great wall of china is visible from space,factual_false,Fun Facts About The Great Wall Of China | China Volunteer,web,opposing,8,The Apollo 11 mission in 1969 confirmed that the wall was not visible from space.,15,opposing,0.9937,0.0001,0.0061,0.9937,correct,False,opposing,neutral,True,False,False,False,False
5G causes COVID,factual_false,The conspiracy linking 5G to coronavirus just will not die,web,opposing,7,The organization maintains that there is no link between 5G and the coronavirus.,13,opposing,0.9932,0.0003,0.0065,0.9932,correct,False,neutral,opposing,True,False,True,False,False
MSG is dangerous to consume,factual_false,Glutamate flavoring,encyclopedia,opposing,10,"The FASEB report reaffirmed the safety of MSG when it is consumed at usual levels by the general population, and found no evidence of any connection between MSG and any serious long-term reactions.",33,opposing,0.9932,0.0008,0.0063,0.9932,correct,False,neutral,neutral,True,False,True,False,False
bats are blind,factual_false,Increased emission intensity can compensate for the presence,academic,opposing,8,Our findings demonstrate for the first time that people can echolocate in the presence of noise and suggest that one potential strategy to deal with noise is to increase emission intensity to maintain,42,opposing,0.9932,0.0001,0.0067,0.9932,correct,False,opposing,,False,False,False,False,False
bats are blind,factual_false,Blind as a Bat? No Such Thing - Bat Conservation Internation,web,opposing,10,"While bat eyes are dominated by rods, up to two percent of bat photoreceptors are cones.",16,opposing,0.9932,0.0004,0.0067,0.9932,correct,False,opposing,opposing,False,False,False,False,False
christopher columbus discovered america,factual_false,Top 5 Misconceptions About Columbus | Live Science,web,opposing,12,"Giovanni Caboto, another Italian) ""discovered"" Newfoundland in England's name around 1497 and paved the way for England's colonization of most of North America.",23,opposing,0.9932,0.0002,0.0065,0.9932,correct,False,neutral,neutral,False,True,False,False,False
climate change is caused by human activity,factual_true,Climate variability and change,encyclopedia,supporting,0,"Anthropogenic climate change is caused by human activity, as opposed to changes in climate that may have resulted as part of Earth's natural processes.",24,supporting,0.9932,0.9932,0.006,0.001,correct,False,,neutral,False,True,False,False,False
drinking bleach cures diseases,factual_false,YouTube cracks down on videos that promote drinking bleach a,web,opposing,2,"In 2010, the US Food and Drug Administration said it had received multiple reports of people suffering “life-threatening low blood pressure” from dehydration after taking MMS.",26,opposing,0.9932,0.0002,0.0065,0.9932,correct,False,opposing,opposing,False,True,False,False,False
smoking causes lung cancer,factual_true,Smoking and Cancer | Overviews of Diseases/Conditions | Tips,web,supporting,4,"In the United States, more than 7,300 nonsmokers die each year from lung cancer caused by secondhand smoke.6 Secondhand smoke is the combination of smoke from the burning end of a cigarette and the sm",130,supporting,0.9932,0.9932,0.0034,0.0036,correct,False,supporting,neutral,True,False,False,False,False
sugar makes children hyperactive,factual_false,"No, sugar doesn’t make your kids hyperactive - The Conversat",web,opposing,9,Numerous placebo-controlled studies have demonstrated sugar does not significantly impact children’s behaviour or attention span.,15,opposing,0.9932,0.0002,0.0066,0.9932,correct,False,opposing,neutral,True,False,False,False,False
sugar makes children hyperactive,factual_false,"No, sugar doesn’t make your kids hyperactive - The Conversat",web,opposing,11,"The results were clear: in the vast majority of studies, sugar consumption did not lead to increased hyperactivity or disruptive behaviour.",21,opposing,0.9932,0.0004,0.0063,0.9932,correct,False,neutral,opposing,True,False,False,False,False
the Great Wall of China is the only man-made structure visible from space,factual_false,Artificial structures visible from space,encyclopedia,opposing,6,"It is sometimes referred to as the ""Plastic sea"" (""Mar de plástico"" in Spanish) due to the high concentration of these greenhouse structures.",23,opposing,0.9932,0.0002,0.0065,0.9932,correct,False,opposing,opposing,False,True,False,False,False
the Great Wall of China is the only man-made structure visible from space,factual_false,True or False: The Great Wall of China is the only man-made ,web,opposing,0,"May 4, 2026 · The claim that the Great Wall of China is the only man-made object visible from the Moon or outer space has been debunked many times, ...",30,opposing,0.9932,0.0009,0.0057,0.9932,correct,False,,,False,False,True,True,False
the average human body temperature is 98.6 degrees fahrenheit,factual_false,"Normal body temperature is personal, Stanford Medicine resea",web,opposing,12,"From the remaining data, they found that adults have normal temperatures ranging from 97.3 F to 98.2 F, with an overall average of 97.9 F.
Next, the researchers used a statistical model to relate pati",42,opposing,0.9932,0.001,0.0058,0.9932,correct,False,neutral,neutral,False,False,False,False,False
the great wall of china is visible from space,factual_false,"Claim Verification: ""The Great Wall of China is the only man",academic,opposing,1,"The Great Wall of China is NOT visible from space with the naked eye, AND it is NOT the only man-made object that could be — many others (highways, dams, cities) are routinely visible from low Earth o",38,opposing,0.9932,0.0025,0.0045,0.9932,correct,False,supporting,opposing,True,False,False,False,False
the moon landing was faked,factual_false,"Was the Moon Landing Fake? | Debunked Theories, Proof We Wen",web,opposing,8,The Jodrell Bank radio telescope in the U.K. observed the signal from the lunar module Eagle landing on the Moon and was even able to see when Neil Armstrong took manual control of the spacecraft.,35,opposing,0.9932,0.0002,0.0065,0.9932,correct,False,opposing,opposing,False,False,False,False,False
the sun is a star,factual_true,Ask a Solar Physicist,web,supporting,15,"The Sun is now classified as a G2V star: a main-sequence dwarf star of
moderate temperature.",16,supporting,0.9932,0.9932,0.0055,0.0014,correct,False,supporting,neutral,False,False,False,False,False
5G causes COVID,factual_false,5G and coronavirus: Debunking the fake news stories - BBC,web,opposing,11,"However, countries without 5G, such as Iran, have reported huge numbers of coronavirus cases.",14,opposing,0.9927,0.0005,0.007,0.9927,correct,False,opposing,opposing,False,False,False,False,False
5G towers cause cancer,factual_false,I heard that the new 5G technology can cause cancer. Is this,web,opposing,10,"In general, research so far indicates that there is no increase in cancer risk associated with normal levels of mobile phone use.",22,opposing,0.9927,0.0001,0.0071,0.9927,correct,False,opposing,opposing,True,False,False,False,False
Einstein failed math in school,factual_false,Is it true that Albert Einstein failed in mathematics many t,web,opposing,0,"Answer (1 of 129): To borrow from Professor Charles Francis: “Contrary to popular myth, Einstein was among the great mathematicians of history.",22,opposing,0.9927,0.0002,0.0069,0.9927,correct,False,,opposing,False,True,False,False,False
antibiotics do not work against viruses,factual_true,Why are antibiotics ineffective against viruses? - The AMR N,web,supporting,3,"So, antibiotics are ineffective against viruses, simply because viruses are not cells and do not have those “machineries” that antibiotics specifically target.",22,supporting,0.9927,0.9927,0.0062,0.001,correct,False,neutral,neutral,True,True,False,False,True
bats are blind,factual_false,Blind as a Bat? No Such Thing - Bat Conservation Internation,web,opposing,9,"Thanks to these proteins, most mammals can distinguish between colors like blue and red, but not middle colors like greens (certain primates like humans are exceptions thanks to gene mutations that re",36,opposing,0.9927,0.0002,0.0072,0.9927,correct,False,opposing,opposing,True,False,False,False,False
bats are blind,factual_false,Are Bats Blind?,web,opposing,12,"However, echolocation is only effective up to a range of 50 meters, so bats must use eyesight to help navigate over long distances to and from their roosts, as well as to detect sunrise and sunset.",36,opposing,0.9927,0.0006,0.0066,0.9927,correct,False,opposing,opposing,False,False,False,False,False
bats are blind,factual_false,Why are bats blind? | Science Questions with Surprising Answ,web,opposing,5,"In their book on bats, authors Barbara Schmidt-French and Carol Butler state, ""Someone with poor vision is commonly called ‘blind as a bat,' but the expression is inappropriate since bats can actually",44,opposing,0.9927,0.0009,0.0063,0.9927,correct,False,opposing,opposing,False,True,False,False,False
climate change is real,factual_true,Is climate change real? Here are 7 solid facts. | Environmen,web,supporting,3,"Climate change is real and human-made, and there is overwhelming scientific consensus that this is true.",16,supporting,0.9927,0.9927,0.0068,0.0006,correct,False,supporting,supporting,False,False,False,False,False
drinking bleach cures diseases,factual_false,FDA Warns of “Cure-All” Products That Actually Contain,web,opposing,2,Sodium chlorite and chlorine dioxide are active ingredients found in disinfectants and are not intended for ingestion.,17,opposing,0.9927,0.0001,0.0074,0.9927,correct,False,neutral,neutral,True,False,False,False,False
goldfish have a 3 second memory,factual_false,Do Goldfish Really Have a 3 Second Memory?,web,opposing,3,Your goldfish can actually remember things for at least five months!,11,opposing,0.9927,0.0003,0.0072,0.9927,correct,False,opposing,opposing,False,False,False,False,False
lightning never strikes the same place twice,factual_false,r/shittyaskscience on Reddit: If lightning never strikes in ,web,opposing,1,"In short, lightning can appear to strike twice in the same place, but only from a geocentric perspective.",18,opposing,0.9927,0.0008,0.0063,0.9927,correct,False,opposing,,False,False,False,False,True
the sun is a star,factual_true,Curious Kids: Is there anything hotter than the Sun?,web,supporting,2,The Sun is a star – and the stars of the night sky are Suns a bit like our own.,20,supporting,0.9927,0.9927,0.0054,0.0019,correct,False,opposing,opposing,False,False,False,False,False
vaccines cause autism,factual_false,"Experts: CDC Website Shift on Vaccines, Autism Sparks Confus",web,opposing,9,"But science already has ruled out vaccines as a cause of autism, Maniar said.",14,opposing,0.9927,0.0011,0.006,0.9927,correct,False,neutral,neutral,False,False,False,False,False
water boils at 100 degrees celsius,factual_true,Why is the boiling point of water 100 degrees C? - Quora,web,supporting,0,"The usual atmospheric pressure at sea level, which is 1 atmosphere (atm), causes water to boil at 100 degrees Celsius (212 degrees Fahrenheit).",23,supporting,0.9927,0.9927,0.0059,0.0016,correct,False,,,False,False,False,False,False
5G towers cause cancer,factual_false,Wireless device radiation and health,encyclopedia,opposing,1,"To date, no adverse health effects have been established as being caused by mobile phone use.""",16,opposing,0.9922,0.0001,0.0078,0.9922,correct,False,opposing,opposing,True,True,False,False,False
5G towers cause cancer,factual_false,Mark Steele (conspiracy theorist),encyclopedia,opposing,13,"""Man who thinks street lights cause cancer called Gateshead councillors 'baby killers'"".",12,opposing,0.9922,0.0002,0.0073,0.9922,correct,False,opposing,opposing,False,True,False,False,False
MSG is dangerous to consume,factual_false,Glutamate flavoring,encyclopedia,opposing,7,"In 1970, a National Research Council under the US National Academy of Sciences investigated MSG but concluded that MSG was safe for consumption.",23,opposing,0.9922,0.001,0.007,0.9922,correct,False,neutral,opposing,False,False,False,False,False
bats are blind,factual_false,Gait mechanics of a blind echolocating rodent: Implications ,academic,opposing,9,These findings suggest that the information gathered during ultrasonic scanning is sufficient to allow effective quadrupedal locomotion while moving on arboreal supports.,22,opposing,0.9922,0.0002,0.0074,0.9922,correct,False,opposing,opposing,False,False,False,False,False
bats are blind,factual_false,Echolocation in soft-furred tree mice,academic,opposing,14,RESULTS All four recognized soft-furred tree mouse species were capable of emitting regular ultrasonic vocalizations (USVs) with a peak frequency of ~98 kHz.,23,opposing,0.9922,0.0002,0.0077,0.9922,correct,False,opposing,opposing,False,False,False,False,False
bats are blind,factual_false,Are Bats Blind? The Truth About Bat Vision and Sensory Trade,web,opposing,11,"Bats that roost in caves and use echolocation often lose UV vision, while those that navigate in open forests are more likely to retain color vision.",26,opposing,0.9922,0.0006,0.007,0.9922,correct,False,opposing,opposing,False,False,False,False,False
climate change is caused by human activity,factual_true,Climate change caused by human activities is happening and i,web,supporting,0,"It is generally understood that human-induced climate change causes global warming, but what is not adequately appreciated are the direct influences on heavy rainfalls, drought and storms, at great co",35,supporting,0.9922,0.9922,0.0069,0.0011,correct,False,,,True,False,False,False,False
cracking your knuckles causes arthritis,factual_false,Mythbuster: Cracking Your Knuckles Causes Arthritis,web,opposing,5,- The sensation: Some individuals believe that cracking their knuckles releases stress and enhances mobility by creating more space in the joint.,22,opposing,0.9922,0.0002,0.0075,0.9922,correct,False,neutral,opposing,False,False,False,False,False
lemmings commit mass suicide,factual_false,Do Lemmings Really Commit Mass Suicide? - Strange Writer,web,opposing,6,Instead they have interaction in what is called a migratory behavior which happens for the duration of times of population stress.,21,opposing,0.9922,0.0004,0.0074,0.9922,correct,False,opposing,opposing,False,False,False,False,False
sugar makes children hyperactive,factual_false,Does sugar really make children hyperactive? - Medical News ,web,opposing,12,"The authors of the meta-analysis make another important point; there is some
Sugar, it seems, does not cause hyperactivity in the vast majority of children.",25,opposing,0.9922,0.0014,0.0066,0.9922,correct,False,neutral,neutral,True,False,False,False,False
the Great Wall of China is the only man-made structure visible from space,factual_false,Artificial structures visible from space,encyclopedia,opposing,2,"Using binoculars, astronauts could even see roads, dams, harbors, even large vehicles such as ships and planes.",17,opposing,0.9922,0.0001,0.008,0.9922,correct,False,neutral,opposing,False,False,False,False,False
the earth is flat,factual_false,Why the Earth is actually 100% flat | Science | The Guardian,web,opposing,6,"The name is a giveaway; it’s clearly a morphing of “never rest”, because if you wanted to go to the biggest mountain you’d literally never rest, because it isn’t actually there.",31,opposing,0.9922,0.0004,0.0076,0.9922,correct,False,neutral,opposing,True,True,False,False,False
the earth is flat,factual_false,Why the Earth is actually 100% flat | Science | The Guardian,web,opposing,10,"This leads us on to other considerations though, like how thick is the Earth?",14,opposing,0.9922,0.0008,0.0072,0.9922,correct,False,neutral,neutral,False,False,False,False,False
5G towers cause cancer,factual_false,Mark Steele (conspiracy theorist),encyclopedia,opposing,12,"- ^ ""Man who thinks street lights cause cancer called Gateshead councillors 'baby killers'"".",14,opposing,0.9917,0.0002,0.0082,0.9917,correct,False,neutral,opposing,False,True,False,False,False
Einstein failed math in school,factual_false,Did Einstein Really Fail Math? | Ripley's Believe It or Not!,web,opposing,15,"And on returning, earn his place at the prestigious school in Zurich.",12,opposing,0.9917,0.0001,0.0082,0.9917,correct,False,neutral,neutral,False,False,False,False,False
bats are blind,factual_false,Echolocation in soft-furred tree mice,academic,opposing,21,"In vitro experimental analyses also showed a functional convergence of prestin between the soft-furred tree mouse and other echolocating mammals, which was largely contributed by the identified conver",30,opposing,0.9917,0.0002,0.008,0.9917,correct,False,opposing,opposing,False,False,False,False,False
bats are blind,factual_false,Blind as a Bat? No Such Thing - Bat Conservation Internation,web,opposing,2,"Their vision, like their hearing, varies from species to species.",10,opposing,0.9917,0.0002,0.0082,0.9917,correct,False,opposing,opposing,False,False,False,False,False
bats are blind,factual_false,Blind as a Bat? No Such Thing - Bat Conservation Internation,web,opposing,6,"Rods respond specifically to the amount of light in the environment, letting us see shapes and objects in dim and dark conditions.",22,opposing,0.9917,0.0001,0.0081,0.9917,correct,False,opposing,opposing,False,False,False,False,False
dogs can only see in black and white,factual_false,Can animals see colour? - AdelaideVet,web,opposing,16,"Like all animals, some light is required for the eye to function properly.",13,opposing,0.9917,0.0001,0.008,0.9917,correct,False,neutral,neutral,False,False,False,False,False
octopuses have three hearts,factual_true,"Ten Wild Facts About Octopuses: They Have Three Hearts, Big ",web,supporting,0,"Ten Wild Facts About Octopuses: They Have Three Hearts, Big Brains and Blue Blood
These bizarre creatures have been around for hundreds of millions of years, and for humans, they’ve inspired horror, a",49,supporting,0.9917,0.9917,0.0074,0.001,correct,False,,neutral,False,False,False,False,False
shaving makes hair grow back thicker,factual_false,Does shaving make hair grow back thicker and darker? | Think,web,opposing,8,"Shaving simply cuts hair at the skin’s surface, without affecting the follicle beneath (7).",14,opposing,0.9917,0.0001,0.0081,0.9917,correct,False,neutral,neutral,False,False,False,False,False
shaving makes hair grow back thicker,factual_false,Does Shaving Make Hair Thicker or Faster? Myths and Facts,web,opposing,13,"Despite what you may have heard or read, shaving does not affect hair growth.",14,opposing,0.9917,0.0001,0.008,0.9917,correct,False,opposing,neutral,True,False,False,False,False
smoking causes lung cancer,factual_true,Tumor Suppressor miR-584-5p Inhibits Migration and Invasion ,academic,supporting,0,Simple Summary Cigarette smoke is a major carcinogen that causes lung cancer and induces DNA methylation.,16,supporting,0.9917,0.9917,0.0078,0.0007,correct,False,,neutral,False,False,False,False,False
the Great Wall of China is visible from space,factual_false,"Claim Verification: ""The Great Wall of China is the only man",academic,opposing,1,"The Great Wall of China is NOT visible from space with the naked eye, AND it is NOT the only man-made object that could be — many others (highways, dams, cities) are routinely visible from low Earth o",38,opposing,0.9917,0.0026,0.0058,0.9917,correct,False,supporting,neutral,True,False,False,False,False
the earth is flat,factual_false,The earth is flat,web,opposing,6,"By the early period of the Christian Church, the spherical view was widely held, with some notable exceptions.",18,opposing,0.9917,0.0004,0.008,0.9917,correct,False,opposing,neutral,False,False,False,False,False
the great wall of china is visible from space,factual_false,Is the Great Wall of China visible from space?,web,opposing,3,"So, to answer your question, no, the Great Wall of China is not readily visible from space, but it stands as a testament to human ingenuity, even if it’s not waving to extraterrestrial neighbors.",34,opposing,0.9917,0.0017,0.0067,0.9917,correct,False,neutral,,True,False,False,False,False
5G towers cause cancer,factual_false,Wireless device radiation and health,encyclopedia,opposing,2,"In 2024, the National Cancer Institute wrote: ""The evidence to date suggests that cell phone use does not cause brain or other kinds of cancer in humans.""",27,opposing,0.9912,0.0002,0.0086,0.9912,correct,False,opposing,neutral,True,True,False,False,False
5G towers cause cancer,factual_false,Wireless device radiation and health,encyclopedia,opposing,4,"In 2024, the National Cancer Institute wrote: ""The evidence to date suggests that cell phone use does not cause brain or other kinds of cancer in humans.""",27,opposing,0.9912,0.0002,0.0086,0.9912,correct,False,neutral,neutral,True,True,False,False,False
5G towers cause cancer,factual_false,Mark Steele (conspiracy theorist),encyclopedia,opposing,3,"In 2016, a neighbour informed Steele that she believed newly installed street lights to be the cause of her nose-bleeds.",20,opposing,0.9912,0.0002,0.0087,0.9912,correct,False,opposing,neutral,False,False,False,False,False
bats are blind,factual_false,Blind as a Bat? No Such Thing - Bat Conservation Internation,web,opposing,4,Normal human visual acuity is benchmarked as 20/20 – so what’s a bat’s visual acuity?,15,opposing,0.9912,0.0004,0.0084,0.9912,correct,False,opposing,opposing,False,False,False,False,False
dogs can only see in black and white,factual_false,Canine terminology,encyclopedia,opposing,18,"Retrieved September 29, 2008
- ^ a b c d e f g h i j k l m n o ""Genetics of Coat Color and Type in Dogs"".",29,opposing,0.9912,0.0001,0.0086,0.9912,correct,False,opposing,,False,True,False,False,False
dogs can only see in black and white,factual_false,Can Dogs See Color? Here's What Veterinarians Say - Chewy,web,opposing,11,"Below, you’ll see a pup playing with an orange Frisco Fetch Squeaky Ball.",13,opposing,0.9912,0.0002,0.0086,0.9912,correct,False,opposing,opposing,False,False,False,False,False
the Great Wall of China is the only man-made structure visible from space,factual_false,Is China's Great Wall Visible from Space? - Scientific Ameri,web,opposing,8,"But he could identify roads, airport runways and irrigation ditches simply because they stood out in their environments.",18,opposing,0.9912,0.0001,0.0088,0.9912,correct,False,opposing,neutral,False,False,False,False,False
the earth is flat,factual_false,Mapping Tidal Flats of the Bohai and Yellow Seas Using Time ,academic,opposing,1,"Because of the increasing anthropogenic interruption and sea level rise, tidal flats are under great threat.",16,opposing,0.9912,0.0009,0.0079,0.9912,correct,False,neutral,opposing,False,False,False,False,False
the earth is flat,factual_false,How Do We Know the Earth Isn't Flat? We Asked a NASA Expert:,web,opposing,2,"And they figured, well, that’s only possible if the Earth is round.",12,opposing,0.9912,0.0006,0.0083,0.9912,correct,False,opposing,neutral,False,False,False,False,False
the earth is flat,factual_false,Is the Earth Flat? | Answers in Genesis,web,opposing,11,"Apparently, the shadow indicates where it is night on the earth.",11,opposing,0.9912,0.0005,0.0084,0.9912,correct,False,opposing,neutral,False,False,False,False,False
the earth revolves around the sun,factual_true,Why Earth Revolve Around the Sun? - Kidpid,web,supporting,16,"- Earth revolves around the sun and that makes different seasons like colourful spring, hot summer, chilled or cold and frosty winters, and the autumn.",25,supporting,0.9912,0.9912,0.0078,0.001,correct,False,neutral,,False,False,False,False,False
vaccines cause autism,factual_false,"Experts: CDC Website Shift on Vaccines, Autism Sparks Confus",web,opposing,4,"The vaccines and autism page also is not clear in that its new bullet points are followed by a heading that maintains the previous CDC stance, “vaccines do not cause autism,” albeit with an asterisk.",35,opposing,0.9912,0.0007,0.0079,0.9912,correct,False,opposing,neutral,True,True,False,False,False
antibiotics do not work against viruses,factual_true,"Why antibiotics can’t be used to treat viruses, colds or the",web,supporting,1,It is because of this that antibiotics don’t work on viruses.,11,supporting,0.9907,0.9907,0.0083,0.001,correct,False,neutral,,False,False,False,False,True
bats are blind,factual_false,Echolocation in soft-furred tree mice,academic,opposing,26,"When the soft-furred tree mice explored on a central disk, they spent more time exploring and emitted ultrasonic pulses at a higher rate in the sector over the escaping platform.",30,opposing,0.9907,0.0001,0.0091,0.9907,correct,False,opposing,opposing,False,False,False,False,False
lightning never strikes the same place twice,factual_false,Lightning never strikes the same place twice: myth or realit,web,opposing,4,- 🗼 TheEmpire State Building in New York is struck approximately 20 to 25 times a year.,17,opposing,0.9907,0.0002,0.0091,0.9907,correct,False,opposing,opposing,False,False,False,False,True
octopuses have three hearts,factual_true,Why octopuses have three hearts: when three are better than ,web,supporting,5,"However it is only one-fourth as efficient as hemoglobin in transporting oxygen, so extra pumping is needed and the octopus's three hearts come in very handy - and it's also why vertebrates just need ",38,supporting,0.9907,0.9907,0.0084,0.0008,correct,False,neutral,,False,True,False,False,False
the great wall of china is visible from space,factual_false,Can You See the Great Wall of China from Space,web,opposing,11,"Chris Hadfield, a Canadian astronaut, had said previously that the Great Wall of China is invisible from orbit with unaided eyes, which is too narrow to be observed because it blends with natural colo",34,opposing,0.9907,0.0027,0.0068,0.9907,correct,False,neutral,opposing,False,False,False,False,False
the speed of light is constant,factual_true,Is The Speed Of Light Constant?,web,supporting,15,"The speed of light is a constant that influences other constants, and if the speed of light itself were not constant, the universe we see could not exist.",28,supporting,0.9907,0.9907,0.0077,0.0014,correct,False,neutral,opposing,True,False,False,False,False
water boils at 100 degrees celsius,factual_true,[Solved] Water ______ at 100 degree celsius. - Testbook,web,supporting,4,"- The complete sentence will be,
- Water boils at 100-degree celsius.",12,supporting,0.9907,0.9907,0.0075,0.0018,correct,False,neutral,neutral,False,False,False,False,False
Einstein failed math in school,factual_false,Einstein Was Bad at Math?. A closer look at what really happ,web,opposing,0,"July 14, 2025 - But here’s the truth: Einstein never failed math.",12,opposing,0.9902,0.0013,0.0084,0.9902,correct,False,,,True,False,False,False,False
antibiotics do not work against viruses,factual_true,Antibiotics: Not always the answer - Mayo Clinic Health Syst,web,supporting,12,"Since viruses are not cells, they do not have cell membranes, so antibiotics are ineffective against them.",17,supporting,0.9902,0.9902,0.0087,0.001,correct,False,neutral,opposing,True,False,False,False,True
bats are blind,factual_false,Echolocation in soft-furred tree mice,academic,opposing,15,"When these mice explored in a cluttered environment and approached an obstacle, they produced USVs with a significantly larger pulse rate.",21,opposing,0.9902,0.0002,0.0097,0.9902,correct,False,opposing,opposing,False,False,False,False,False
bats are blind,factual_false,Myth buster: Bats aren't blind | Forest Preserve District of,web,opposing,5,And bats don't rely on their eyesight to navigate in flight because they use their echolocation.,16,opposing,0.9902,0.0009,0.0088,0.9902,correct,False,opposing,opposing,True,True,False,False,False
dogs can only see in black and white,factual_false,Canine terminology,encyclopedia,opposing,10,"- Brindle: A mixture of black with brown, tan, or gold, usually in a ""tiger stripe"" pattern.",17,opposing,0.9902,0.0004,0.0094,0.9902,correct,False,neutral,opposing,False,True,False,False,False
dogs can only see in black and white,factual_false,Dogs and cats see only in black and white. Answer: False,web,opposing,1,"Their color vision is most like that of a person with red-green colorblindness, meaning that a red toy blends perfectly into green grass (don’t worry, though, they can find that toy by smell alone!).",34,opposing,0.9902,0.0003,0.0094,0.9902,correct,False,opposing,neutral,False,False,False,False,False
lightning never strikes the same place twice,factual_false,MythBuster: Lightning Never Strikes the Same Place Twice — S,web,opposing,5,"In fact, some places get struck several times a year.",10,opposing,0.9902,0.0001,0.0098,0.9902,correct,False,opposing,opposing,False,False,False,False,True
the great wall of china is visible from space,factual_false,Is the Great Wall of China visible from space?,web,opposing,1,Picture an astronaut squinting through a telescope – the Great Wall is elusive from such heights.,16,opposing,0.9902,0.0009,0.009,0.9902,correct,False,neutral,neutral,False,False,False,False,False
the sun is a star,factual_true,The sun: Facts about the bright star at the center of the...,web,supporting,5,- The sun is unique in that it's the only star in our solar system.,15,supporting,0.9902,0.9902,0.0076,0.0022,correct,False,neutral,neutral,False,True,False,False,False
water boils at 100 degrees celsius,factual_true,Boiling Point - TerpConnect,web,supporting,1,"For example, for water, the boiling point is 100 degrees Celsius at a pressure of 1 atm.",17,supporting,0.9902,0.9902,0.0088,0.001,correct,False,neutral,neutral,False,False,False,False,False
5G causes COVID,factual_false,5G,encyclopedia,opposing,15,"- ^ ""Do mobile phones, 4G or 5G cause cancer?"".",10,opposing,0.9897,0.0003,0.0099,0.9897,correct,False,opposing,opposing,False,True,False,False,False
5G causes COVID,factual_false,Progressive Use of IoT and 5G Network-Based Systems Post COV,academic,opposing,2,Automated systems and electronic devices have evolved globally with cutting-edge technologies that help to minimize the loss caused by the pandemic situation as digitalization will continue to expand.,28,opposing,0.9897,0.0002,0.01,0.9897,correct,False,neutral,opposing,False,False,False,False,False
5G towers cause cancer,factual_false,5G,encyclopedia,opposing,12,The Swiss Telecommunications Association stated that studies had not demonstrated adverse health effects from 5G exposure.,16,opposing,0.9897,0.0002,0.0103,0.9897,correct,False,neutral,neutral,True,False,False,False,False
5G towers cause cancer,factual_false,Assessing the impact of radiofrequency radiation from cellul,academic,opposing,3,"While numerous studies suggest that RF exposure does not lead to significant adverse health outcomes at permissible levels, evidence regarding potential non-thermal effects, such as oxidative stress a",34,opposing,0.9897,0.0001,0.0101,0.9897,correct,False,neutral,neutral,True,False,False,False,False
5G towers cause cancer,factual_false,"Microwave radiofrequencies, 5G, 6G, graphene nanomaterials: ",academic,opposing,8,"(3) Biomedical engineering (via graphene-based nanomaterials) will enable brain-computer connections, linked wirelessly to the Internet of Everything through 5G and 6G networks (2030) and artificial i",35,opposing,0.9897,0.0001,0.0103,0.9897,correct,False,opposing,neutral,False,False,False,False,False
bats are blind,factual_false,Echolocation in soft-furred tree mice,academic,opposing,34,"Together, our findings suggest that soft-furred tree mice are capable of echolocation, and thus are a new lineage of echolocating mammals.",21,opposing,0.9897,0.0002,0.0102,0.9897,correct,False,opposing,,False,False,False,False,False
humans only use 10 percent of their brain,factual_false,Beyond the Myth That We Use Only 10 Percent of Our Brains | ,web,opposing,1,"Posted May 15, 2025 Reviewed by Michelle Quirk
Key points
- The entire brain is active in daily functions, not just 10 percent, as myths suggest.",26,opposing,0.9897,0.0007,0.0094,0.9897,correct,False,opposing,neutral,True,False,False,False,False
lightning never strikes the same place twice,factual_false,Lightning Myths,web,opposing,14,"Myth: lightning flashes are 3-4 km apart
Fact: Old data said successive flashes were on the order of 3-4 km apart.",21,opposing,0.9897,0.0002,0.01,0.9897,correct,False,neutral,opposing,False,False,False,False,True
sugar makes children hyperactive,factual_false,Hyperactivity,encyclopedia,opposing,4,"Regardless of this, the studies conducted present that there is no correlation between sugar and hyperactivity.",16,opposing,0.9897,0.0006,0.0099,0.9897,correct,False,neutral,neutral,True,False,False,False,False
the earth is flat,factual_false,Why some people believe the Earth is flat | BBC Earth,web,opposing,2,"The shape of Earth explains seasons, changes in weather, how the sun sets and many more natural phenomena.",18,opposing,0.9897,0.0003,0.0097,0.9897,correct,False,neutral,neutral,False,False,False,False,False
drinking bleach cures diseases,factual_false,People are still drinking bleach—and vomiting and pooping,web,opposing,0,The US Food and Drug Administration this week released an important health warning that everyone should heed: drinking bleach is dangerous—potentially life-threatening—and you should not do it.,27,opposing,0.9893,0.0002,0.0104,0.9893,correct,False,,opposing,True,False,False,False,False
honey never expires,factual_true,Does Honey Expire—Ever? - Mill,web,supporting,0,"Whether you call it liquid gold, bee juice, or just “honey,” there’s a 30% chance you’ve got some in your cabinet right now if you live in the U.S. And if you’ve found your way here, you’re probably w",59,supporting,0.9893,0.9893,0.0096,0.0013,correct,False,,neutral,True,True,False,False,True
humans only use 10 percent of their brain,factual_false,"No, we don’t use only 10% of our brains!",web,opposing,5,"No, we do not use just 10 or 15% of our brain capacities.",13,opposing,0.9893,0.0017,0.0089,0.9893,correct,False,neutral,opposing,True,False,False,False,False
the earth is flat,factual_false,Why the Earth is actually 100% flat | Science | The Guardian,web,opposing,17,"Scientists scoff at this notion, arguing that gravity would mean the atmosphere would be much thicker at the centre of the each surface and nearly barren at the poles.",29,opposing,0.9893,0.0005,0.0105,0.9893,correct,False,opposing,,False,False,False,False,False
the earth revolves around the sun,factual_true,Why Earth Revolve Around the Sun? - Kidpid,web,supporting,1,Earth revolves around the Sun because of Sun’s gravitational force.,10,supporting,0.9893,0.9893,0.0095,0.0013,correct,False,neutral,neutral,False,False,False,False,False
the earth revolves around the sun,factual_true,Why Earth Revolve Around the Sun? - Kidpid,web,supporting,12,Earth revolves around the Sun because of Sun’s gravitational force.,10,supporting,0.9893,0.9893,0.0095,0.0013,correct,False,supporting,neutral,False,False,False,False,False
vaccines cause autism,factual_false,Do vaccines cause autism? | Autism Speaks,web,opposing,7,"- This study provides strong evidence that thimerosal in vaccines does not cause autism, reinforcing the safety of vaccine preservatives.",20,opposing,0.9893,0.0009,0.01,0.9893,correct,False,neutral,opposing,True,False,False,False,False
we only use 10% of our brains,factual_false,Do we only use 10% of our brains? | Science Questions,web,opposing,1,"What happens to the remaining 90% of our brain?”
Professor Simon Laughlin from Cambridge University flexes his brain power to answer this...
Simon - The answer to this question is really contained in ",39,opposing,0.9893,0.0006,0.0102,0.9893,correct,False,neutral,neutral,False,True,False,False,False
5G causes COVID,factual_false,5G misinformation,encyclopedia,opposing,3,There is indisputable evidence that COVID-19 is a viral disease and has no relationship with 5G or any other cellular technology.,21,opposing,0.9888,0.0005,0.0107,0.9888,correct,False,neutral,opposing,True,False,False,False,False
antibiotics do not work against viruses,factual_true,Why Don’t Antibiotics Work on Viruses | Dragonfly Medical an,web,supporting,3,"Understanding why antibiotics don’t work on viruses is essential for your health, the future of medicine, and the fight against antibiotic resistance.",22,supporting,0.9888,0.9888,0.01,0.0013,correct,False,neutral,neutral,False,False,False,False,True
bats are blind,factual_false,Exploring the Mysteries of Bats: The Modern Approaches Trans,academic,opposing,10,"Integrating molecular, acoustic, and morphometric approaches enhances bat species identification and supports conservation efforts.",14,opposing,0.9888,0.0003,0.0108,0.9888,correct,False,opposing,opposing,False,False,False,False,False
bats are blind,factual_false,Increased emission intensity can compensate for the presence,academic,opposing,4,"they did not make their own click emissions), and where intensity of emissions and echoes changed adaptively based on participant performance (intensity of echoes was yoked to intensity of emissions).",30,opposing,0.9888,0.0003,0.011,0.9888,correct,False,opposing,opposing,True,False,False,False,False
dogs can only see in black and white,factual_false,Canine terminology,encyclopedia,opposing,3,"For example, the white in white miniature schnauzers is a cream color, not albinism (a genotype of e/e at MC1R.)",20,opposing,0.9888,0.0003,0.0112,0.9888,correct,False,opposing,opposing,True,False,False,False,False
eating carrots improves your eyesight,factual_false,Do Carrots help improve Night Vision? - Westside Eye Clinic,web,opposing,1,"Although it’s considered to be common knowledge (you may have even repeated the tale to your own children), it’s not strictly true: carrots themselves don’t increase your ability to see in the dark.",33,opposing,0.9888,0.0009,0.0102,0.9888,correct,False,supporting,neutral,True,False,False,False,False
goldfish have a 3 second memory,factual_false,Why goldfish having a three-second memory is a myth… –,web,opposing,1,"Instead of three seconds, goldfish memories can last at least three months.",12,opposing,0.9888,0.0013,0.0099,0.9888,correct,False,opposing,,False,False,False,False,False
humans only use 10 percent of their brain,factual_false,Do We Really Use Only 10 Percent of Our Brain? | Britannica,web,opposing,8,"The data clearly shows that large areas of the brain—far more than 10 percent—are used for all sorts of activity, from seemingly simple tasks like resting or looking at pictures to more complex ones l",39,opposing,0.9888,0.0025,0.0087,0.9888,correct,False,neutral,neutral,False,False,False,False,False
lightning never strikes the same place twice,factual_false,Lightning never strikes the same place twice: myth or realit,web,opposing,5,- 🗼 The Eiffel Tower is struck by lightning about ten times each year.,14,opposing,0.9888,0.0003,0.0111,0.9888,correct,False,opposing,opposing,False,False,False,False,True
the Great Wall of China is visible from space,factual_false,Is the Great Wall of China visible from space? - Skeptics St,web,opposing,0,"Sep 1, 2019 · “The Great Wall of China is not visible from orbit with the naked eye,” Hadfield said via Twitter.",22,opposing,0.9888,0.0015,0.0099,0.9888,correct,False,,,True,True,False,False,False
Einstein failed math in school,factual_false,Science myths: did Einstein fail his fourth grade math class,web,opposing,16,"According to Time Magazine, the scientist and mathematician was shown a clipping from Ripley’s Believe It […]",17,opposing,0.9883,0.0001,0.0119,0.9883,correct,False,opposing,,False,False,False,False,False
antibiotics do not work against viruses,factual_true,Antibiotic misuse,encyclopedia,supporting,8,"Inappropriate use
[edit] Human health
[edit] Antibiotics have no effect on viral infections such as the common cold.",18,supporting,0.9883,0.9883,0.0109,0.0009,correct,False,opposing,supporting,True,False,False,False,True
humans share about 98% of DNA with chimpanzees,factual_true,"Humans and Chimps: 98% Identical, But a World Apart",web,supporting,1,"It’s almost shocking to realize that humans and chimpanzees share about 98% of their DNA, making us each other’s closest living relatives on the planet.",25,supporting,0.9883,0.9883,0.0099,0.0019,correct,False,neutral,neutral,False,False,False,False,False
the earth revolves around the sun,factual_true,Is the Growth of the Astronomical Unit Caused by the Allais ,academic,supporting,3,"Earth and Moon revolve around their common center of gravity, which in turn orbits the Sun, and the perturbation of the eclipse hits this double, coupled Kepler’s movements.",28,supporting,0.9883,0.9883,0.0095,0.0022,correct,False,neutral,neutral,False,False,False,False,False
you lose most body heat through your head,factual_false,Do You Lose Half of Your Body Heat from Your Head? | MeatEat,web,opposing,9,"The 2008 study corroborated these findings, saying that about 7% to 10% of body heat is lost through the head.",20,opposing,0.9883,0.0011,0.0108,0.9883,correct,False,opposing,neutral,False,False,False,False,False
5G towers cause cancer,factual_false,Does 5G Mobile Network Cause Cancer? Myths and Facts - OncoD,web,opposing,1,The National Cancer Institute and the World Health Organization (WHO) emphasize that there is no conclusive evidence linking non-ionizing radiation from sources like 5G to cancer or other health issue,30,opposing,0.9878,0.0005,0.0119,0.9878,correct,False,neutral,opposing,True,False,False,False,False
5G towers cause cancer,factual_false,"5G towers don't cause cancer — WHO, NCI confirm — Lenz",web,opposing,6,The National Cancer Institute and the World Health Organization (WHO) emphasize that there is no conclusive evidence linking non-ionizing radiation from sources like 5G to cancer or other health issue,30,opposing,0.9878,0.0005,0.0119,0.9878,correct,False,neutral,neutral,True,False,False,False,False
antibiotics do not work against viruses,factual_true,Viral Infections - Why Don't Antibiotics Kill Viruses? - Dru,web,supporting,8,Antibiotics cannot kill viruses because bacteria and viruses have different mechanisms and machinery to survive and replicate.,17,supporting,0.9878,0.9878,0.0112,0.0012,correct,False,neutral,neutral,True,False,False,False,True
humans share about 98% of DNA with chimpanzees,factual_true,Chimpanzee and Human DNA: Why Are We So Different?,web,supporting,1,"Quantifying the Genetic Likeness
The often-cited statistic that humans and chimpanzees share 98% to 99% of their DNA comes from comparing the base pairs of DNA in sections of our genomes that can be d",36,supporting,0.9878,0.9878,0.0107,0.0014,correct,False,neutral,neutral,False,False,False,False,False
humans share about 98% of DNA with chimpanzees,factual_true,Chimpanzees and humans share 98.8% of their DNA — and just l,web,supporting,0,"December 14, 2024 - Although chimpanzees and humans share a surprising 98.8 percent of their DNA, our differences are vast – or at least we like to think.",28,supporting,0.9878,0.9878,0.0093,0.003,correct,False,,neutral,False,False,False,False,False
lemmings commit mass suicide,factual_false,True lemming,encyclopedia,opposing,8,These intense population booms appear to be most common in the northern part of its range (such as Lapland).,19,opposing,0.9878,0.0008,0.0116,0.9878,correct,False,opposing,opposing,False,False,False,False,False
lemmings commit mass suicide,factual_false,Do Lemmings Really Commit Mass Suicide? - Strange Writer,web,opposing,14,While lemmings do interact in mass migrations at some stage in times of overpopulation and food shortage.,17,opposing,0.9878,0.0003,0.0121,0.9878,correct,False,opposing,opposing,False,False,False,False,False
lightning never strikes the same place twice,factual_false,"Claim Verification: ""Lightning never strikes the same place ",academic,opposing,2,The Empire State Building alone is struck by lightning an average of 23 times per year (B1).,17,opposing,0.9878,0.0003,0.0119,0.9878,correct,False,neutral,opposing,False,False,False,False,True
lightning never strikes the same place twice,factual_false,Lightning Myths,web,opposing,2,"The Empire State Building is hit an average of 23 times a year
Myth: If it’s not raining or there aren’t clouds overhead, you’re safe from lightning.",27,opposing,0.9878,0.0003,0.0119,0.9878,correct,False,opposing,neutral,True,False,False,False,True
octopuses have three hearts,factual_true,Octopuses Have Three Hearts and Nine Brains—Here’s Why,web,supporting,5,"The Nine-Brained Marvel: How Octopuses Think
While having three hearts is already fascinating, the octopus takes things up a notch with a truly astonishing nervous system: nine separate brains.",29,supporting,0.9878,0.9878,0.011,0.001,correct,False,neutral,neutral,False,False,False,False,False
the Amazon rainforest produces about 20% of the world's oxygen,factual_false,Why the Amazon rainforest doesn’t really produce 20% of the,web,opposing,6,"That would mean the Amazon generates around 16 percent of oxygen produced on land, explains Malhi.",16,opposing,0.9878,0.0011,0.0114,0.9878,correct,False,neutral,neutral,False,False,False,False,False
the moon landing was faked,factual_false,The Moon Landings Were Faked - Conspiracy Theories - TIME,web,opposing,6,(And never mind that astronauts have brought back hundreds of independently verified moon rocks.),14,opposing,0.9878,0.0005,0.0117,0.9878,correct,False,neutral,supporting,True,False,False,False,False
vaccines cause autism,factual_false,MMR vaccine and autism,encyclopedia,opposing,5,"Also in 2004, a review article was published that concluded, ""The evidence now is convincing that the measles–mumps–rubella vaccine does not cause autism or any particular subtypes of autistic spectru",31,opposing,0.9878,0.0009,0.0114,0.9878,correct,False,opposing,opposing,True,True,False,False,False
5G causes COVID,factual_false,Comparative Analysis of Max-Throughput and Proportional Fair,academic,opposing,1,"To improve the quality of mobile network services, 5G comes as a network service ecosystem with low latency, which is 1ms, or about 10 times lower than 4G, making 5G able to provide more efficient acc",41,opposing,0.9873,0.0002,0.0127,0.9873,correct,False,opposing,opposing,False,False,False,False,False
dogs can only see in black and white,factual_false,Dogs and cats see only in black and white. Answer: False,web,opposing,0,"World-Class Pet Care Resources
It’s true that dogs and cats don’t see color as well as people do, but their vision isn’t as colorless as a black-and-white movie.",28,opposing,0.9873,0.0015,0.0112,0.9873,correct,False,,opposing,False,False,False,False,False
drinking bleach cures diseases,factual_false,Conspiracy Theorists Say a Dangerous Bleach Solution Can,web,opposing,6,"According to the FDA, there is no research that shows MMS to be an effective treatment, cure, or prevention for any illness, coronavirus or otherwise.",25,opposing,0.9873,0.0002,0.0123,0.9873,correct,False,neutral,neutral,True,False,False,False,False
drinking bleach cures diseases,factual_false,Conspiracy Theorists Say a Dangerous Bleach Solution Can,web,opposing,14,"According to the FDA, there is no research that shows MMS to be an effective treatment, cure, or prevention for any illness, coronavirus or otherwise.",25,opposing,0.9873,0.0002,0.0123,0.9873,correct,False,neutral,,True,False,False,False,False
humans only use 10 percent of their brain,factual_false,Beyond the Myth That We Use Only 10 Percent of Our Brains | ,web,opposing,14,"Evolutionarily, it would make no sense for the human brain, which consumes about 20 percent of the body's energy despite accounting for only about 2 percent of its mass, to be largely unused.",33,opposing,0.9873,0.0015,0.0112,0.9873,correct,False,neutral,neutral,True,True,False,False,False
lightning never strikes the same place twice,factual_false,MythBuster: Lightning Never Strikes the Same Place Twice — S,web,opposing,6,The Empire State Building alone gets hit by lightning about 25 times every year.,14,opposing,0.9873,0.0003,0.0124,0.9873,correct,False,opposing,neutral,False,False,False,False,True
octopuses have three hearts,factual_true,"How Many Hearts Does an Octopus Have? | Anatomy, Facts ...",web,supporting,0,"An octopus has three hearts, facilitating efficient nutrient and oxygen delivery throughout its eight-armed body.",15,supporting,0.9873,0.9873,0.0115,0.0011,correct,False,,opposing,False,False,False,False,False
shaving makes hair grow back thicker,factual_false,Shaving & Hair: Does It Grow Back Thicker? The Skin Company,web,opposing,7,Research has shown that shaving does not affect hair follicles’ structure or growth pattern.,14,opposing,0.9873,0.0001,0.0125,0.9873,correct,False,neutral,opposing,True,False,False,False,False
shaving makes hair grow back thicker,factual_false,Does Shaving Make Hair Thicker or Faster? Myths and Facts,web,opposing,12,Armpit hair removal via shaving may require multiple passes because of the different directions that hair can grow in this part of the body.,24,opposing,0.9873,0.0002,0.0127,0.9873,correct,False,neutral,opposing,False,False,False,False,False
vaccines cause autism,factual_false,MMR vaccine and autism,encyclopedia,opposing,1,The scientific consensus is that there is no link between the MMR vaccine and autism and that the vaccine's benefits greatly outweigh its risks.,24,opposing,0.9873,0.0005,0.0123,0.9873,correct,False,neutral,neutral,True,True,True,False,False
water boils at 100 degrees celsius,factual_true,Boiling point - Wikipedia,web,supporting,0,"Because of this, water boils at 100°C (or with scientific precision: 99.97 °C (211.95 °F)) under standard pressure at sea level, but at 93.4 °C (200.1 °F) ...",28,supporting,0.9873,0.9873,0.0064,0.0061,correct,False,,,False,False,False,False,False
you lose most body heat through your head,factual_false,How much body heat do I really lose through my head? - One M,web,opposing,1,"Today let’s consider a perennially popular medical myth, one that continues to circulate year after year as temperatures begin to drop: that 45% of body heat dissipates through the head (we’ve even se",39,opposing,0.9873,0.0019,0.0105,0.9873,correct,False,neutral,opposing,False,False,False,False,False
bats are blind,factual_false,Are Bats Blind? The Truth About Bat Vision and Sensory Trade,web,opposing,7,"The Role of Echolocation in Bat Vision Loss
One of the study's key findings is that the loss of UV vision is linked to echolocation abilities.",26,opposing,0.9868,0.0007,0.0127,0.9868,correct,False,opposing,opposing,False,True,False,False,False
cracking your knuckles causes arthritis,factual_false,Does cracking knuckles cause arthritis? | HCA Florida,web,opposing,20,Cracking your knuckles is relatively harmless and can generally be done without causing any serious issues.,16,opposing,0.9868,0.0002,0.0128,0.9868,correct,False,neutral,neutral,False,False,False,False,False
dogs can only see in black and white,factual_false,Can Dogs See Color? Here's What Veterinarians Say - Chewy,web,opposing,7,"It may not look like the sharp color that humans see, but a dog’s eye can make out the differences in light.",22,opposing,0.9868,0.0001,0.0129,0.9868,correct,False,neutral,opposing,True,False,False,False,False
humans only use 10 percent of their brain,factual_false,Do People Only Use 10 Percent of Their Brains? | Scientific ,web,opposing,2,"If only regular folk could tap that other 90 percent, they too could become savants who remember to the twenty-thousandth decimal place or perhaps even have telekinetic powers.",28,opposing,0.9868,0.0015,0.0118,0.9868,correct,False,supporting,neutral,False,False,False,False,False
the Great Wall of China is visible from space,factual_false,How could the footprints in the sand be seen by the Shenzou ,web,opposing,0,"Sep 25, 2017 · This seems impossible since even the Great Wall of China is not actually visible from space without aid, and they didn't even know to be looking ...",31,opposing,0.9868,0.0041,0.0092,0.9868,correct,False,,,True,True,False,False,False
the earth is flat,factual_false,Modern flat Earth beliefs,encyclopedia,opposing,1,The claims of modern flat Earth proponents are not based on scientific knowledge and are contrary to over two millennia of scientific consensus based on multiple confirming lines of evidence that Eart,35,opposing,0.9868,0.0009,0.0124,0.9868,correct,False,neutral,neutral,True,False,False,False,False
the earth revolves around the sun,factual_true,Why Earth Revolve Around the Sun? - Kidpid,web,supporting,8,This is not it Earth does not only revolves around the sun but also rotates around its own axis.,19,supporting,0.9868,0.9868,0.0112,0.0019,correct,False,supporting,neutral,True,False,False,False,False
vaccines cause autism,factual_false,Do vaccines cause autism? | Autism Speaks,web,opposing,9,"- They found no connection between vaccines and autism, including the MMR vaccine, thimerosal and mercury exposure.",17,opposing,0.9868,0.0005,0.0127,0.9868,correct,False,opposing,opposing,True,False,False,False,False
5G causes COVID,factual_false,The conspiracy linking 5G to coronavirus just will not die,web,opposing,1,There’s no evidence to support the theory that 5G networks cause Covid-19 or contribute to its spread.,17,opposing,0.9863,0.0018,0.012,0.9863,correct,False,neutral,neutral,True,False,True,True,False
5G causes COVID,factual_false,Coronavirus: 5G and microchip conspiracies around the world ,web,opposing,12,"The international fact checking network, IFCN, contains a database with coronavirus fact checks from their network of partners.",18,opposing,0.9863,0.0004,0.0135,0.9863,correct,False,neutral,neutral,False,False,False,False,False
MSG is dangerous to consume,factual_false,MSG (Monosodium Glutamate) Ban in Pakistan - LinkedIn,web,opposing,0,"While the FDA, WHO, and FAO recognize MSG as generally safe, some studies suggest that high intake could trigger mild adverse reactions in sensitive individuals.",25,opposing,0.9863,0.0013,0.0122,0.9863,correct,False,,neutral,False,False,False,False,False
bats are blind,factual_false,Exploring the Mysteries of Bats: The Modern Approaches Trans,academic,opposing,11,"An integrated methodology utilising genetic, acoustic, and morphometric data is essential for effective bat research and conservation planning.",18,opposing,0.9863,0.0003,0.0135,0.9863,correct,False,opposing,,False,False,False,False,False
bats are blind,factual_false,Are Bats Blind? The Truth About Bat Vision and Sensory Trade,web,opposing,5,"This challenges the long-held belief that bats universally possess poor eyesight, demonstrating that their vision is highly specialized and adapted to their environment.",23,opposing,0.9863,0.0012,0.0122,0.9863,correct,False,opposing,opposing,False,False,False,True,False
smoking causes lung cancer,factual_true,Multidimensional bioinformatics perspective on smoking-linke,academic,supporting,11,"The discovery of HLA-J and PRMT7 provides new theoretical foundations for targeted immunotherapy, with significant potential for early diagnosis and personalized treatment of smoking-induced NSCLC.",25,supporting,0.9863,0.9863,0.0129,0.0007,correct,False,neutral,neutral,False,False,False,False,False
the Sahara desert is the largest desert on earth,factual_false,WORLDKINGS - Worldkings News - Africa – Sahara: The Largest,web,opposing,0,"The Sahara is the largest hot desert in the world, and the third largest desert behind Antarctica and the Arctic, which are both cold deserts.",25,opposing,0.9863,0.0046,0.0093,0.9863,correct,False,,neutral,False,False,False,False,False
the earth is flat,factual_false,Flat Earth,encyclopedia,opposing,5,Modern believers in a flat Earth face overwhelming publicly accessible evidence of Earth's sphericity.,14,opposing,0.9863,0.0018,0.0118,0.9863,correct,False,neutral,opposing,False,True,False,False,False
5G towers cause cancer,factual_false,Does 5G Mobile Network Cause Cancer? Myths and Facts - OncoD,web,opposing,13,"Regulatory bodies ensure emissions remain well below harmful levels, making 5G safe for public health.",15,opposing,0.9858,0.0002,0.0141,0.9858,correct,False,neutral,opposing,False,False,False,False,False
lightning never strikes the same place twice,factual_false,Lightning never strikes the same place twice: myth or realit,web,opposing,6,- 🌳 Even a lone tree in a field can be struck several times during its lifetime.,17,opposing,0.9858,0.0002,0.0139,0.9858,correct,False,opposing,neutral,False,False,False,False,True
octopuses have three hearts,factual_true,Octopuses Have Three Hearts and Nine Brains—Here’s Why,web,supporting,7,"Blue Blood: The Secret Ingredient for Survival
If the three hearts and nine brains weren’t strange enough, octopuses also have blue blood.",22,supporting,0.9858,0.9858,0.0127,0.0016,correct,False,neutral,neutral,False,False,False,False,False
the earth is flat,factual_false,Flat earth | Science | Research Starters | EBSCO Research,web,opposing,1,"Historically, belief in a flat Earth was prevalent among ancient civilizations, including the Egyptians and Babylonians, but was challenged by Greek mathematicians around 500 BCE, who provided evidenc",32,opposing,0.9858,0.0011,0.0131,0.9858,correct,False,supporting,opposing,False,False,False,False,False
the earth revolves around the sun,factual_true,Why Earth Revolve Around the Sun? - Kidpid,web,supporting,7,Earth takes about 365 days to complete one revolution around the sun and we call this time one year.,19,supporting,0.9858,0.9858,0.0123,0.0017,correct,False,supporting,supporting,False,False,False,False,False
vaccines cause autism,factual_false,Autism and Vaccines | Vaccine Safety | CDC,web,opposing,3,"Vaccines do not cause Autism*
Pursuant to the Data Quality Act (DQA), which requires federal agencies to ensure the quality, objectivity, utility, and integrity of information they disseminate to the ",49,opposing,0.9858,0.0026,0.0118,0.9858,correct,False,neutral,neutral,True,True,False,False,False
vaccines cause autism,factual_false,Autism & Vaccines: Separating Fact from Fiction,web,opposing,6,"Large-scale studies, including those by the Centers for Disease Control and Prevention (CDC), the World Health Organization (WHO), and independent researchers, have consistently found no link between ",30,opposing,0.9858,0.0006,0.0137,0.9858,correct,False,opposing,opposing,True,False,True,False,False
Einstein failed math in school,factual_false,Making the Grade - 20 Things You Need to Know About Einstein,web,opposing,8,His parents bought him the textbooks in advance so that he could master them over summer vacation.,17,opposing,0.9854,0.0001,0.0147,0.9854,correct,False,opposing,opposing,False,False,False,False,False
bats are blind,factual_false,The Blind Watchmaker,encyclopedia,opposing,7,Blind humans frequently learn to make use of these echoes.,10,opposing,0.9854,0.0006,0.0143,0.9854,correct,False,opposing,neutral,False,False,False,False,False
bats are blind,factual_false,Are Bats Blind? The Truth About Bat Vision and Sensory Trade,web,opposing,10,The study found that different ecological niches influence bat vision.,10,opposing,0.9854,0.001,0.0138,0.9854,correct,False,opposing,opposing,False,False,False,False,False
lightning never strikes the same place twice,factual_false,r/shittyaskscience on Reddit: If lightning never strikes in ,web,opposing,0,"July 28, 2015 - This eventually resulted in the discovery of ""dark matter,"" which is comprised of those previously struck places in spacetime.",23,opposing,0.9854,0.0004,0.0141,0.9854,correct,False,,opposing,False,True,False,False,True
lightning never strikes the same place twice,factual_false,Lightning Myths,web,opposing,15,Many lightning detectors cannot acquire accurate information about these multiple ground lightning attachments.,13,opposing,0.9854,0.0002,0.0144,0.9854,correct,False,opposing,opposing,True,False,False,False,True
shaving makes hair grow back thicker,factual_false,A REVIEW ON SAFETY AND EFFICACY OF KARAVEERADI TAILA AS LOMA,academic,opposing,4,"Different forms of hair removal are practiced for several reasons, including cultural, sexual, medical and religious.",16,opposing,0.9854,0.0002,0.0143,0.9854,correct,False,opposing,opposing,False,False,False,False,False
the great wall of china is visible from space,factual_false,great wall of china not visible from space,web,opposing,13,"If we struggled to see it from that altitude, I am convinced with the naked eye you absolutely cannot see it from space.",23,opposing,0.9854,0.0001,0.0144,0.9854,correct,False,neutral,opposing,True,False,False,False,False
vaccines cause autism,factual_false,Vaccines cause autism,web,opposing,1,"Major health authorities, including the World Health Organization, the National Health Service, the Centers for Disease Control and Prevention and the United States Food and Drug Administration, along",58,opposing,0.9854,0.0006,0.0141,0.9854,correct,False,opposing,neutral,True,False,False,False,False
antibiotics do not work against viruses,factual_true,Why Don’t Doctors Give Antibiotics for Viral Infections?,web,supporting,4,"Examples of common viral infections include:
- The common cold
- Influenza (the flu)
- Viral gastroenteritis (stomach flu)
Since viruses behave differently from bacteria, antibiotics simply do not aff",31,supporting,0.9849,0.9849,0.0136,0.0013,correct,False,neutral,neutral,True,False,False,False,True
climate change is caused by human activity,factual_true,Views of health professionals on climate change and health: ,academic,supporting,3,"Consistent with previous research, participants in this survey largely understood that climate change is happening and is caused by humans, viewed climate change as an important and growing cause of h",48,supporting,0.9849,0.9849,0.0147,0.0006,correct,False,neutral,neutral,False,False,False,False,False
cracking your knuckles causes arthritis,factual_false,Mythbuster: Cracking Your Knuckles Causes Arthritis,web,opposing,10,"One might accomplish this by:
a) Twisting their knuckles sideways, bending them backwards, or forward, and tugging on the bones surrounding the joint
b) While some people might worry that this leads t",46,opposing,0.9849,0.0007,0.0143,0.9849,correct,False,neutral,neutral,False,False,False,False,False
drinking bleach cures diseases,factual_false,Controversial Church Believes Drinking Bleach Cures All Dise,web,opposing,9,"In all seriousness though, although of course drinking bleach is not a good thing lol - my research shows up a few claims of small doses within some Multiple-Mineral Solutions (MMS) have turned up to ",41,opposing,0.9849,0.0013,0.0136,0.9849,correct,False,opposing,neutral,True,False,False,False,False
lemmings commit mass suicide,factual_false,Do Lemmings Really Commit Mass Suicide? - Strange Writer,web,opposing,15,These behaviours are a natural survival strategy now not an act of self-destruction.,13,opposing,0.9849,0.0002,0.0149,0.9849,correct,False,opposing,neutral,True,False,False,False,False
smoking causes lung cancer,factual_true,Multidimensional bioinformatics perspective on smoking-linke,academic,supporting,0,"Lung cancer, one of the leading causes of cancer-related morbidity and mortality worldwide, is strongly associated with smoking as its primary carcinogenic factor.",23,supporting,0.9849,0.9849,0.0138,0.0015,correct,False,,neutral,False,False,False,False,False
the earth is flat,factual_false,How Do We Know the Earth Isn't Flat? We Asked a NASA Expert:,web,opposing,12,And we should embrace that as we understand why our planet isn’t flat.,13,opposing,0.9849,0.002,0.0134,0.9849,correct,False,opposing,,False,False,False,False,False
the sun is a star,factual_true,Sun: Facts - NASA Science,web,supporting,0,"Even though the Sun is the center of our solar system and essential to our survival, it’s only an average star in terms of its size.",26,supporting,0.9849,0.9849,0.0115,0.0039,correct,False,,supporting,False,False,False,False,False
vaccines cause autism,factual_false,Vaccines and autism: What Colorado families should know,web,opposing,4,- Multiple large studies from around the world — involving millions of children — show no link between any vaccine and ASD.,22,opposing,0.9849,0.0005,0.0147,0.9849,correct,False,neutral,neutral,True,False,True,False,False
5G causes COVID,factual_false,5G misinformation,encyclopedia,opposing,8,"Contrary to this, dense deployment of 5G base stations is beneficial to the users living in proximity to them because there is no abrupt decrease of radiofrequency compared to sparse deployment.",31,opposing,0.9844,0.0002,0.0153,0.9844,correct,False,opposing,neutral,True,False,False,False,False
bulls are enraged by the color red,factual_false,Are bulls enraged by the colour red? - Centre of the Cell,web,opposing,5,"In fact, bulls are actually colour-blind to the colour red!",10,opposing,0.9844,0.0009,0.0146,0.9844,correct,False,supporting,neutral,False,False,False,False,False
climate change is caused by human activity,factual_true,Scientific consensus on climate change,encyclopedia,supporting,3,"Consensus points
The scientific consensus regarding causes and mechanisms of climate change, its effects and what should be done about it (climate action) is that:
- It is ""unequivocal"" and ""incontrov",50,supporting,0.9844,0.9844,0.0148,0.001,correct,False,neutral,neutral,False,True,False,False,False
drinking bleach cures diseases,factual_false,fortune.com/well/2023/02/02/drinking-bleach-can-be-deadly-bu,web,opposing,6,The pamphlet also came with a warning: the product isn’t intended to cure or prevent any diseases.,17,opposing,0.9844,0.0001,0.0153,0.9844,correct,False,neutral,opposing,False,False,False,False,False
evolution is real,factual_true,"88 | Neil Shubin on Evolution, Genes, and Dramatic Transitio",web,supporting,3,"But given that evolution is real, given that Darwin was roughly speaking right, there's certainly a lot of work to be done in figuring out exactly how it happened.",29,supporting,0.9844,0.9844,0.0147,0.0009,correct,False,neutral,neutral,False,True,False,False,False
shaving makes hair grow back thicker,factual_false,Shaving & Hair: Does It Grow Back Thicker? The Skin Company,web,opposing,20,We’ve debunked the myth that shaving makes hair grow back thicker and darker.,13,opposing,0.9844,0.0047,0.0111,0.9844,correct,False,neutral,,False,False,True,True,False
smoking causes lung cancer,factual_true,Identification of prognostic biomarkers of smoking-related l,academic,supporting,2,"It is not clear what specific mechanism cigarette induces lung cancer, and there is a lack of research on the relationship between related genes and the prognosis of patients with smoking lung cancer.",33,supporting,0.9844,0.9844,0.0141,0.0017,correct,False,supporting,supporting,True,False,False,False,False
the Great Wall of China is the only man-made structure visible from space,factual_false,What makes the Great Wall of China the only man-made object ,web,opposing,1,"Category: Space Published: December 11, 2012
By: Christopher S. Baird, author of The Top 50 Science Questions with Surprising Answers and Associate Professor of Physics at West Texas A&M University
Th",51,opposing,0.9844,0.0002,0.0152,0.9844,correct,False,supporting,neutral,True,False,False,False,False
the earth revolves around the sun,factual_true,Earth revolves around the sun - Bahai9,web,supporting,0,"An animal could not learn that the world is round, that the earth revolves round the sun, or the construction of the electric telegraph.",24,supporting,0.9844,0.9844,0.0132,0.0022,correct,False,,,True,False,False,False,False
vaccines cause autism,factual_false,Causes of autism,encyclopedia,opposing,4,"These studies found that de novo gene inactivating mutations were observed in approximately 20% of individuals with autism, compared to 10% of unaffected siblings, suggesting the etiology of autism is",39,opposing,0.9844,0.0002,0.0155,0.9844,correct,False,neutral,opposing,False,False,False,False,False
5G towers cause cancer,factual_false,5G misinformation,encyclopedia,opposing,3,There is indisputable evidence that COVID-19 is a viral disease and has no relationship with 5G or any other cellular technology.,21,opposing,0.9839,0.0002,0.0159,0.9839,correct,False,opposing,opposing,True,False,False,False,False
antibiotics do not work against viruses,factual_true,Viral Infections - Why Don't Antibiotics Kill Viruses? - Dru,web,supporting,3,"Some reasons are that:
- Antibiotics cannot kill viruses because viruses have different structures and replicate in a different way than bacteria.",22,supporting,0.9839,0.9839,0.0144,0.0015,correct,False,supporting,supporting,True,False,False,False,True
bats are blind,factual_false,Gait mechanics of a blind echolocating rodent: Implications ,academic,opposing,1,"One such feature that has received considerable attention is the importance of vision that helps arboreal animals assess gap distances, assure proper foot placement, and inspect potential risks.",28,opposing,0.9839,0.0001,0.0157,0.9839,correct,False,opposing,neutral,False,False,False,False,False
the earth revolves around the sun,factual_true,Why does the earth revolve around the sun?,web,supporting,0,"One revolution around the sun takes the Earth about 365 days, or one year.",14,supporting,0.9839,0.9839,0.014,0.0022,correct,False,,,False,False,False,False,False
5G towers cause cancer,factual_false,I heard that the new 5G technology can cause cancer. Is this,web,opposing,7,"While it is very unlikely that exposure to the 5G radiofrequency (independent of mobile phone use) will cause cancer, many people worry that mobile phone use will.",27,opposing,0.9834,0.0012,0.0153,0.9834,correct,False,opposing,opposing,False,False,False,False,False
bats are blind,factual_false,Echolocation in soft-furred tree mice,academic,opposing,18,The above preference was regained when the earplugs were removed or a plastic tube was inserted into the ear canals.,20,opposing,0.9834,0.0003,0.0162,0.9834,correct,False,opposing,opposing,False,False,False,False,False
bats are blind,factual_false,Myth buster: Bats aren't blind | Forest Preserve District of,web,opposing,17,"However, bats that make contact with humans or are otherwise acting strangely are 10 times more likely to be rabid.",20,opposing,0.9834,0.0004,0.016,0.9834,correct,False,neutral,opposing,False,False,False,False,False
dogs can only see in black and white,factual_false,Canine terminology,encyclopedia,opposing,8,The coat has both colors but in clearly defined and separated areas; usually the top and sides are darker and lower legs and underside are the lighter color.,28,opposing,0.9834,0.0003,0.0163,0.9834,correct,False,opposing,neutral,False,False,False,False,False
humans share about 98% of DNA with chimpanzees,factual_true,"Comparing Chimp, Bonobo and Human DNA | AMNHIt’s often said ",web,supporting,20,"Jun 29, 2025 · The often-cited statistic that humans and chimpanzees share 98% to 99% of their DNA comes from comparing the base pairs of DNA in sections of our genomes that can be directly aligned.",36,supporting,0.9834,0.9834,0.0152,0.0016,correct,False,opposing,supporting,False,False,False,False,False
sugar makes children hyperactive,factual_false,Debunking Old Wives' Tales: Why Your Child Isn’t Actually on,web,opposing,1,"Fact: Sugar Does Not Make Kids Hyper
Sugar and hyper kids, they go together, right?",15,opposing,0.9834,0.0068,0.0099,0.9834,correct,False,neutral,neutral,True,False,False,False,False
the Great Wall of China is the only man-made structure visible from space,factual_false,Artificial structures visible from space,encyclopedia,opposing,9,"Misconceptions
[edit] The Great Wall of China
[edit] The claim that the Great Wall of China is the only man-made object visible from the Moon or outer space has been debunked many times, but remains a",41,opposing,0.9834,0.0017,0.0148,0.9834,correct,False,opposing,neutral,False,False,True,True,False
the earth is flat,factual_false,Why the Earth is actually 100% flat | Science | The Guardian,web,opposing,13,"Unlike mountains, the oceans are clearly real, because otherwise where did Atlantis go?",13,opposing,0.9834,0.0005,0.0162,0.9834,correct,False,opposing,opposing,False,False,False,False,False
Einstein failed math in school,factual_false,Is it true that Albert Einstein failed in mathematics many t,web,opposing,1,"Certainly much greater than his teacher, Minkowski, who was partly responsible for the myth by underestimating him and calling him a lazy dog.",23,opposing,0.9829,0.0001,0.0168,0.9829,correct,False,opposing,,False,False,False,False,False
bats are blind,factual_false,Are Bats Really Blind? | Live Science,web,opposing,11,Get the world’s most fascinating discoveries delivered straight to your inbox.,11,opposing,0.9829,0.0011,0.0157,0.9829,correct,False,opposing,opposing,False,False,False,False,False
the Great Wall of China is the only man-made structure visible from space,factual_false,Artificial structures visible from space,encyclopedia,opposing,3,"At night, cities are also easily visible from the higher orbit of the ISS.",14,opposing,0.9829,0.0001,0.0169,0.9829,correct,False,opposing,opposing,False,False,False,False,False
the average human body temperature is 98.6 degrees fahrenheit,factual_false,Human body temperature,encyclopedia,opposing,4,But newer studies show that average internal temperature for men and women is 36.4 °C (97.5 °F).,17,opposing,0.9829,0.009,0.0081,0.9829,correct,False,supporting,neutral,False,False,False,False,False
the earth is flat,factual_false,The earth is flat,web,opposing,5,Knowledge of the Earth's global shape gradually began to spread beyond the Hellenistic world.,14,opposing,0.9829,0.0005,0.0165,0.9829,correct,False,opposing,opposing,False,True,False,False,False
the earth is flat,factual_false,Introduction - The Flat Earth and its Advocates: A List of R,web,opposing,7,"Using measurements of shadows at noon on the summer solstice, and geometry, the polymath Eratosthenes even managed to calculate a circumference for the earth of some 250,000 stadia, or 29,000 miles.",31,opposing,0.9829,0.0006,0.0164,0.9829,correct,False,opposing,opposing,False,False,False,False,False
we only use 10% of our brains,factual_false,Do we only use 10 percent of our brain? - MIT McGovern Insti,web,opposing,3,But the idea that we use 10 percent of our brain is 100 percent a myth.,16,opposing,0.9829,0.0033,0.0137,0.9829,correct,False,neutral,opposing,False,False,False,True,False
bats are blind,factual_false,Are Bats Really Blind? | Britannica,web,opposing,5,"Contrary to what most people believe, bats are generally not blind at all and in fact are believed to have eyesight keener than that of most humans The misconception that bats are blind comes from the",42,opposing,0.9824,0.0012,0.0163,0.9824,correct,False,neutral,opposing,True,False,False,True,False
bulls are enraged by the color red,factual_false,Mythbuster: Do Bulls Hate the Color Red? — STEAM Ahead,web,opposing,4,"The Truth: Bulls Are Colorblind to Red
Hold your horses—or in this case, your bulls.",15,opposing,0.9824,0.0017,0.0157,0.9824,correct,False,neutral,neutral,False,False,False,False,False
cracking your knuckles causes arthritis,factual_false,Does cracking knuckles cause arthritis? - Harvard HealthDoes,web,opposing,0,"The truth – and the myth – behind the cracking knuckles debate
Cracking your knuckles may aggravate the people around you, but it probably won't raise your risk for arthritis.",30,opposing,0.9824,0.0011,0.0166,0.9824,correct,False,,neutral,True,True,False,False,False
drinking bleach cures diseases,factual_false,FDA Warns of “Cure-All” Products That Actually Contain,web,opposing,8,Consumers are advised to seek immediate medical attention if they have experienced adverse effects after ingesting any of these products.,20,opposing,0.9824,0.0001,0.0172,0.9824,correct,False,neutral,neutral,False,False,False,False,False
the great wall of china is visible from space,factual_false,Is the Great Wall of China Really Visible from Space? | Live,web,opposing,11,"According to Norberto López-Gil, a professor of vision sciences at University of Murcia, Spain, seeing the wall from space is physically impossible for the human eye.",26,opposing,0.9824,0.0001,0.0172,0.9824,correct,False,opposing,neutral,False,False,False,False,False
the speed of light is constant,factual_true,Formulations of special relativity,encyclopedia,supporting,2,"- The speed of light is constant: In all inertial frames, the speed of light c is the same whether the light is emitted from a source at rest or in motion.",32,supporting,0.9824,0.9824,0.0163,0.0014,correct,False,neutral,opposing,False,False,False,False,False
bats are blind,factual_false,Echolocation in soft-furred tree mice,academic,opposing,24,The genome-wide convergent evolution in hearing-related genes implicates a similar molecular mechanism underlying the origination or elaboration of this complex adaptive phenotype.,22,opposing,0.9819,0.0003,0.0179,0.9819,correct,False,opposing,opposing,False,False,False,False,False
bats are blind,factual_false,Blind as a Bat? No Such Thing - Bat Conservation Internation,web,opposing,8,"Compared to humans, who have an estimated peak density of about 150,000 rod cells per mm2 , bats pack between 300,000 and 800,000 rods per mm2 in their tiny retinas.",30,opposing,0.9819,0.0005,0.0177,0.9819,correct,False,opposing,opposing,False,False,False,False,False
drinking bleach cures diseases,factual_false,Tooth whitening,encyclopedia,opposing,4,"Potassium nitrate and sodium fluoride in toothpastes are used to ease discomfort following bleaching, however, there is no evidence to suggest that this is a permanent method to eradicate the issue of",33,opposing,0.9819,0.0002,0.0179,0.9819,correct,False,neutral,opposing,True,False,True,False,False
humans share about 98% of DNA with chimpanzees,factual_true,"Comparing Chimp, Bonobo and Human DNA | AMNHIt’s often said ",web,supporting,18,"“What it means is that for each part of the human genome where the chimp has a corresponding DNA sequence, on ... May 2, 2026 · Humans and chimps share 98% of their DNA, yet live vastly different live",47,supporting,0.9819,0.9819,0.0155,0.0025,correct,False,supporting,opposing,False,True,False,False,False
the Sahara desert is the largest desert on earth,factual_false,Largest Desert in the World? (Antarctica vs. Sahara),web,opposing,8,"For a general “largest desert” without qualifiers, the answer is Antarctica—by a wide margin.",14,opposing,0.9819,0.0003,0.0176,0.9819,correct,False,neutral,neutral,False,True,False,False,False
5G causes COVID,factual_false,5G,encyclopedia,opposing,11,The Swiss Telecommunications Association stated that studies had not demonstrated adverse health effects from 5G exposure.,16,opposing,0.9814,0.0001,0.0187,0.9814,correct,False,opposing,neutral,True,False,False,False,False
antibiotics do not work against viruses,factual_true,Antibiotics: Not always the answer - Mayo Clinic Health Syst,web,supporting,2,This key difference is why antibiotics aren't effective against viruses.,10,supporting,0.9814,0.9814,0.0168,0.0016,correct,False,neutral,neutral,True,True,False,False,True
bats are blind,factual_false,Blind as a Bat? No Such Thing - Bat Conservation Internation,web,opposing,16,"So next time you hear the phrase “blind as a bat,” just remember – some bats can probably see better than you!",22,opposing,0.9814,0.0034,0.0149,0.9814,correct,False,opposing,,False,True,False,False,False
octopuses have three hearts,factual_true,Why Do Octopuses Have Three Hearts? - Science ABC,web,supporting,9,"Over years, octopuses and squids ascended to warmer shores, making their three hearts pumping blood at a higher pressure very important.",21,supporting,0.9814,0.9814,0.0165,0.002,correct,False,neutral,neutral,False,False,False,False,False
5G causes COVID,factual_false,Spreading Like a Virus: False Rumor That 5G Causes COVID-19,web,opposing,10,"ICNIRP (2020) used the same approach, and indeed there is now a substantial body of literature that has confirmed that RF EMF exposure within the ICNIRP (1998) restrictions does not cause adverse heal",34,opposing,0.981,0.0001,0.0189,0.981,correct,False,opposing,neutral,True,False,False,False,False
5G towers cause cancer,factual_false,5G misinformation,encyclopedia,opposing,8,"Contrary to this, dense deployment of 5G base stations is beneficial to the users living in proximity to them because there is no abrupt decrease of radiofrequency compared to sparse deployment.",31,opposing,0.981,0.0002,0.0187,0.981,correct,False,neutral,opposing,True,False,False,False,False
5G towers cause cancer,factual_false,5G,encyclopedia,opposing,10,Experts noted that millimeter-wave frequencies used by 5G cannot penetrate the skin or reach internal organs.,16,opposing,0.981,0.0002,0.0189,0.981,correct,False,neutral,neutral,True,False,False,False,False
5G towers cause cancer,factual_false,Mark Steele (conspiracy theorist),encyclopedia,opposing,14,"""Burning Cell Towers, Out of Baseless Fear They Spread the Virus"".",11,opposing,0.981,0.0003,0.019,0.981,correct,False,opposing,,False,True,False,False,False
MSG is dangerous to consume,factual_false,MSG – How Dangerous Is It? - CoreLife Healthcare,web,opposing,13,"Well, if you’re looking at it from a purely scientific standpoint, MSG is really pretty harmless.",16,opposing,0.981,0.0007,0.0182,0.981,correct,False,neutral,neutral,False,False,False,False,False
lemmings commit mass suicide,factual_false,True lemming,encyclopedia,opposing,6,Populations can fluctuate widely and mass migrations do take place.,10,opposing,0.981,0.0006,0.0184,0.981,correct,False,neutral,opposing,False,False,False,False,False
vaccines cause autism,factual_false,Vaccines and autism: What Colorado families should know,web,opposing,8,"Researchers have since conducted many large, high-quality studies comparing vaccinated and unvaccinated children, and all reached the same conclusion: MMR does not increase autism risk.",25,opposing,0.981,0.0006,0.0186,0.981,correct,False,neutral,neutral,True,False,False,False,False
5G towers cause cancer,factual_false,5G,encyclopedia,opposing,15,"COVID-19 conspiracy theories
[edit] The rollout of 5G technology began during the COVID-19 pandemic, prompting conspiracy theories that linked 5G to the pandemic.",23,opposing,0.9805,0.0002,0.0195,0.9805,correct,False,opposing,neutral,False,False,False,False,False
Einstein failed math in school,factual_false,[FREE] Albert Einstein did not fail mathematics classes in s,web,opposing,1,"He was a gifted mathematician who encountered a temporary setback with an entrance exam, but his ability in mathematics was always strong.",22,opposing,0.9805,0.0008,0.0186,0.9805,correct,False,opposing,,False,False,False,False,False
bats are blind,factual_false,Increased emission intensity can compensate for the presence,academic,opposing,7,"The effects were the same across all participant groups, suggesting that this effect occurs independently of long-time experience with echolocation.",20,opposing,0.9805,0.0005,0.0191,0.9805,correct,False,opposing,opposing,False,False,False,False,False
climate change is real,factual_true,Here are 10 myths about climate change | WWF,web,supporting,0,"The Earth’s climate has always changed
Over the course of Earth’s 4.5-billion-year history, the climate has changed a lot, this is true.",22,supporting,0.9805,0.9805,0.0187,0.0008,correct,False,,neutral,False,False,False,False,False
humans only use 10 percent of their brain,factual_false,Do we only use 10 percent of our brain? - MIT McGovern Insti,web,opposing,3,But the idea that we use 10 percent of our brain is 100 percent a myth.,16,opposing,0.9805,0.0038,0.0156,0.9805,correct,False,neutral,opposing,False,False,False,True,False
octopuses have three hearts,factual_true,Why Do Octopuses Have Three Hearts? - Science ABC,web,supporting,16,"Conclusion
Even with these three hearts, octopuses and squids can’t bolt around carefree.",13,supporting,0.9805,0.9805,0.0185,0.0012,correct,False,neutral,neutral,False,False,False,False,False
shaving makes hair grow back thicker,factual_false,A REVIEW ON SAFETY AND EFFICACY OF KARAVEERADI TAILA AS LOMA,academic,opposing,10,Karaveeradi taila is considered as prashastham lomashaatanam (hair removal) in Sharangdhara Samhita and Vangasena Samhita.,15,opposing,0.9805,0.0002,0.0192,0.9805,correct,False,opposing,opposing,False,False,False,False,False
smoking causes lung cancer,factual_true,Lung cancer,encyclopedia,supporting,0,"Lung cancer is caused by genetic damage to the DNA of cells in the airways, often caused by cigarette smoking or inhaling damaging chemicals.",24,supporting,0.9805,0.9805,0.0166,0.0027,correct,False,,neutral,False,False,False,False,False
the sun is a star,factual_true,The Sun Is Also a Star,encyclopedia,supporting,0,"The Sun Is Also a Star
Directed by Ry Russo-Young
Screenplay by Tracy Oliver
Cinematography Autumn Durald
Music by Herdis Stefánsdóttir
Distributed by Warner Bros. Pictures
Release date
The Sun Is Als",60,supporting,0.9805,0.9805,0.0138,0.0057,correct,False,,opposing,False,False,False,False,False
5G causes COVID,factual_false,Comparative Analysis of Max-Throughput and Proportional Fair,academic,opposing,2,"The limited amount of available bandwidth causes the need for a Packet Scheduler, which aims to improve the efficiency and fairness of bandwidth usage.",24,opposing,0.98,0.0001,0.0199,0.98,correct,False,opposing,opposing,False,False,False,False,False
5G towers cause cancer,factual_false,I heard that the new 5G technology can cause cancer. Is this,web,opposing,9,An Australian study published in 2018 found no link between the increase in mobile phone use and the incidence of brain cancer.,22,opposing,0.98,0.0004,0.0198,0.98,correct,False,opposing,opposing,True,False,True,False,False
Einstein failed math in school,factual_false,Did Einstein Really Fail Math? | Ripley's Believe It or Not!,web,opposing,13,"Einstein’s grades at age 17, a six was the highest score.",11,opposing,0.98,0.0003,0.0198,0.98,correct,False,opposing,neutral,False,False,False,False,False
lemmings commit mass suicide,factual_false,Do Lemmings Really Commit Mass Suicide? | Britannica,web,opposing,9,"Lemmings can swim, so if they reach a water obstacle, such as a river or lake, they may try to cross it.",22,opposing,0.98,0.0002,0.0196,0.98,correct,False,opposing,neutral,False,False,False,False,False
the earth is flat,factual_false,Flat earth | Science | Research Starters | EBSCO Research,web,opposing,12,These organizations spread the idea that scientific evidence of a round Earth was part of a conspiracy designed to discredit religion.,21,opposing,0.98,0.001,0.019,0.98,correct,False,opposing,neutral,False,False,False,True,False
the great wall of china is visible from space,factual_false,Can You See the Great Wall of China from Space,web,opposing,14,"The China Great Wall is hardly seen from Earth's orbit, let alone from the moon.",15,opposing,0.98,0.0097,0.0103,0.98,correct,False,opposing,neutral,False,True,False,False,False
the speed of light is constant,factual_true,Asymmetry theory derived from the principle of constant ligh,academic,supporting,0,"“The principle of the constancy of the velocity of light” was well established, while the further assumption that the light velocity is independent of the motion of the observer was never directly pro",36,supporting,0.98,0.98,0.0185,0.0016,correct,False,,neutral,True,True,False,False,False
water boils at 100 degrees celsius,factual_true,"Why does ALL water ""choose"" to boil at 100°C instead of SOME",web,supporting,0,But the reason all water boils at 100 C (at sea level ) is because even for a small amount of water there are trillions and trillions of atoms ( ...,31,supporting,0.98,0.98,0.0178,0.0023,correct,False,,,False,False,False,False,False
climate change is caused by human activity,factual_true,How Humans Cause Climate Change | CFR Education,web,supporting,10,"Although fossil fuels are the main culprits, other human activity is driving climate change too.",15,supporting,0.9795,0.9795,0.0191,0.0013,correct,False,neutral,neutral,False,False,False,False,False
shaving makes hair grow back thicker,factual_false,Hair removal,encyclopedia,opposing,5,"Some men shave because their beard growth is excessive, unpleasant, or coarse, causing skin irritation.",15,opposing,0.9795,0.0002,0.0204,0.9795,correct,False,neutral,neutral,False,False,False,False,False
smoking causes lung cancer,factual_true,Lung cancer,encyclopedia,supporting,8,"The committee's report, published in January 1964, firmly concluded that cigarette smoking ""far outweighs all other factors"" in causing lung cancer.",21,supporting,0.9795,0.9795,0.0188,0.0015,correct,False,supporting,opposing,False,True,False,False,False
vaccines cause autism,factual_false,Causes of autism,encyclopedia,opposing,14,Laboratory rats infected with Borna disease virus show some symptoms similar to those of autism but blood studies of autistic children show no evidence of infection by this virus.,29,opposing,0.9795,0.0002,0.0202,0.9795,correct,False,opposing,neutral,True,False,True,False,False
drinking bleach cures diseases,factual_false,Tooth whitening,encyclopedia,opposing,10,"Although cervical root resorption is more evidently observed in thermocatalytic bleaching methods, intracoronal internal bleaching may also lead to tooth root resorption.",22,opposing,0.979,0.0002,0.0208,0.979,correct,False,opposing,opposing,False,False,False,False,False
goldfish have a 3 second memory,factual_false,MythBuster: Goldfish Have a 3-Second Memory — STEAM Ahead,web,opposing,13,They learned to tell the difference between two very different composers—J.S.,11,opposing,0.9785,0.0004,0.0213,0.9785,correct,False,neutral,neutral,False,False,False,False,False
water boils at 100 degrees celsius,factual_true,Celsius,encyclopedia,supporting,6,Older definitions of the Celsius temperature scale once defined the boiling point of water under one standard atmosphere as being precisely 100 °C.,23,supporting,0.9785,0.9785,0.0195,0.0018,correct,False,neutral,neutral,False,False,False,False,False
water boils at 100 degrees celsius,factual_true,"water boils at 100 degrees, using the present simple tense. ",web,supporting,0,"The boiling point of water is 100°c,at this stage every water changes it state from liquid to gass.",18,supporting,0.9785,0.9785,0.0176,0.0038,correct,False,,,False,False,False,False,False
antibiotics do not work against viruses,factual_true,Antibiotics | Johns Hopkins Medicine,web,supporting,0,"However, treating viral infections with antibiotics in order to prevent bacterial infections is not recommended because of the risk of causing bacterial resistance: Remember that antibiotics do not wo",38,supporting,0.978,0.978,0.0191,0.0027,correct,False,,,True,False,False,False,True
drinking bleach cures diseases,factual_false,Miracle Mineral Supplement,encyclopedia,opposing,1,"Naren Gunja, director of the New South Wales, Australia Poisons Information Centre, has stated that using the product is ""a bit like drinking concentrated bleach"" and that users have displayed symptom",42,opposing,0.978,0.0005,0.0213,0.978,correct,False,neutral,neutral,False,True,False,False,False
drinking bleach cures diseases,factual_false,"Alan Keyes Wants YOU To Drink Bleach (Do Not Do That, You Wi",web,opposing,7,How are you supposed to trust hospitals when they charge $200 for a box of Kleenex?,16,opposing,0.978,0.0004,0.0215,0.978,correct,False,neutral,opposing,False,False,False,False,False
humans only use 10 percent of their brain,factual_false,"No, we don’t use only 10% of our brains!",web,opposing,6,"In fact, we use most of our brain most of the time, even when we are sleeping.",17,opposing,0.978,0.0002,0.0217,0.978,correct,False,opposing,neutral,False,False,False,False,False
sugar makes children hyperactive,factual_false,Hyperactivity,encyclopedia,opposing,1,"Sugar consumption
[edit] The majority of studies show no connection between sugar and hyperactivity.",14,opposing,0.978,0.0006,0.0213,0.978,correct,False,neutral,neutral,True,False,False,False,False
the average human body temperature is 98.6 degrees fahrenheit,factual_false,Conversion of scales of temperature,encyclopedia,opposing,0,"Graphical representation
Celsius (°C) Réaumur (°Ré) Rømer (°Rø) Newton (°N)
Absolute zero Lowest recorded surface temperature on Earth Fahrenheit's ice/water/salt mixture Melting point of ice (at stan",94,opposing,0.978,0.0177,0.0043,0.978,correct,False,,neutral,True,True,False,False,False
the earth is flat,factual_false,Why the Earth is actually 100% flat | Science | The Guardian,web,opposing,14,"This clearly isn’t happening, even if you do ignore the nonsense that is rising sea levels due to global warming.",20,opposing,0.978,0.0007,0.0211,0.978,correct,False,opposing,opposing,False,False,False,False,False
the speed of light is constant,factual_true,Why is the speed of light constant? - BBC Science Focus Maga,web,supporting,5,"The speed of light is no ordinary speed, however: it's a universal constant that emerges from the laws of physics.",20,supporting,0.978,0.978,0.0187,0.0032,correct,False,neutral,neutral,True,True,False,False,False
climate change is caused by human activity,factual_true,Scientific consensus on climate change,encyclopedia,supporting,1,"A 2016 reanalysis confirmed that ""the finding of 97% consensus [that humans are causing recent global warming] in published climate research is robust and consistent with other surveys of climate scie",34,supporting,0.9775,0.9775,0.0215,0.0008,correct,False,supporting,neutral,False,True,False,False,False
octopuses have three hearts,factual_true,Why octopuses have three hearts: when three are better than ,web,supporting,1,Octopuses pump their blood around their circulatory system using three hearts instead of one.,14,supporting,0.9775,0.9775,0.0204,0.0022,correct,False,neutral,neutral,False,False,False,False,False
vaccines cause autism,factual_false,Autism and Vaccines | Vaccine Safety | CDC,web,opposing,12,"State of the Evidence: MMR Vaccine
The MMR vaccine has been studied regarding autism, and the reviews from IOM and AHRQ maintain with a high strength of evidence that there is no association with auti",42,opposing,0.9775,0.0006,0.0217,0.9775,correct,False,neutral,neutral,True,False,False,False,False
5G causes COVID,factual_false,Comparative Analysis of Max-Throughput and Proportional Fair,academic,opposing,0,"Mobile network service use is growing, especially after the Covid-19 pandemic.",11,opposing,0.9771,0.0003,0.0225,0.9771,correct,False,,opposing,False,False,False,False,False
5G towers cause cancer,factual_false,Does 5G Mobile Network Cause Cancer? Myths and Facts - OncoD,web,opposing,2,Health authorities like the U.S. National Cancer Institute (NCI) and the European Commission have reviewed the existing evidence and generally conclude that there is no conclusive evidence that RF-EMF,35,opposing,0.9771,0.0014,0.0217,0.9771,correct,False,opposing,opposing,True,False,False,False,False
Einstein failed math in school,factual_false,List of common misconceptions about history,encyclopedia,opposing,5,"- Alfred Nobel did not omit mathematics in the Nobel Prize due to a rivalry with mathematician Gösta Mittag-Leffler, as there is little evidence the two ever met, nor was it because Nobel's spouse had",45,opposing,0.9771,0.0002,0.0228,0.9771,correct,False,neutral,neutral,True,True,False,False,False
christopher columbus discovered america,factual_false,Christopher Columbus,encyclopedia,opposing,3,"In his 1960 monograph, Mexican philosopher and historian Edmundo O'Gorman explicitly rejects the Columbus discovery myth, arguing that the idea that Columbus discovered America was a misleading legend",45,opposing,0.9771,0.0042,0.0186,0.9771,correct,False,opposing,neutral,False,True,False,True,False
climate change is caused by human activity,factual_true,How Humans Cause Climate Change | CFR Education,web,supporting,4,"The human impact on climate change
Humans have dramatically changed the atmosphere over the past few centuries, mainly by releasing vast amounts of greenhouse gases like carbon dioxide (CO2).",29,supporting,0.9771,0.9771,0.0216,0.0014,correct,False,neutral,neutral,False,False,False,False,False
eating carrots improves your eyesight,factual_false,Myths about Your Eyes and Vision - WebMD,web,opposing,2,So eating more carrots won't help improve your vision if you are getting enough vitamin A in your diet.,19,opposing,0.9771,0.0016,0.0214,0.9771,correct,False,supporting,neutral,True,True,False,False,False
5G towers cause cancer,factual_false,5G towers everywhere… but do they really cause cancer? Separ,web,opposing,0,Unlike X-rays and UV 5G uses non ionising radiation low energy waves ...,13,opposing,0.9766,0.0004,0.0231,0.9766,correct,False,,,False,False,False,False,False
the great wall of china is visible from space,factual_false,Great Wall of China,encyclopedia,opposing,0,"From the Moon
The Great Wall of China cannot be seen by the naked human eye from the Moon which orbits around Earth at an average distance of 384,399 kilometres (238,854 mi).",32,opposing,0.9766,0.0082,0.0151,0.9766,correct,False,,neutral,True,False,False,False,False
dogs can only see in black and white,factual_false,Canine terminology,encyclopedia,opposing,0,"Breed standards use this terminology in the description of the ideal external appearance of each breed, although similar characteristics may be described with different terms in different breeds.",28,opposing,0.9761,0.0002,0.0238,0.9761,correct,False,,neutral,False,False,False,False,False
the speed of light is constant,factual_true,Special relativity,encyclopedia,supporting,2,The constancy of the speed of light was motivated by Maxwell's theory of electromagnetism and the lack of evidence for the luminiferous ether.,23,supporting,0.9761,0.9761,0.0218,0.0019,correct,False,supporting,neutral,False,True,False,False,False
antibiotics do not work against viruses,factual_true,Why Don’t Antibiotics Work on Viruses | Dragonfly Medical an,web,supporting,8,"Because viruses operate differently and hide inside your cells, antibiotics cannot reach or kill them.",15,supporting,0.9756,0.9756,0.0225,0.0018,correct,False,opposing,neutral,True,False,False,False,True
humans only use 10 percent of their brain,factual_false,Myth: We Only Use 10% of Our Brains,web,opposing,0,"August 29, 2018 - It was the basis of the movie Lucy (2014), which depicted what supposedly would happen if a person actually used all 100% of her brainpower.",29,opposing,0.9756,0.0003,0.0239,0.9756,correct,False,,neutral,False,False,False,False,False
the great wall of china is visible from space,factual_false,great wall of china not visible from space,web,opposing,7,No you cannot actually see the wall – being too thin.,11,opposing,0.9756,0.0001,0.0241,0.9756,correct,False,neutral,supporting,True,False,False,False,False
bats are blind,factual_false,Echolocation in soft-furred tree mice,academic,opposing,22,"CONCLUSION Our findings from behavioral experiments, anatomical structures, evolutionary genomics, and gene functional analyses provide strong evidence that soft-furred tree mice are a new echolocatin",28,opposing,0.9751,0.0004,0.0246,0.9751,correct,False,opposing,opposing,False,False,False,False,False
the earth is flat,factual_false,How Do We Know the Earth Isn't Flat? We Asked a NASA Expert:,web,opposing,1,They saw the way the Sun’s shadow worked in different places.,11,opposing,0.9751,0.0007,0.0239,0.9751,correct,False,opposing,opposing,False,False,False,False,False
the moon landing was faked,factual_false,"Was the Moon Landing Fake? | Debunked Theories, Proof We Wen",web,opposing,6,Cosmonaut Alexei Leonov later described listening to the Moon landing live.,11,opposing,0.9751,0.0006,0.0245,0.9751,correct,False,neutral,opposing,False,False,False,False,False
the speed of light is constant,factual_true,Why the Speed of Light is Constant - KennethChan.com,web,supporting,2,In a sentence: The constancy of the speed of light is due to a limitation in man’s perceptual ability.,19,supporting,0.9751,0.9751,0.0208,0.004,correct,False,neutral,neutral,False,False,False,False,False
we only use 10% of our brains,factual_false,Ten-percent-of-the-brain myth,encyclopedia,opposing,9,"The hosts used magnetoencephalography and functional magnetic resonance imaging to scan the brain of someone attempting a complicated mental task, and found that as much as 35% was used during their t",32,opposing,0.9751,0.0004,0.0246,0.9751,correct,False,neutral,neutral,False,False,False,False,False
bats are blind,factual_false,Exploring the Mysteries of Bats: The Modern Approaches Trans,academic,opposing,4,"Traditional identification methods, including morphology and echolocation, face challenges due to cryptic diversity and species overlap.",16,opposing,0.9746,0.0005,0.025,0.9746,correct,False,neutral,opposing,False,False,False,False,False
climate change is caused by human activity,factual_true,Causes of climate change - Climate Action - European Commiss,web,supporting,3,Human-induced global warming is presently increasing at a rate of 0.25°C per decade.,13,supporting,0.9741,0.9741,0.0254,0.0006,correct,False,neutral,neutral,False,False,False,False,False
humans share about 98% of DNA with chimpanzees,factual_true,"Comparing Chimp, Bonobo and Human DNA | AMNHIt’s often said ",web,supporting,21,"Jul 30, 2025 · The results were nothing short of astonishing: humans and chimpanzees share approximately 98.8% of their DNA.",20,supporting,0.9741,0.9741,0.0174,0.0085,correct,False,supporting,neutral,False,False,False,False,False
Einstein failed math in school,factual_false,General relativity,encyclopedia,opposing,3,"9
- ^ Carroll 2001; an accessible overview is given in Caldwell 2004.",13,opposing,0.9736,0.0004,0.0259,0.9736,correct,False,neutral,neutral,False,False,False,False,False
drinking bleach cures diseases,factual_false,Tooth whitening,encyclopedia,opposing,0,"Below are examples of intrinsic sources of stains:
- Tooth wear and aging: Tooth wear is a progressive loss of enamel and dentine due to tooth erosion, abrasion and attrition.",30,opposing,0.9736,0.0002,0.0263,0.9736,correct,False,,opposing,False,False,False,False,False
drinking bleach cures diseases,factual_false,Tooth whitening,encyclopedia,opposing,1,"A 2015 study showed that the use of a light activator does not improve bleaching, has no measurable effect, and rather is likely to increase the temperature of the associated tissues, resulting in dam",34,opposing,0.9736,0.0002,0.0263,0.9736,correct,False,opposing,opposing,True,False,False,False,False
lightning never strikes the same place twice,factual_false,MythBuster: Lightning Never Strikes the Same Place Twice — S,web,opposing,15,"By analyzing repeated lightning strikes, scientists have developed better shielding techniques, ensuring the safety of astronauts and pilots alike.",19,opposing,0.9736,0.0004,0.0262,0.9736,correct,False,neutral,neutral,False,False,False,False,True
the great wall of china is visible from space,factual_false,Was the Great Wall of China really visible from space? The,web,opposing,15,"The ISS orbits at an altitude of approximately 250 miles above Earth’s surface, and the Great Wall is simply too small to be visible from that distance.",27,opposing,0.9736,0.0013,0.0252,0.9736,correct,False,neutral,opposing,False,False,False,False,False
Einstein failed math in school,factual_false,Fact or fiction: Did Albert Einstein 'flunk' math?,web,opposing,1,"“Greatest living mathematician failed in mathematics…I never failed in mathematics,” Einstein reportedly said.",13,opposing,0.9731,0.0036,0.0233,0.9731,correct,False,neutral,,True,True,False,False,False
dogs can only see in black and white,factual_false,Do Dogs See in Black and White? - Patton Veterinary Hospital,web,opposing,8,"Cats seem to have a similar color range to that of dogs, seeing blues, greys and yellows.",17,opposing,0.9731,0.0002,0.0264,0.9731,correct,False,opposing,neutral,False,False,False,False,False
humans share about 98% of DNA with chimpanzees,factual_true,Do humans and chimps really share nearly 99% of their DNA? |,web,supporting,3,"The truth is that the frequently cited 98.8% similarity between chimp (Pan troglodytes) and human (Homo sapiens) DNA overlooks key differences in the species' genomes, experts told Live Science.",29,supporting,0.9731,0.9731,0.0211,0.0056,correct,False,supporting,neutral,False,True,False,False,False
lemmings commit mass suicide,factual_false,Lemmings Don't Commit Mass Suicide,web,opposing,4,"Lemmings actually prefer to be on their own, only getting together to mate when food is plentiful.",17,opposing,0.9731,0.0003,0.0266,0.9731,correct,False,supporting,opposing,False,False,False,False,False
bats are blind,factual_false,Are Bats Blind? The Truth About Bat Vision and Sensory Trade,web,opposing,14,"By examining opsin genes and spectral tuning in bats, researchers provide new insights into how different species have adapted to their environments.",22,opposing,0.9727,0.0007,0.0265,0.9727,correct,False,opposing,opposing,False,False,False,False,False
humans share about 98% of DNA with chimpanzees,factual_true,Do humans and chimps really share nearly 99% of their DNA? |,web,supporting,2,"In fact, you may have heard that humans and chimps share 98.8% of their DNA.",15,supporting,0.9727,0.9727,0.0202,0.0072,correct,False,supporting,supporting,False,False,False,False,False
shaving makes hair grow back thicker,factual_false,A REVIEW ON SAFETY AND EFFICACY OF KARAVEERADI TAILA AS LOMA,academic,opposing,7,"Epilation is the removal of the entire hair, including the part below the skin.",14,opposing,0.9727,0.0002,0.0272,0.9727,correct,False,opposing,neutral,False,False,False,False,False
the average human body temperature is 98.6 degrees fahrenheit,factual_false,Average Human Body Temperature: Is 98.6°F Still Right?,web,opposing,0,"The average human body temperature is about 97.9°F (36.6°C), not the 98.6°F (37°C) figure most of us learned growing up.",20,opposing,0.9727,0.0063,0.0209,0.9727,correct,False,,neutral,True,False,False,False,False
vaccines cause autism,factual_false,Autism & Vaccines: Separating Fact from Fiction,web,opposing,7,"For example, a landmark 2019 study conducted in Denmark followed over 650,000 children and found no increased risk of autism in those who received the MMR vaccine compared to those who did not.",33,opposing,0.9727,0.0011,0.0265,0.9727,correct,False,opposing,opposing,True,False,False,False,False
the great wall of china is visible from space,factual_false,Is the Great Wall of China really visible from space? - BBC,web,opposing,0,Even from low Earth orbit the Great Wall of China is extremely hard to spot with the naked eye.,19,opposing,0.9722,0.0081,0.0198,0.9722,correct,False,,neutral,False,False,False,False,False
the speed of light is constant,factual_true,Why the Speed of Light is Constant - KennethChan.com,web,supporting,8,"However, this does not alter the basic logic behind the reason why the speed of light is constant.",18,supporting,0.9722,0.9722,0.0265,0.0016,correct,False,opposing,opposing,True,False,False,False,False
MSG is dangerous to consume,factual_false,HELP! MSG consumption - Community | BabyCenter,web,opposing,6,Even a large dose — which can cause nausea and vomiting even in someone who's not sensitive to it — wouldn't pose a known risk to a developing baby.,29,opposing,0.9717,0.0011,0.027,0.9717,correct,False,opposing,neutral,True,True,False,False,False
antibiotics do not work against viruses,factual_true,Why are antibiotics ineffective against viruses? - The AMR N,web,supporting,5,"Moving from the electron microscope to everyday life, we can say that antibiotics do not work against viral infections, such as the common cold or flu.",26,supporting,0.9717,0.9717,0.026,0.0021,correct,False,neutral,neutral,True,False,False,False,True
octopuses have three hearts,factual_true,Octopuses Have Three Hearts and Nine Brains—Here’s Why,web,supporting,3,"The Octopus’ Unique Circulatory System
At first glance, three hearts might sound excessive, but for an octopus, it’s a necessity for survival.",22,supporting,0.9717,0.9717,0.0264,0.0021,correct,False,neutral,neutral,False,False,False,False,False
the earth revolves around the sun,factual_true,"Science News: Earth is not revolving around Sun, the world i",web,supporting,3,"Earth and other planets actually revolve around a shared center of mass called barycenter, which is not precisely at the center of the sun, due to the intricate interaction of gravitational forces.",32,supporting,0.9717,0.9717,0.022,0.0066,correct,False,neutral,neutral,True,False,False,False,False
cracking your knuckles causes arthritis,factual_false,Does cracking your knuckles cause arthritis? | Arthritis UK,web,opposing,0,"Knuckle cracking or popping is a common habit done by over half of us, with many people claiming it releases tension and helps them to relax.",26,opposing,0.9712,0.0002,0.0285,0.9712,correct,False,,neutral,False,False,False,False,False
lightning never strikes the same place twice,factual_false,MythBuster: Lightning Never Strikes the Same Place Twice — S,web,opposing,18,"The next time someone tells you, ""Lightning never strikes the same place twice,"" feel free to set the record straight.",20,opposing,0.9712,0.0119,0.017,0.9712,correct,False,opposing,opposing,True,True,False,False,True
antibiotics do not work against viruses,factual_true,Why are antibiotics ineffective against viruses? - The AMR N,web,supporting,1,"To shed light on this topic, in this blog, I will try to explain why antibiotics are ineffective against viruses.",20,supporting,0.9707,0.9707,0.027,0.0025,correct,False,neutral,neutral,False,False,False,False,True
bats are blind,factual_false,Are Bats Blind?,web,opposing,4,Even small insectivorous species with relatively poor eyesight rely on visual cues to navigate long distances and track the cycle of days and nights.,24,opposing,0.9707,0.0004,0.0289,0.9707,correct,False,opposing,opposing,False,False,False,False,False
cracking your knuckles causes arthritis,factual_false,Mythbuster: Cracking Your Knuckles Causes Arthritis,web,opposing,0,"Mythbuster: Cracking Your Knuckles Causes Arthritis
Although cracking your knuckles might irritate others around you, it is unlikely to increase your chance of developing arthritis.",25,opposing,0.9707,0.0071,0.0222,0.9707,correct,False,,neutral,False,False,False,False,False
5G towers cause cancer,factual_false,5G misinformation,encyclopedia,opposing,11,Facebook has removed several posts with false claims of associations between 5G and COVID-19.,14,opposing,0.9702,0.0003,0.0295,0.9702,correct,False,opposing,opposing,False,False,True,False,False
bats are blind,factual_false,Increased emission intensity can compensate for the presence,academic,opposing,5,We found that emission intensity had to systematically increase to compensate for weaker echoes relative to background noise.,18,opposing,0.9702,0.0004,0.0294,0.9702,correct,False,opposing,opposing,False,False,False,False,False
drinking bleach cures diseases,factual_false,Miracle Mineral Supplement,encyclopedia,opposing,9,"- ^ """"Church of Bleach"" family gets years in prison for deadly ""miracle"" solution"".",14,opposing,0.9702,0.0003,0.0293,0.9702,correct,False,neutral,opposing,False,True,False,False,False
eating carrots improves your eyesight,factual_false,Do Carrots Actually Improve Eyesight? - Gailey Eye Clinic,web,opposing,6,"However, if your vision problems aren’t related to vitamin A, your vision won’t change no matter how many carrots you eat.",21,opposing,0.9702,0.0013,0.0286,0.9702,correct,False,neutral,neutral,True,False,False,False,False
the speed of light is constant,factual_true,Is The Speed Of Light Constant?,web,supporting,3,"Furthermore, the speed of light remains constant and cannot be changed regardless of other factors.",15,supporting,0.9702,0.9702,0.0269,0.0029,correct,False,neutral,opposing,True,False,False,False,False
climate change is caused by human activity,factual_true,Scientific consensus on climate change,encyclopedia,supporting,10,"Depending on expertise, between 91% (all scientists) to 100% (climate scientists with high levels of expertise, 20+ papers published) agreed human activity is causing climate change.",26,supporting,0.9697,0.9697,0.0289,0.0013,correct,False,neutral,neutral,False,False,False,False,False
cracking your knuckles causes arthritis,factual_false,Does cracking your knuckles cause arthritis? | Arthritis UK,web,opposing,8,"He stated:
“There is no apparent relationship between knuckle cracking and the subsequent development of arthritis of the fingers.”
Dr Unger even won an IgNobel award in 2009 for his research and his ",38,opposing,0.9697,0.0016,0.0285,0.9697,correct,False,opposing,neutral,True,True,False,False,False
humans share about 98% of DNA with chimpanzees,factual_true,The Genetic Link Between Humans and Primates Explained,web,supporting,5,The results were nothing short of astonishing: humans and chimpanzees share approximately 98.8% of their DNA.,16,supporting,0.9697,0.9697,0.0193,0.0109,correct,False,neutral,neutral,False,False,False,False,False
smoking causes lung cancer,factual_true,Lung Cancer Risk Factors | Lung Cancer | CDC,web,supporting,14,"Smoke from other people's cigarettes, pipes, or cigars (secondhand smoke) also causes lung cancer.",14,supporting,0.9692,0.9692,0.0281,0.0028,correct,False,supporting,neutral,False,True,False,False,False
the speed of light is constant,factual_true,Is The Speed Of Light Constant?,web,supporting,11,The speed of light remains constant regardless of your speed and position.,12,supporting,0.9692,0.9692,0.0282,0.0026,correct,False,neutral,neutral,False,False,False,False,False
vaccines cause autism,factual_false,Causes of autism,encyclopedia,opposing,13,"Viral infection
[edit] Many studies have presented evidence for and against association of autism with viral infection after birth.",19,opposing,0.9692,0.0005,0.0303,0.9692,correct,False,neutral,opposing,False,False,False,False,False
5G towers cause cancer,factual_false,5G misinformation,encyclopedia,opposing,10,"In June 2020, Twitter started placing fact checking labels on tweets about 5G and COVID-19.",15,opposing,0.9688,0.0002,0.031,0.9688,correct,False,opposing,opposing,False,False,False,False,False
bulls are enraged by the color red,factual_false,"Do Bulls Hate The Color Red? No, Mastery!",web,opposing,12,"- Contrary to popular belief, bulls are not actually enraged by the color red specifically.",15,opposing,0.9688,0.0092,0.0222,0.9688,correct,False,neutral,neutral,True,False,False,True,False
the Great Wall of China is visible from space,factual_false,Great Wall of China,encyclopedia,opposing,0,"From the Moon
The Great Wall of China cannot be seen by the naked human eye from the Moon which orbits around Earth at an average distance of 384,399 kilometres (238,854 mi).",32,opposing,0.9688,0.0108,0.0204,0.9688,correct,False,,neutral,True,False,False,False,False
the speed of light is constant,factual_true,Why the Speed of Light is Constant - KennethChan.com,web,supporting,0,"Why the Speed of Light is Constant
(published in the Mensa International Journal, No 339, Sep 1990)
According to the crucial postulate in Einstein’s Special Theory of Relativity, the speed of light is",40,supporting,0.9688,0.9688,0.0286,0.0027,correct,False,,neutral,True,False,False,False,False
vaccines cause autism,factual_false,Autism & Vaccines: Separating Fact from Fiction,web,opposing,8,"Similar studies worldwide have reinforced these findings, further discrediting the claim that vaccines contribute to autism diagnoses.",17,opposing,0.9688,0.0007,0.0305,0.9688,correct,False,opposing,neutral,False,False,False,True,False
climate change is caused by human activity,factual_true,Climate change,encyclopedia,supporting,11,Human causation of observed global warming and dangers of unmitigated warming were publicly presented in James Hansen's 1988 testimony before a US Senate committee.,24,supporting,0.9683,0.9683,0.0309,0.001,correct,False,neutral,neutral,False,True,False,False,False
climate change is real,factual_true,Is Climate Change Real? | Britannica,web,supporting,1,"It seems that life on Earth is adapted to tolerating a changing climate to some degree, and this is evidence that climate changes, but our own experience of climate throughout our lifetimes, along wit",43,supporting,0.9683,0.9683,0.0306,0.0013,correct,False,supporting,supporting,False,False,False,False,False
humans only use 10 percent of their brain,factual_false,How much of our brain do we actually use? Brain facts and my,web,opposing,18,The notion that a person uses only 10 percent of their brain is a myth.,15,opposing,0.9683,0.0072,0.0247,0.9683,correct,False,neutral,opposing,False,False,False,True,False
the great wall of china is visible from space,factual_false,Can You See the Great Wall of China from Space? - Universe T,web,opposing,6,"Additionally, when China's first astronaut, Yang Liwei, went into space in 2003, he said that he couldn't see the structure of the Great Wall from out his capsule window.",29,opposing,0.9683,0.0048,0.0272,0.9683,correct,False,neutral,supporting,True,True,False,False,False
the great wall of china is visible from space,factual_false,"Claim Verification: ""The Great Wall of China is the only man",academic,opposing,3,"Former NASA astronaut Jeffrey Hoffman confirms: ""I have spent a lot of time looking at the Earth from space, including numerous flights over China, and I never saw the wall"" (B2).",31,opposing,0.9678,0.0025,0.0295,0.9678,correct,False,opposing,neutral,True,True,False,False,False
the speed of light is constant,factual_true,Physical constant,encyclopedia,supporting,1,"There are many physical constants in science, some of the most widely recognized being the speed of light in vacuum c, the gravitational constant G, the Planck constant h, the electric constant ε0, an",64,supporting,0.9678,0.9678,0.0279,0.0044,correct,False,neutral,neutral,False,False,False,False,False
climate change is caused by human activity,factual_true,Climate variability and change,encyclopedia,supporting,12,Climate change means a change of climate which is attributed directly or indirectly to human activity that alters the composition of the global atmosphere and which is in addition to natural climate v,38,supporting,0.9673,0.9673,0.0309,0.0019,correct,False,neutral,,False,False,False,False,False
cracking your knuckles causes arthritis,factual_false,Is Cracking Your Knuckles Bad for You?,web,opposing,1,"As long as you’re cracking them correctly, you’re not damaging your joints.",12,opposing,0.9673,0.0003,0.0324,0.9673,correct,False,supporting,neutral,True,False,False,False,False
cracking your knuckles causes arthritis,factual_false,Is Cracking Knuckles Bad? A Columbia Rheumatologist Explains,web,opposing,2,"“Cracking your knuckles isn’t bad for you,” says Columbia rheumatologist Nancyanne Schmidt, MD, “but there are certain joints to be more cautious with.”
Dr. Schmidt explains what happens when our join",38,opposing,0.9673,0.0007,0.032,0.9673,correct,False,neutral,neutral,False,True,False,False,False
5G towers cause cancer,factual_false,Mark Steele (conspiracy theorist),encyclopedia,opposing,2,"He has repeated claims first disseminated by David Icke, that 5G networks are the cause of the COVID-19 pandemic.",19,opposing,0.9668,0.0007,0.0327,0.9668,correct,False,neutral,opposing,False,False,False,False,False
humans share about 98% of DNA with chimpanzees,factual_true,"Humans and Chimps: 98% Identical, But a World Apart",web,supporting,4,"While 98% of our DNA letters match those of chimps, the way these genes are arranged, regulated, and expressed can change everything.",22,supporting,0.9668,0.9668,0.0304,0.003,correct,False,neutral,neutral,False,False,False,False,False
smoking causes lung cancer,factual_true,Tobacco and lung cancer - Canada.ca,web,supporting,0,"Having a history of lung disease and poorer lung function increases one's risk for cancer.Footnote 14Footnote 15
Approximately 1 in 15 Canadians will be diagnosed with lung cancer, mainly caused by sm",80,supporting,0.9668,0.9668,0.0314,0.0018,correct,False,,neutral,True,True,False,False,False
the Great Wall of China is the only man-made structure visible from space,factual_false,What makes the Great Wall of China the only man-made object ,web,opposing,7,"If you slowly zoom in using a space camera, the Houston airport, for instance, is visible long before the Great Wall of China.",23,opposing,0.9668,0.0003,0.0331,0.9668,correct,False,opposing,opposing,False,False,False,False,False
bulls are enraged by the color red,factual_false,Bulls Can’t See Red. Here’s What Actually Triggers a Charge.,web,opposing,2,"If a bull appears angry during a bullfight, it isn’t because of the color red.",15,opposing,0.9663,0.0049,0.0286,0.9663,correct,False,neutral,,False,False,False,False,False
dogs can only see in black and white,factual_false,Do dogs see only in black and white? - Pedigree,web,opposing,0,"Veterinarians used to believe that dogs saw only in black and white, but recent studies suggest that they actually do have some colour vision—but it's not as ...",28,opposing,0.9663,0.006,0.0276,0.9663,correct,False,,,True,True,False,False,False
5G causes COVID,factual_false,"5G Doesn’t Cause COVID-19, But the Rumor That It Does Spread",web,opposing,13,"“People have been using smartphones for years and we don’t see evidence that this radiation has caused noticeable increase in diseases or hospitalizations due to usage,” he said.",28,opposing,0.9658,0.0002,0.0339,0.9658,correct,False,opposing,neutral,False,True,False,False,False
vaccines cause autism,factual_false,Causes of autism,encyclopedia,opposing,5,A 2021 meta-analysis of 36 studies suggested a relationship between mothers recalling an infection during pregnancy and having children with autism.,21,opposing,0.9658,0.0003,0.0339,0.9658,correct,False,opposing,opposing,False,False,False,False,False
5G towers cause cancer,factual_false,5G misinformation,encyclopedia,opposing,1,"Misinformation about the origin of the COVID-19 pandemic, such as its origin is from 5G technology, has been reported to cause higher anxiety in a study conducted in Jordan.",29,opposing,0.9648,0.0004,0.0348,0.9648,correct,False,opposing,opposing,False,False,False,False,False
bats are blind,factual_false,Echolocation in soft-furred tree mice,academic,opposing,7,"Recently, the Chapa soft-furred tree mouse (Typhlomys chapensis) of the rodent family Platacanthomyidae was suggested to echolocate but this was not practically evidenced.",23,opposing,0.9648,0.001,0.0344,0.9648,correct,False,opposing,opposing,True,False,False,False,False
climate change is real,factual_true,Climate change in Israel,web,supporting,7,Climate change has and will continue to have a significant impact on all areas of Israel as well as all people of Israel.,23,supporting,0.9648,0.9648,0.0337,0.0013,correct,False,neutral,supporting,False,False,False,False,False
climate change is real,factual_true,Is Climate Change Real? | Britannica,web,supporting,4,"Year-to-year climate changes also occur; they include droughts, floods, and other events caused by a complex array of factors and Earth system interactions—including atmospheric and oceanic circulatio",39,supporting,0.9648,0.9648,0.0342,0.0009,correct,False,supporting,neutral,False,False,False,False,False
5G towers cause cancer,factual_false,Cell Phones and Cancer Risk Fact Sheet - NCI,web,opposing,12,"Thus far, the data from studies of children with cancer do not suggest that children are at increased risk of developing cancer from cell phone use.",26,opposing,0.9644,0.0002,0.0354,0.9644,correct,False,neutral,neutral,True,False,False,False,False
dogs can only see in black and white,factual_false,Canine terminology,encyclopedia,opposing,5,"- Sable: Black-tipped hairs; the background color can be gold, silver, gray, or tan.",14,opposing,0.9644,0.0007,0.0347,0.9644,correct,False,opposing,opposing,False,False,False,False,False
the earth revolves around the sun,factual_true,Lunar phase,encyclopedia,supporting,10,Solar and lunar eclipses are not observed every month because the plane of the Moon's orbit around the Earth is tilted by about 5° with respect to the plane of Earth's orbit around the Sun (the plane ,40,supporting,0.9644,0.9644,0.0229,0.0128,correct,False,neutral,opposing,True,True,False,False,False
eating carrots improves your eyesight,factual_false,Carrot,encyclopedia,opposing,8,"In culture
Despite common claims, the provitamin A beta-carotene from carrots does not actually help people to see in the dark unless they suffer from vitamin A deficiency.",28,opposing,0.9639,0.0028,0.0334,0.9639,correct,False,neutral,supporting,True,False,False,False,False
the speed of light is constant,factual_true,Why the Speed of Light is Constant - KennethChan.com,web,supporting,15,"The reason for the constancy of the speed of light has, essentially, been explained in this article.",17,supporting,0.9639,0.9639,0.0343,0.0019,correct,False,neutral,neutral,False,False,False,False,False
vaccines cause autism,factual_false,Vaccines work… and do not cause autism,academic,opposing,1,"We cannot let disinformation campaigns get in the way of global public health—it is not time to defund, but rather invest in these life-saving tools.",25,opposing,0.9639,0.0002,0.0358,0.9639,correct,False,opposing,,True,False,False,False,False
the sun is a star,factual_true,Sun: Facts - NASA Science,web,supporting,6,"When it starts to die, the Sun will expand into a red giant star, becoming so large that it will engulf Mercury and Venus, and possibly Earth as well.",29,supporting,0.9634,0.9634,0.0246,0.0118,correct,False,supporting,supporting,False,False,False,False,False
5G causes COVID,factual_false,5G misinformation,encyclopedia,opposing,4,5G weakens the immune system There is no evidence to suggest that the low levels of radiation emitted by 5G technology can have any effect either on the immune system (including antigens and antibodie,34,opposing,0.9629,0.0002,0.037,0.9629,correct,False,opposing,neutral,True,False,True,False,False
bats are blind,factual_false,Gait mechanics of a blind echolocating rodent: Implications ,academic,opposing,0,Arboreal mammals have evolved a range of biomechanical adaptations that allow them to navigate trees effectively.,16,opposing,0.9629,0.0003,0.037,0.9629,correct,False,,opposing,False,False,False,False,False
the earth revolves around the sun,factual_true,Why Earth Revolve Around the Sun? - Kidpid,web,supporting,11,"But we are still at that question –
Why Earth revolves around the Sun?",14,supporting,0.9629,0.9629,0.0349,0.0022,correct,False,neutral,supporting,False,False,False,False,False
5G towers cause cancer,factual_false,Cell Phones and Cancer Risk Fact Sheet - NCI,web,opposing,1,"The findings of these studies are mixed, but overall, they do not show an association between cell phone use and cancer (9–23).",22,opposing,0.9624,0.0002,0.0376,0.9624,correct,False,neutral,opposing,True,False,False,False,False
dogs can only see in black and white,factual_false,Can Dogs See Color? Here's What Veterinarians Say - Chewy,web,opposing,1,"Because, yes, dogs can see color, just not all the colors of the rainbow.",14,opposing,0.9624,0.0003,0.0374,0.9624,correct,False,opposing,opposing,True,False,False,False,False
bats are blind,factual_false,Are Bats Blind? The Truth About Bat Vision and Sensory Trade,web,opposing,13,This study contributes to the ongoing scientific debate about how nocturnal mammals use vision.,14,opposing,0.9619,0.0009,0.0373,0.9619,correct,False,opposing,opposing,False,False,False,False,False
climate change is caused by human activity,factual_true,Climate change due to increasing concentration of carbon dio,academic,supporting,1,"Urbanization, agriculture, industrial work and greenhouse effects are the leading causes of the climatic changes all over the world.",19,supporting,0.9619,0.9619,0.0357,0.0024,correct,False,neutral,neutral,False,False,False,False,False
climate change is real,factual_true,Climate change is real. It's happening. And it's time to mak,web,supporting,1,"Recognizing that climate change is immediate, close, and affecting people's way of life is one of the key messages we need to communicate to spur them to act.",28,supporting,0.9619,0.9619,0.0367,0.0014,correct,False,supporting,neutral,False,True,False,False,False
dogs can only see in black and white,factual_false,Can Dogs See Color? Here's What Veterinarians Say - Chewy,web,opposing,5,"“This results in a more limited color spectrum visually as compared to humans, [most of whom] have trichromatic vision.”
That dichromatic vision also means that the colors dogs do see are a dimmer ver",41,opposing,0.9619,0.0006,0.0376,0.9619,correct,False,opposing,neutral,False,True,False,False,False
shaving makes hair grow back thicker,factual_false,Does Shaving Make Your Hair Grow Back Thicker? - Skincare.co,web,opposing,6,"As this thinner end is shaved off, the thicker base is left behind, making it look thicker.” Shaving also does not make your hair grow back faster.",27,opposing,0.9619,0.0059,0.032,0.9619,correct,False,neutral,neutral,True,True,False,False,False
5G causes COVID,factual_false,Progressive Use of IoT and 5G Network-Based Systems Post COV,academic,opposing,0,"The outbreak of COVID-19 has led to a reduction in a number of services and activities, but it has also accelerated the development of communication and connectivity technologies as well as touchless ",37,opposing,0.9614,0.0006,0.0382,0.9614,correct,False,,neutral,False,False,False,False,False
drinking bleach cures diseases,factual_false,Miracle Mineral Supplement,encyclopedia,opposing,11,"- ^ Barr L, Deliso M. ""Florida family sentenced to federal prison for selling 'dangerous,' fake COVID-19 cure: DOJ"".",19,opposing,0.9614,0.0004,0.0383,0.9614,correct,False,opposing,,False,True,False,False,False
lightning never strikes the same place twice,factual_false,Lightning Myths,web,opposing,9,Fact: Many lightning casualties occur because people do not seek shelter soon enough.,13,opposing,0.9614,0.0004,0.0383,0.9614,correct,False,neutral,neutral,True,False,False,False,True
honey never expires,factual_true,Why Honey does not expire | Bharat Honey (100% Natural Honey,web,supporting,14,"Conclusion:
The natural or raw honey if extracted ripe never expires, although it may crystallize or get darker.",18,supporting,0.9609,0.9609,0.035,0.0043,correct,False,opposing,opposing,True,False,False,False,True
sugar makes children hyperactive,factual_false,Debunking Old Wives' Tales: Why Your Child Isn’t Actually on,web,opposing,4,"According to Psychology Today, several studies have found that sugar did not significantly impact behavior, cognitive functioning, or school performance.",20,opposing,0.9609,0.0002,0.0388,0.9609,correct,False,neutral,neutral,True,False,False,False,False
the moon landing was faked,factual_false,"Was the Moon Landing Fake? | Debunked Theories, Proof We Wen",web,opposing,7,"Independent evidence
Apollo 11 and later Moon landings were also independently tracked.",12,opposing,0.9609,0.0012,0.038,0.9609,correct,False,opposing,opposing,False,False,False,False,False
the Great Wall of China is the only man-made structure visible from space,factual_false,Is China's Great Wall Visible from Space? - Scientific Ameri,web,opposing,0,Choose a legend: The Great Wall of China is the one of the few man-made structures visible from orbit.,19,opposing,0.9604,0.0008,0.0387,0.9604,correct,False,,neutral,False,False,False,True,False
drinking bleach cures diseases,factual_false,People are still drinking bleach—and vomiting and pooping,web,opposing,1,"The warning may seem unnecessary, but guzzling bleach is an unfortunately persistent problem.",13,opposing,0.959,0.0002,0.0408,0.959,correct,False,opposing,neutral,False,False,False,False,False
5G causes COVID,factual_false,Comparative Analysis of Max-Throughput and Proportional Fair,academic,opposing,5,"In simulation testing using the 5G-air-simulator, the average value obtained in the delay is 1,394 ms, throughput is 0,636, and fairness index is 0,967.",24,opposing,0.9585,0.0002,0.0411,0.9585,correct,False,opposing,,False,False,False,False,False
bulls are enraged by the color red,factual_false,Why Bulls Don’t Actually Like the Color Red - Biology Insigh,web,opposing,10,Their visual world is dominated by these blue and yellow tones.,11,opposing,0.9585,0.0002,0.0415,0.9585,correct,False,neutral,neutral,False,False,False,False,False
smoking causes lung cancer,factual_true,Lung cancer,encyclopedia,supporting,7,"In 1962, the United Kingdom's Royal College of Physicians officially concluded that cigarette smoking causes lung cancer, prompting the United States Surgeon General to empanel (enroll or enlist) an a",44,supporting,0.9585,0.9585,0.0398,0.0017,correct,False,supporting,supporting,False,True,False,False,False
5G causes COVID,factual_false,5G misinformation - Wikipedia,web,opposing,1,"[29][30] Australian anti-vaxxers protested against 5G technology, large pharmaceutical corporations and COVID-19 vaccines in Melbourne and Sydney.",17,opposing,0.957,0.0007,0.0425,0.957,correct,False,neutral,opposing,False,False,False,False,False
cracking your knuckles causes arthritis,factual_false,Does cracking your knuckles cause arthritis? | Arthritis UK,web,opposing,10,Other similar studies have also found no evidence to support that cracking your knuckles causes arthritis.,16,opposing,0.957,0.0038,0.0393,0.957,correct,False,neutral,neutral,True,False,True,False,False
dogs can only see in black and white,factual_false,Can Dogs See Light Yellow? - Wag!,web,opposing,1,"While it is true that people believed that for many years, it isn’t true that dogs can only see in black and white.",23,opposing,0.957,0.0093,0.0335,0.957,correct,False,supporting,opposing,False,False,False,False,False
drinking bleach cures diseases,factual_false,YouTube cracks down on videos that promote drinking bleach a,web,opposing,4,"Despite Humble’s claims in one video that MMS can cure an abscessed tooth, the FDA says it is unaware of any research suggesting its effectiveness in treating illnesses.",28,opposing,0.957,0.0004,0.0426,0.957,correct,False,opposing,neutral,False,False,False,False,False
lemmings commit mass suicide,factual_false,Do Lemmings Really Commit Mass Suicide? | Britannica,web,opposing,2,"This is also a myth, of course—lemmings are indeed one of the more irascible rodents, but they mostly channel their rage into fights with other lemmings.",26,opposing,0.957,0.0003,0.0426,0.957,correct,False,neutral,neutral,False,False,False,False,False
the Great Wall of China is the only man-made structure visible from space,factual_false,Artificial structures visible from space,encyclopedia,opposing,5,"Cooling pond of Chernobyl
[edit] The 10-kilometre (6.2 mi) long cooling pond of the Chernobyl Nuclear Power Plant is visible from space.",22,opposing,0.957,0.0005,0.0424,0.957,correct,False,opposing,opposing,False,False,False,False,False
5G towers cause cancer,factual_false,5G misinformation,encyclopedia,opposing,2,"A 2020 study analysing Twitter data related to tweets about 5G and COVID-19 showed that 34% of the tweeters believed in the role of 5G in the COVID-19 outbreak, while 32% denounced or mocked it.",35,opposing,0.9565,0.0003,0.0434,0.9565,correct,False,opposing,opposing,False,False,False,False,False
dogs can only see in black and white,factual_false,Black dog (folklore),encyclopedia,opposing,12,"The Lore of the Land: A Guide to England's Legends, from Spring-heeled Jack to the Witches of Warboys.",18,opposing,0.9565,0.0025,0.0409,0.9565,correct,False,neutral,neutral,False,True,False,True,False
dogs can only see in black and white,factual_false,Can Dogs See Light Yellow? - Wag!,web,opposing,3,Dogs tend to not like red and green objects and toys because they can be very hard to see when compared to blue and yellow.,25,opposing,0.9565,0.0006,0.0432,0.9565,correct,False,opposing,opposing,True,False,False,False,False
the earth revolves around the sun,factual_true,Why Earth Revolve Around the Sun? - Kidpid,web,supporting,4,The Earth and other planets are moving or orbiting or revolving around the Sun.,14,supporting,0.9565,0.9565,0.042,0.0015,correct,False,supporting,neutral,False,False,False,False,False
5G towers cause cancer,factual_false,"5G towers don't cause cancer — WHO, NCI confirm — Lenz",web,opposing,10,"The overwhelming weight of high-authority, independent sources clearly refutes the claim that 5G towers cause cancer in humans.",18,opposing,0.9561,0.005,0.0388,0.9561,correct,False,neutral,neutral,False,False,False,True,False
goldfish have a 3 second memory,factual_false,Do Goldfish Really Have a 3 Second Memory?,web,opposing,2,Scientists have proven that goldfish memory spans are nowhere near as short as three seconds.,15,opposing,0.9561,0.0087,0.0352,0.9561,correct,False,supporting,opposing,False,False,False,False,False
the Sahara desert is the largest desert on earth,factual_false,Sahara Desert - WorldAtlasThe Sahara: Earth's Largest Hot De,web,opposing,0,"km, the Sahara Desert is considered the world’s largest hot desert and the third most extensive desert after the polar deserts of Antarctica and the northern Arctic.",27,opposing,0.9556,0.0022,0.0423,0.9556,correct,False,,neutral,False,False,False,False,False
the moon landing was faked,factual_false,Why some people claim the Moon landing was faked - BBC,web,opposing,3,"More than 400,000 people work on the American space programme to get people to the Moon; scientists, engineers, researchers and support staff along with the astronauts.",26,opposing,0.9556,0.0006,0.0439,0.9556,correct,False,opposing,neutral,False,False,False,False,False
the speed of light is constant,factual_true,The Speed of Light is Constant,web,supporting,10,The speed of light is constant for some other reason.,10,supporting,0.9551,0.9551,0.0407,0.004,correct,False,neutral,neutral,False,False,False,False,False
vaccines cause autism,factual_false,MMR vaccine and autism,encyclopedia,opposing,6,"A 2006 review of the literature regarding vaccines and autism found ""[t]he bulk of the evidence suggests no causal relationship between the MMR vaccine and autism.""",26,opposing,0.9551,0.0018,0.0429,0.9551,correct,False,opposing,neutral,True,True,False,False,False
5G causes COVID,factual_false,The conspiracy linking 5G to coronavirus just will not die,web,opposing,9,“There are no indications from scientific studies that 5G (or any other G) affects the immune system.,17,opposing,0.9546,0.0003,0.045,0.9546,correct,False,opposing,opposing,True,True,False,False,False
bats are blind,factual_false,Echolocation in soft-furred tree mice,academic,opposing,4,"Science, aay1513, this issue p. eaay1513 Multiple lines of evidence show that a genus of blind mice—the soft-furred tree mice (Typhlomys)—are capable of echolocation.",24,opposing,0.9546,0.0024,0.0431,0.9546,correct,False,opposing,opposing,False,False,False,False,False
lemmings commit mass suicide,factual_false,Lemmings Don't Commit Mass Suicide,web,opposing,0,"Lemmings Don’t Commit Mass Suicide
Myth: Lemmings commit mass suicide.",10,opposing,0.9546,0.0119,0.0335,0.9546,correct,False,,neutral,False,False,False,False,False
shaving makes hair grow back thicker,factual_false,Shaving,encyclopedia,opposing,3,"Others have skin that cannot tolerate razor shaving at all; they use depilatory shaving powders to dissolve hair above the skin's surface, or grow a beard.",26,opposing,0.9536,0.0011,0.0452,0.9536,correct,False,neutral,neutral,True,True,False,False,False
smoking causes lung cancer,factual_true,Four decades of lung cancer: Trends in comorbidities and cau,academic,supporting,1,"Despite these advancements, the management of comorbidities, particularly cardiovascular disease and chronic obstructive pulmonary disease, is critical due to their shared causal link with lung cancer",28,supporting,0.9536,0.9536,0.0445,0.002,correct,False,neutral,neutral,False,False,False,False,False
vaccines cause autism,factual_false,Causes of autism,encyclopedia,opposing,6,"Environmental agents
[edit] Teratogens are environmental agents that cause birth defects.",11,opposing,0.9536,0.0012,0.0453,0.9536,correct,False,opposing,neutral,False,False,False,False,False
dogs can only see in black and white,factual_false,Canine terminology,encyclopedia,opposing,7,"[edit] Coat patterns include:
- Bicolor: such as black and tan, red and white.",14,opposing,0.9531,0.0009,0.0462,0.9531,correct,False,opposing,opposing,False,False,False,False,False
the sun is a star,factual_true,The Sun Is Also a Star,encyclopedia,supporting,5,"- ^ a b ""The Sun Is Also a Star (2019)"".",11,supporting,0.9531,0.9531,0.0406,0.0064,correct,False,opposing,supporting,False,True,False,False,False
5G causes COVID,factual_false,5G and coronavirus: Debunking the fake news stories - BBC,web,opposing,1,"Public Health England have said “there should be no consequences for public health” with the addition of 5G networks, and independent fact-checking charity Full Fact concluded “there is no evidence th",62,opposing,0.9526,0.0011,0.0464,0.9526,correct,False,neutral,neutral,True,True,True,False,False
bulls are enraged by the color red,factual_false,Mythbuster: Do Bulls Hate the Color Red? — STEAM Ahead,web,opposing,17,"Bulls are colorblind to red, and their aggressive behavior is triggered by the movement of the cape, not its color.",20,opposing,0.9526,0.0134,0.034,0.9526,correct,False,neutral,opposing,True,False,False,False,False
climate change is caused by human activity,factual_true,9 ways we know humans caused climate change | Environmental ,web,supporting,3,"In fact, we are as confident that humans cause climate change as we are that smoking causes cancer.",18,supporting,0.9526,0.9526,0.0461,0.001,correct,False,neutral,neutral,False,False,False,False,False
the speed of light is constant,factual_true,Why is the speed of light constant? - BBC Science Focus Maga,web,supporting,2,"But according to Einstein's Special Theory of Relativity, the speed of light in the vaccum of empty space is said to be the same for all observers, at just short of 300,000km/s.",32,supporting,0.9526,0.9526,0.0447,0.0024,correct,False,opposing,opposing,False,True,False,False,False
5G towers cause cancer,factual_false,Cell Phones and Cancer Risk Fact Sheet - NCI,web,opposing,3,"What the study showed: No association was observed between cell phone use and the incidence of glioma, meningioma, or acoustic neuroma, even among people who had been cell phone subscribers for 13 or ",36,opposing,0.9521,0.0006,0.0472,0.9521,correct,False,opposing,neutral,True,False,False,False,False
MSG is dangerous to consume,factual_false,HELP! MSG consumption - Community | BabyCenter,web,opposing,2,"The Food and Drug Administration (FDA) has been testing MSG for years and rates it ""generally recognized as safe.""",19,opposing,0.9521,0.0011,0.0468,0.9521,correct,False,neutral,neutral,False,True,False,False,False
the great wall of china is visible from space,factual_false,great wall of china not visible from space,web,opposing,3,"It looks like an overflow river, because the body of water is a resorvoir, and probably explains why it’s white (dry) and not blue.",24,opposing,0.9521,0.0013,0.0464,0.9521,correct,False,opposing,neutral,True,False,False,False,False
goldfish have a 3 second memory,factual_false,MythBuster: Goldfish Have a 3-Second Memory — STEAM Ahead,web,opposing,16,Science has proven time and again that goldfish have memory spans lasting weeks or more.,15,opposing,0.9517,0.0003,0.0482,0.9517,correct,False,opposing,neutral,False,False,False,False,False
the Amazon rainforest produces about 20% of the world's oxygen,factual_false,"No, the Amazon Rainforest Doesn’t Produce 20% of Our Oxygen,",web,opposing,7,"But the Amazon rainforest, one of the most unique and biodiverse ecosystems on the planet, does not provide Earth with 20% of its oxygen supply, so where does this figure come from?",32,opposing,0.9517,0.0169,0.0314,0.9517,correct,False,neutral,neutral,True,False,False,False,False
the earth revolves around the sun,factual_true,Earth's orbit,encyclopedia,supporting,3,"History of study
[edit] Heliocentrism is the scientific model that first placed the Sun at the center of the Solar System and put the planets, including Earth, in its orbit.",30,supporting,0.9517,0.9517,0.045,0.0034,correct,False,neutral,neutral,False,False,False,False,False
the earth revolves around the sun,factual_true,1 in 4 Americans Think Sun Revolves Around Earth: Study,web,supporting,6,And the fact that only 74 percent of participants knew that the Earth revolved around the sun is perhaps less alarming than the fact that only 48 percent knew that humans evolved from earlier species ,37,supporting,0.9517,0.9517,0.0466,0.0018,correct,False,neutral,neutral,False,False,False,False,False
the great wall of china is visible from space,factual_false,Is China's Great Wall Visible from Space? | Scientific Ameri,web,opposing,5,"""I have spent a lot of time looking at the Earth from space, including numerous flights over China, and I never saw the wall,"" asserts former NASA astronaut Jeffrey Hoffman, who flew on five space shu",41,opposing,0.9517,0.0049,0.0433,0.9517,correct,False,neutral,neutral,True,True,False,False,False
humans only use 10 percent of their brain,factual_false,Beyond the Myth That We Use Only 10 Percent of Our Brains | ,web,opposing,10,"Debunking the 10 Percent Myth
The idea that we only use 10 percent of our brain has no basis in neuroscience.",21,opposing,0.9512,0.0129,0.0359,0.9512,correct,False,opposing,neutral,True,False,True,True,False
lightning never strikes the same place twice,factual_false,MythBuster: Lightning Never Strikes the Same Place Twice — S,web,opposing,9,"Meet Roy Sullivan, a U.S. park ranger and human lightning magnet.",11,opposing,0.9512,0.001,0.0477,0.9512,correct,False,opposing,opposing,False,False,False,False,True
the earth is flat,factual_false,How Do We Know the Earth Isn't Flat? We Asked a NASA Expert:,web,opposing,0,"This was a magical revelation for the Greeks and the Egyptians, who were able to see from the motions of the stars and the way the Sun moved.",28,opposing,0.9512,0.0009,0.048,0.9512,correct,False,,opposing,False,False,False,False,False
the earth is flat,factual_false,Flat earth | Science | Research Starters | EBSCO Research,web,opposing,7,"Despite overwhelming scientific evidence to the contrary, the idea of a flat Earth was revived in the early nineteenth century.",20,opposing,0.9512,0.0032,0.0456,0.9512,correct,False,opposing,neutral,False,False,False,False,False
climate change is real,factual_true,Climate change: evidence and causes | Royal Society,web,supporting,4,"Human activities are changing the climate
Rigorous analysis of all data and lines of evidence shows that most of the observed global warming over the past 50 years or so cannot be explained by natural",48,supporting,0.9507,0.9507,0.0482,0.0009,correct,False,neutral,supporting,True,False,False,False,False
goldfish have a 3 second memory,factual_false,Do Goldfish Really Have A 3-Second Memory? Debunking This,web,opposing,5,"Culum Brown, a fish cognition expert at Macquarie University in Australia, says that goldfish can remember things for weeks, months, and even years, and science has been supporting this fact for over ",34,opposing,0.9507,0.0003,0.0491,0.9507,correct,False,neutral,opposing,False,False,False,False,False
humans share about 98% of DNA with chimpanzees,factual_true,"Humans and chimps have 95 percent DNA compatibility, not 98.",web,supporting,0,Genetic studies for decades have estimated that humans and chimpanzees possess genomes that are about 98.5 percent similar.,18,supporting,0.9507,0.9507,0.0455,0.0036,correct,False,,neutral,False,False,False,False,False
lightning never strikes the same place twice,factual_false,Lightning never strikes the same place twice: myth or realit,web,opposing,12,exist to prevent damage from multiple lightning strikes Lightning protection systems.,11,opposing,0.9507,0.0024,0.0467,0.9507,correct,False,opposing,opposing,False,False,False,False,True
5G causes COVID,factual_false,5G,encyclopedia,opposing,5,"Research in to wireless power
[edit] Research has explored the use of 5G mmWave networks for wireless power transfer.",19,opposing,0.9492,0.0003,0.0506,0.9492,correct,False,opposing,neutral,False,False,False,False,False
eating carrots improves your eyesight,factual_false,Do Carrots Help Your Eyesight - Southwestern Eye Center,web,opposing,15,"Eat Carrots, But Know the Facts
Carrots won’t give you the ability to see in the dark or drastically improve your vision, but they are a valuable food for overall eye health.",32,opposing,0.9492,0.0027,0.0481,0.9492,correct,False,supporting,,False,False,False,False,False
5G towers cause cancer,factual_false,I heard that the new 5G technology can cause cancer. Is this,web,opposing,8,"However, there is little evidence to suggest there is a problem.",11,opposing,0.9478,0.0002,0.0523,0.9478,correct,False,opposing,opposing,False,False,False,False,False
the great wall of china is visible from space,factual_false,Can You See the Great Wall of China from Space? - Universe T,web,opposing,1,"The reality is that you can't easily see the Great Wall with the unaided eye, even from low Earth orbit.",20,opposing,0.9478,0.0017,0.0507,0.9478,correct,False,neutral,opposing,True,True,False,False,False
lightning never strikes the same place twice,factual_false,Lightning never strikes the same place twice: myth or realit,web,opposing,8,A tall structure acts as a point of contact for the discharge.,12,opposing,0.9473,0.0004,0.0523,0.9473,correct,False,neutral,opposing,False,False,False,False,True
octopuses have three hearts,factual_true,Why Do Octopuses Have Three Hearts? - Science ABC,web,supporting,4,"Octopus’s Blood Is The Reason For Its 3 Hearts
We might call royalty ‘blue-blooded’, but the true ‘blue bloods’ are the cephalopods.",22,supporting,0.9468,0.9468,0.05,0.0032,correct,False,neutral,neutral,False,False,False,False,False
vaccines cause autism,factual_false,Vaccines and autism,encyclopedia,opposing,5,"Further, an epidemiology study concluded that even children labelled high risk for autism, due to an older autistic sibling, that received the MMR vaccine resulted in no causal connection between the ",43,opposing,0.9463,0.0017,0.0522,0.9463,correct,False,neutral,opposing,True,False,False,False,False
the sun is a star,factual_true,The Sun Is Also a Star,encyclopedia,supporting,8,"""'The Sun Is Also a Star' Adds Miriam A. Hyman; Nicole Amber Maines Toplines LGBTQ Indie 'Bit'"".",17,supporting,0.9458,0.9458,0.0429,0.0111,correct,False,supporting,opposing,False,True,False,False,False
5G towers cause cancer,factual_false,5G misinformation,encyclopedia,opposing,0,"A 2020 study that monitored data from Google Trends showed that searches related to coronavirus and 5G started at different times, but peaked in the same week of April 5 in six countries.",33,opposing,0.9453,0.0004,0.0542,0.9453,correct,False,,opposing,False,False,False,False,False
MSG is dangerous to consume,factual_false,HELP! MSG consumption - Community | BabyCenter,web,opposing,4,There's no evidence that MSG is harmful to a developing baby.,11,opposing,0.9453,0.0013,0.0533,0.9453,correct,False,neutral,opposing,True,True,True,False,False
evolution is real,factual_true,Human evolution is still happening – possibly faster than ev,web,supporting,9,Studies also show that natural selection favouring a mutation allowing adults to produce lactase – the enzyme that breaks down milk sugars – is why some groups of people can digest milk after weaning.,34,supporting,0.9453,0.9453,0.0533,0.0014,correct,False,supporting,neutral,False,False,False,False,False
shaving makes hair grow back thicker,factual_false,A Comprehensive Review on Preparation and Quality Evaluation,academic,opposing,3,Its main purpose is to form a thin layer over the shin.,12,opposing,0.9448,0.0005,0.0549,0.9448,correct,False,neutral,opposing,False,False,False,False,False
drinking bleach cures diseases,factual_false,Miracle Mineral Supplement,encyclopedia,opposing,10,"- ^ ""Leaders of ""Genesis II Church of Health and Healing,"" who sold toxic bleach as fake ""Miracle"" cure for COVID-19 and other serious diseases, sentenced to more than 12 years in federal prison Unite",39,opposing,0.9443,0.0025,0.0531,0.9443,correct,False,opposing,opposing,False,True,False,False,False
goldfish have a 3 second memory,factual_false,Do Goldfish Really Have a 3 Second Memory?,web,opposing,19,"No, scientific studies have debunked the myth of a 3-second memory in goldfish.",13,opposing,0.9438,0.0115,0.0446,0.9438,correct,False,neutral,neutral,False,False,True,False,False
bulls are enraged by the color red,factual_false,Mythbuster: Do Bulls Hate the Color Red? — STEAM Ahead,web,opposing,12,"The evidence is clear: Movement, not color, is the key trigger.",11,opposing,0.9434,0.0004,0.0564,0.9434,correct,False,neutral,neutral,True,False,False,False,False
dogs can only see in black and white,factual_false,Can Dogs See Color? Here's What Veterinarians Say - Chewy,web,opposing,2,"Dogs can, in fact, see color, but it’s a narrower range than most humans can see.",16,opposing,0.9434,0.0005,0.056,0.9434,correct,False,opposing,neutral,False,False,False,False,False
the great wall of china is visible from space,factual_false,Can You See the Great Wall of China from Space? - Universe T,web,opposing,4,"""The Great Wall of China is not visible from orbit with the naked eye,"" Hadfield said via
.",18,opposing,0.9434,0.0111,0.0454,0.9434,correct,False,neutral,neutral,True,True,False,False,False
humans share about 98% of DNA with chimpanzees,factual_true,"Comparing Chimp, Bonobo and Human DNA | AMNHIt’s often said ",web,supporting,9,"See full list on amnh.org If human and chimp DNA is 98.8 percent the same, why are we so different?",20,supporting,0.9429,0.9429,0.0514,0.0057,correct,False,neutral,neutral,False,False,False,False,False
the great wall of china is visible from space,factual_false,Artificial structures visible from space,encyclopedia,opposing,5,"Cooling pond of Chernobyl
[edit] The 10-kilometre (6.2 mi) long cooling pond of the Chernobyl Nuclear Power Plant is visible from space.",22,opposing,0.9429,0.0008,0.0564,0.9429,correct,False,neutral,neutral,False,False,False,False,False
climate change is caused by human activity,factual_true,Causes of climate change - Climate Action - European Commiss,web,supporting,7,"Many of these greenhouse gases occur naturally, but human activities are increasing the concentrations of some of them in the atmosphere, in particular:
- carbon dioxide (CO2)
- nitrous oxide
- fluori",45,supporting,0.9424,0.9424,0.0546,0.0031,correct,False,neutral,neutral,False,False,False,False,False
the earth revolves around the sun,factual_true,"Science News: Earth is not revolving around Sun, the world i",web,supporting,9,"Earth-Sun Relationship Earth and the Sun revolve around this shared barycenter, not directly around each other.",16,supporting,0.9424,0.9424,0.047,0.0105,correct,False,supporting,opposing,True,False,False,False,False
climate change is caused by human activity,factual_true,Scientific consensus on climate change,encyclopedia,supporting,12,"""More than 99.9% of studies agree: Humans caused climate change"".",10,supporting,0.9419,0.9419,0.0572,0.001,correct,False,neutral,,False,True,False,False,False
dogs can only see in black and white,factual_false,Can Dogs See Light Yellow? - Wag!,web,opposing,12,"This team found out that dogs can see some colors, but they don’t have the ability to see the full range of colors that we do.",26,opposing,0.9419,0.0003,0.0579,0.9419,correct,False,neutral,opposing,False,False,False,False,False
smoking causes lung cancer,factual_true,Smoking and Cancer | Overviews of Diseases/Conditions | Tips,web,supporting,1,Doctors have known for years that smoking causes most lung cancers.,11,supporting,0.9419,0.9419,0.056,0.0019,correct,False,neutral,supporting,False,False,False,False,False
climate change is caused by human activity,factual_true,The Causes of Climate Change,web,supporting,3,"In its Sixth Assessment Report, the Intergovernmental Panel on Climate Change, composed of scientific experts from countries all over the world, concluded that it is unequivocal that the increase of C",67,supporting,0.9414,0.9414,0.0565,0.0022,correct,False,neutral,supporting,False,False,False,False,False
bats are blind,factual_false,Myth buster: Bats aren't blind | Forest Preserve District of,web,opposing,4,"The myth that they are blind may stem from the fact that bats often fly very close to objects, but that's a matter of curiosity more than bad eyesight, the park service reports.",33,opposing,0.9409,0.0021,0.0571,0.9409,correct,False,opposing,opposing,False,True,False,True,False
the earth is flat,factual_false,Mapping Tidal Flats of the Bohai and Yellow Seas Using Time ,academic,opposing,2,"However, updated and large-scale accurate tidal flat maps around the Bohai and Yellow Seas are still relatively rare, hindering the assessment and management of tidal flats.",26,opposing,0.9409,0.0017,0.0573,0.9409,correct,False,opposing,neutral,False,False,False,False,False
smoking causes lung cancer,factual_true,Smoking and Cancer | Overviews of Diseases/Conditions | Tips,web,supporting,2,"It’s still true today, when nearly 9 out of 10 lung cancers deaths are caused by smoking cigarettes or secondhand smoke exposure.5 In fact, people who smoke have a greater risk for lung cancer today t",46,supporting,0.9404,0.9404,0.0569,0.0027,correct,False,supporting,supporting,False,False,False,False,False
5G causes COVID,factual_false,5G misinformation,encyclopedia,opposing,0,"A 2020 study that monitored data from Google Trends showed that searches related to coronavirus and 5G started at different times, but peaked in the same week of April 5 in six countries.",33,opposing,0.9399,0.0012,0.059,0.9399,correct,False,,neutral,False,False,False,False,False
climate change is real,factual_true,Debunking eight common myths about climate change | UNEP,web,supporting,0,"“Most of the world rightly acknowledges that climate change is real,” says Dechen Tsering, Acting Director of the Climate Change Division at the United Nations Environment Programme (UNEP).",28,supporting,0.9399,0.9399,0.0578,0.002,correct,False,,,False,True,False,False,False
dogs can only see in black and white,factual_false,Do Dogs See in Black and White? - Patton Veterinary Hospital,web,opposing,0,"Vision Myths in Dogs and Cats
Contrary to popular belief, dogs don’t just see black and white.",17,opposing,0.9399,0.0089,0.051,0.9399,correct,False,,neutral,False,False,False,True,False
the great wall of china is visible from space,factual_false,Was the Great Wall of China really visible from space? The,web,opposing,10,"In fact, to the naked eye, it is not even visible from low Earth orbit.",15,opposing,0.9399,0.0002,0.06,0.9399,correct,False,opposing,neutral,True,False,False,False,False
Einstein failed math in school,factual_false,Science myths: did Einstein fail his fourth grade math class,web,opposing,13,"[…]
[…] Einstein didn’t fail science […]
[…] Science myths: did Einstein fail his fourth grade math class?",18,opposing,0.9395,0.0027,0.0577,0.9395,correct,False,neutral,neutral,False,False,False,False,False
bats are blind,factual_false,Are Bats Blind?,web,opposing,7,"Using Echolocation to Fly and Hunt
Bats in the United States are insectivores (meaning their diet consists of insects).",19,opposing,0.9395,0.0032,0.0576,0.9395,correct,False,opposing,opposing,False,False,False,False,False
drinking bleach cures diseases,factual_false,Conspiracy Theorists Say a Dangerous Bleach Solution Can,web,opposing,1,"The ""miracle mineral solution,"" as it's known online (MMS for short), is a solution of 28 percent sodium chlorite in distilled water.",22,opposing,0.9395,0.0006,0.06,0.9395,correct,False,neutral,neutral,False,True,False,False,False
drinking bleach cures diseases,factual_false,Conspiracy Theorists Say a Dangerous Bleach Solution Can,web,opposing,9,"The ""miracle mineral solution,"" as it's known online (MMS for short), is a solution of 28 percent sodium chlorite in distilled water.",22,opposing,0.9395,0.0006,0.06,0.9395,correct,False,opposing,neutral,False,True,False,False,False
lemmings commit mass suicide,factual_false,mass suicide – Jineral Knowledge,web,opposing,10,"This causes the lemming population to plateau, not rising or falling, as there is not enough food to feed all the lemmings.",22,opposing,0.939,0.0004,0.0609,0.939,correct,False,neutral,neutral,True,False,False,False,False
the Great Wall of China is visible from space,factual_false,"Claim Verification: ""The Great Wall of China is the only man",academic,opposing,3,"Former NASA astronaut Jeffrey Hoffman confirms: ""I have spent a lot of time looking at the Earth from space, including numerous flights over China, and I never saw the wall"" (B2).",31,opposing,0.939,0.0046,0.0563,0.939,correct,False,neutral,neutral,True,True,False,False,False
the earth is flat,factual_false,The earth is flat,web,opposing,0,Flat Earth is an archaic and scientifically disproven conception of the Earth's shape as a plane or disk.,18,opposing,0.939,0.0168,0.0442,0.939,correct,False,,opposing,False,True,True,False,False
you lose most body heat through your head,factual_false,How much body heat do I really lose through my head? - One M,web,opposing,2,"Although it is possible to lose a significant amount of heat from the scalp, the notion that almost half of the body’s heat is lost this way simply isn’t accurate.",30,opposing,0.939,0.0154,0.0455,0.939,correct,False,opposing,neutral,False,False,False,True,False
bats are blind,factual_false,Myth buster: Bats aren't blind | Forest Preserve District of,web,opposing,18,"If there's any chance you've come into contact with bat saliva, from a scratch, bite or even sleeping in a room where a bat is found, you should contact your medical provider immediately to see if a m",45,opposing,0.9385,0.0004,0.0614,0.9385,correct,False,opposing,,False,True,False,False,False
smoking causes lung cancer,factual_true,Lung cancer - Causes - NHS,web,supporting,0,"Most cases of lung cancer are caused by smoking, although people who have never smoked can also develop the condition.",20,supporting,0.9385,0.9385,0.0601,0.0014,correct,False,,neutral,True,False,False,False,False
the Great Wall of China is the only man-made structure visible from space,factual_false,Can you see the Great Wall of China from space?,web,opposing,9,Such misinterpretation could have led to the conclusion that likewise similarly mammoth structures on Earth would be visible from elsewhere in the Solar System.,24,opposing,0.9385,0.0004,0.0612,0.9385,correct,False,opposing,neutral,False,False,False,False,False
christopher columbus discovered america,factual_false,"Christopher Columbus Discovers America, 1492",web,opposing,1,"His objective was to sail west until he reached Asia (the Indies) where the riches of gold, pearls and spice awaited.",21,opposing,0.938,0.0016,0.0602,0.938,correct,False,supporting,neutral,False,False,False,False,False
honey never expires,factual_true,Does Honey Go Bad? | Food Network,web,supporting,9,"“Honey does not spoil, however for best quality, the USDA recommends storing honey for up to 12 months,” Amidor says.",20,supporting,0.937,0.937,0.0539,0.0092,correct,False,opposing,opposing,True,True,False,False,True
5G towers cause cancer,factual_false,"Do cell phone towers cause cancer? I found a dream home, but",web,opposing,0,"Nov 13, 2023 · There are no links to any credible studies linking cell comms portions of the em spectrum with cancer.",22,opposing,0.9365,0.0007,0.063,0.9365,correct,False,,neutral,True,False,True,False,False
Einstein failed math in school,factual_false,Science myths: did Einstein fail his fourth grade math class,web,opposing,7,"He studied well, and this time, he passed the entry exams into the Federal Polytechnic School.”
In the summer of 1896 Einstein passed the Swiss Matura (university entrance level exams) with flying col",44,opposing,0.9365,0.0003,0.0634,0.9365,correct,False,neutral,opposing,True,True,False,False,False
octopuses have three hearts,factual_true,Octopuses keep surprising us – here are eight examples how,web,supporting,12,Are you still wondering why octopus blood is blue and what the three hearts do?,15,supporting,0.9365,0.9365,0.0612,0.0022,correct,False,neutral,neutral,False,False,False,False,False
the speed of light is constant,factual_true,Why the Speed of Light is Constant?,web,supporting,5,"The speed of light is originally infinite (or indefinite, to be more precise), and this can be even deduced from TIME DILATION and space contraction ( so for light we have dx/dt=0/0 ), but the reason ",85,supporting,0.9365,0.9365,0.0479,0.0154,correct,False,neutral,neutral,True,False,False,False,False
5G towers cause cancer,factual_false,5G misinformation,encyclopedia,opposing,13,Factors influencing the public's location preferences for mobile phone base stations.,11,opposing,0.936,0.0004,0.0635,0.936,correct,False,opposing,opposing,False,True,False,False,False
Einstein failed math in school,factual_false,Did Einstein Really Fail Math? | Ripley's Believe It or Not!,web,opposing,9,The common rumor that he failed a math test way back in fourth grade is simply untrue.,17,opposing,0.936,0.0011,0.0627,0.936,correct,False,neutral,neutral,False,False,False,False,False
Einstein failed math in school,factual_false,Science myths: did Einstein fail his fourth grade math class,web,opposing,15,"[…]
[…] which he later became so accomplished in made the rounds at the height of his fame in the 1930s.",21,opposing,0.9355,0.0003,0.0643,0.9355,correct,False,neutral,opposing,False,False,False,False,False
bulls are enraged by the color red,factual_false,Why Do Bulls Charge When they See Red? - Live Science,web,opposing,2,"Bulls, along with all other cattle, are color-blind to red.",10,opposing,0.9346,0.0026,0.0628,0.9346,correct,False,neutral,neutral,False,False,False,False,False
drinking bleach cures diseases,factual_false,"Alan Keyes Wants YOU To Drink Bleach (Do Not Do That, You Wi",web,opposing,9,"It's horrible, it's scary, it's expensive and it barely makes any sense.",12,opposing,0.9346,0.0002,0.0653,0.9346,correct,False,opposing,neutral,False,True,False,False,False
vaccines cause autism,factual_false,Vaccines and autism,encyclopedia,opposing,7,The study concluded there was no association between the MMR vaccine and autism.,13,opposing,0.9346,0.001,0.0646,0.9346,correct,False,opposing,neutral,True,False,False,False,False
climate change is real,factual_true,Is Climate Change Real? | Britannica,web,supporting,3,"Every place on Earth experiences seasonal variation in climate (though the shift can be slight in some tropical regions), and this variation is caused by seasonal changes in the amount of sunlight (so",39,supporting,0.9326,0.9326,0.0667,0.0009,correct,False,supporting,supporting,False,False,False,False,False
5G towers cause cancer,factual_false,Cell Phones and Cancer Risk Fact Sheet - NCI,web,opposing,7,Another study investigated blood flow in the brain of people exposed to radiofrequency radiation from cell phones and found no evidence of an effect on blood flow in the brain (34).,31,opposing,0.9321,0.0004,0.0674,0.9321,correct,False,neutral,neutral,True,False,True,False,False
climate change is real,factual_true,Climate change in Israel,web,supporting,8,"Furthermore, lower income communities from Israel such as inhabitants from developing cities, new immigrants, ultra-orthodox jews, and Bedouins, as well as women, children, the elderly, and the chroni",47,supporting,0.9321,0.9321,0.0667,0.0012,correct,False,supporting,neutral,False,False,False,False,False
goldfish have a 3 second memory,factual_false,Do goldfish really have a 3-second memory? | Live Science,web,opposing,0,"In reality, goldfish (Carassius auratus) have much longer memories — spanning weeks, months and even years, Brown said.",18,opposing,0.9321,0.0003,0.0673,0.9321,correct,False,,opposing,False,False,False,False,False
antibiotics do not work against viruses,factual_true,Antibiotics: Are you misusing them? - Mayo Clinic,web,supporting,10,"Other common viral infections that aren't helped by the use of antibiotics include:
- Cold or runny nose
- Flu (influenza)
- Bronchitis
- Most coughs
- Some ear infections
- Some sinus infections
- St",101,supporting,0.9316,0.9316,0.0238,0.0443,correct,False,neutral,neutral,True,True,False,False,True
sugar makes children hyperactive,factual_false,Why Does My Child Get Hyper After Eating Sugar?,web,opposing,12,"Sugar, Sleep, and the Bigger Picture
Where sugar does have a clear, measurable impact on children’s behavior is through sleep.",20,opposing,0.9316,0.0004,0.0681,0.9316,correct,False,neutral,neutral,False,False,False,False,False
climate change is real,factual_true,Here are 10 myths about climate change | WWF,web,supporting,14,"The main drivers of this include the price of fossil fuels, while crops around the world are also failing in the wake of droughts and floods caused by climate change.",30,supporting,0.9307,0.9307,0.068,0.0011,correct,False,neutral,supporting,False,False,False,False,False
sugar makes children hyperactive,factual_false,Why Does My Child Get Hyper After Eating Sugar?,web,opposing,1,"A major meta-analysis of 16 studies, published in JAMA, found no evidence that sugar compromises any measured intellectual or behavioral quality in children.",23,opposing,0.9307,0.0003,0.069,0.9307,correct,False,opposing,neutral,True,False,True,False,False
bats are blind,factual_false,Gait mechanics of a blind echolocating rodent: Implications ,academic,opposing,10,"The Vietnamese pygmy dormouse may serve as a model for the quadrupedal nocturnal ancestor of bats, which had started developing ultrasonic echolocation and reducing vision while likely occupying an ar",31,opposing,0.9302,0.0049,0.0651,0.9302,correct,False,opposing,,False,False,False,False,False
vaccines cause autism,factual_false,Vaccines work… and do not cause autism,academic,opposing,0,"Vaccines have saved millions of lives, yet their importance and safety is repeatedly in question.",15,opposing,0.9302,0.0003,0.0695,0.9302,correct,False,,opposing,False,False,False,False,False
bats are blind,factual_false,Increased emission intensity can compensate for the presence,academic,opposing,6,"In fact, emission intensity increased so that spectral power of echoes exceeded spectral power of noise by 12 dB in 4-kHz and 5-kHz frequency bands.",25,opposing,0.9297,0.001,0.0691,0.9297,correct,False,opposing,opposing,False,False,False,False,False
climate change is caused by human activity,factual_true,How Humans Cause Climate Change | CFR Education,web,supporting,1,Recognizing the human-driven causes of climate change can help build a more sustainable future.,14,supporting,0.9297,0.9297,0.0696,0.0009,correct,False,supporting,neutral,False,False,False,False,False
5G towers cause cancer,factual_false,5G misinformation,encyclopedia,opposing,12,A study authored by doctors Robert R. Brown and Beverly Rubik which concluded that a causal link between the virus and 5G was non-existent was misinterpreted on social media as evidence of a relation ,37,opposing,0.9292,0.0005,0.0704,0.9292,correct,False,opposing,opposing,False,False,False,False,False
octopuses have three hearts,factual_true,Three hearts have an octopus,web,supporting,1,Its hard to believe that an octopus has three hearts .,11,supporting,0.9292,0.9292,0.066,0.005,correct,False,supporting,,False,False,False,False,False
shaving makes hair grow back thicker,factual_false,Shaving & Hair: Does It Grow Back Thicker? The Skin Company,web,opposing,10,"Shaving cuts the hair shaft close to the skin’s surface, leaving a blunt end.",14,opposing,0.9292,0.0004,0.0702,0.9292,correct,False,neutral,neutral,False,False,False,False,False
climate change is real,factual_true,Climate change policy of the United States,encyclopedia,supporting,0,A September 2016 study from Lawrence Berkeley National Laboratory analyzed a set of definite and proposed climate change policies for the United States and found that these were insufficient to meet t,43,supporting,0.9287,0.9287,0.0707,0.0007,correct,False,,supporting,False,False,False,False,False
shaving makes hair grow back thicker,factual_false,Shaving & Hair: Does It Grow Back Thicker? The Skin Company,web,opposing,8,"Although the hair might appear thicker initially because shaving cuts it at a blunt angle, making the stubble feel coarser, this is merely an illusion; the hair’s actual texture and color remain uncha",33,opposing,0.9282,0.0159,0.0562,0.9282,correct,False,opposing,neutral,False,False,False,False,False
we only use 10% of our brains,factual_false,Do we really use only 10 percent of our brains? | Scientific,web,opposing,12,"Likewise, early researchers' appropriately modest admissions that they didn't know what 90 percent of the brain was doing probably fostered the widespread misconception that the leftovers did nothing.",28,opposing,0.9282,0.002,0.0699,0.9282,correct,False,neutral,neutral,False,True,False,True,False
climate change is real,factual_true,Climate change in Israel,web,supporting,10,"Israel signed the Paris Agreement, and as a party to the global climate action it has committed to reduce its GHG by 27% below 2015 levels by reducing carbon emissions from municipal waste, transporta",37,supporting,0.9263,0.9263,0.0728,0.0007,correct,False,neutral,,False,False,False,False,False
vaccines cause autism,factual_false,Vaccines and autism: What Colorado families should know,web,opposing,17,"There is no evidence of an “autism epidemic.”
What are the risks of delaying or skipping vaccines?",17,opposing,0.9263,0.0009,0.0728,0.9263,correct,False,neutral,opposing,True,True,True,False,False
5G causes COVID,factual_false,5G,encyclopedia,opposing,8,Claims that the use of 5G mobile networks can cause cancer are unsupported by scientific evidence.,16,opposing,0.9258,0.0006,0.0739,0.9258,correct,False,neutral,neutral,False,False,False,True,False
the Great Wall of China is the only man-made structure visible from space,factual_false,Is it Really Possible to See the Great Wall of China from Sp,web,opposing,12,"Moreover, if the Great Wall was visible from Space, then, contrary to common claims, it would not be the only visible manmade object since astronauts would also enjoy the view of the Pyramids of Egypt",58,opposing,0.9258,0.0133,0.0608,0.9258,correct,False,opposing,,True,False,False,False,False
5G causes COVID,factual_false,5G and coronavirus: Debunking the fake news stories - BBC,web,opposing,3,"YouTube is taking down any videos that promote false stories linking 5G to the spread of coronavirus, while WhatsApp are limiting how many times a popular forwarded message can be forwarded on further",33,opposing,0.9243,0.0016,0.074,0.9243,correct,False,neutral,neutral,False,False,False,False,False
humans only use 10 percent of their brain,factual_false,Beyond the Myth That We Use Only 10 Percent of Our Brains | ,web,opposing,0,"Neuroscience
Beyond the Myth That We Use Only 10 Percent of Our Brains
Your whole brain is always at work.",20,opposing,0.9243,0.0111,0.0643,0.9243,correct,False,,opposing,False,False,False,True,False
goldfish have a three second memory,factual_false,Do Goldfish Have a Good Memory? Debunking the 3-Second Myth,web,opposing,16,"Final Thoughts
Goldfish are much smarter than the old “three-second memory” myth suggests.",13,opposing,0.9238,0.0192,0.0572,0.9238,correct,False,neutral,,False,True,False,False,False
bulls are enraged by the color red,factual_false,Why Bulls Don’t Actually Like the Color Red - Biology Insigh,web,opposing,1,The cultural belief that the color red incites fury in a bull is inaccurate.,14,opposing,0.9233,0.0226,0.0541,0.9233,correct,False,neutral,neutral,False,False,False,True,False
the sun is a star,factual_true,The Sun Is Also a Star,encyclopedia,supporting,6,"""WB and MGM Start Production on The Sun Is Also a Star"".",12,supporting,0.9233,0.9233,0.0652,0.0114,correct,False,supporting,supporting,False,True,False,False,False
5G causes COVID,factual_false,Spreading Like a Virus: False Rumor That 5G Causes COVID-19,web,opposing,0,"The myth linking 5G to COVID-19 spread rapidly due to distrust and fear, despite 5G being safe and unrelated.",19,opposing,0.9229,0.0015,0.0756,0.9229,correct,False,,opposing,False,False,False,False,False
dogs can only see in black and white,factual_false,Can Dogs See Color? Here's What Veterinarians Say - Chewy,web,opposing,8,"Because dogs only have two types of cones, the way dogs interpret color is similar to the red-green color blindness that some humans experience.",24,opposing,0.9229,0.0015,0.0756,0.9229,correct,False,opposing,neutral,False,False,False,False,False
drinking bleach cures diseases,factual_false,Bleach,encyclopedia,opposing,9,"The study showed that indoor air concentrations significantly increase (8–52 times for chloroform and 1–1170 times for carbon tetrachloride, respectively, above baseline quantities in the household) d",32,opposing,0.9229,0.0004,0.0767,0.9229,correct,False,neutral,opposing,False,False,False,False,False
sugar makes children hyperactive,factual_false,"Does Sugar Really Cause ""Bad"" Behavior in Children?",web,opposing,1,"A meta-analysis found that sugar did not seem to significantly impact the behavior, cognitive functioning, or academic performance.",18,opposing,0.9229,0.0002,0.0768,0.9229,correct,False,opposing,neutral,True,False,False,False,False
climate change is real,factual_true,Climate change in Israel,web,supporting,3,Heatwaves are other natural hazards expected to increase with climate change.Climate change has exacerbated existing problems that come with living in a dry and arid region.,26,supporting,0.9224,0.9224,0.0767,0.0012,correct,False,neutral,neutral,False,False,False,False,False
smoking causes lung cancer,factual_true,Identification of prognostic biomarkers of smoking-related l,academic,supporting,3,The objective of this study was to provide new theoretical evidence and potential therapeutic targets for the mechanisms of smoking-related lung cancer formation.,23,supporting,0.9224,0.9224,0.0759,0.0018,correct,False,supporting,neutral,False,False,False,False,False
the sun is a star,factual_true,Our solar system: The sun information and facts | National G,web,supporting,4,"The sun formed more than 4.5 billion years ago, when a cloud of dust and gas called a nebula collapsed under its own gravity.",24,supporting,0.9219,0.9219,0.0671,0.011,correct,False,supporting,neutral,False,False,False,False,False
drinking bleach cures diseases,factual_false,fortune.com/well/2023/02/02/drinking-bleach-can-be-deadly-bu,web,opposing,2,"Curbing sales of MMS has become a game of whack-a-mole that the Food and Drug Administration has played for over a decade, warning retailers and consumers of the compound’s dangers with little results",33,opposing,0.9199,0.0005,0.0795,0.9199,correct,False,neutral,opposing,False,False,False,False,False
the sun is a star,factual_true,Sun: Facts - NASA Science,web,supporting,5,"Many stars are much larger – but the Sun is far more massive than our home planet: it would take more than 330,000 Earths to match the mass of the Sun, and it would take 1.3 million Earths to fill the",43,supporting,0.9199,0.9199,0.02,0.0602,correct,False,supporting,supporting,False,True,False,False,False
climate change is real,factual_true,Is Climate Change Real? | Britannica,web,supporting,7,"Human activities also affect climate, and a consensus of scientists are sure that the impact of these activities is playing an ever-greater role in determining what form Earth’s climate takes.",30,supporting,0.9194,0.9194,0.0795,0.0013,correct,False,neutral,supporting,False,False,False,False,False
5G causes COVID,factual_false,Coronavirus: 5G and microchip conspiracies around the world ,web,opposing,10,One of the most widespread false claims is that the pandemic is a grand plan masterminded by Bill Gates to implant microchips into humans along with a coronavirus vaccine.,29,opposing,0.9189,0.0017,0.0795,0.9189,correct,False,neutral,neutral,False,False,True,False,False
drinking bleach cures diseases,factual_false,FDA Warns of “Cure-All” Products That Actually Contain,web,opposing,5,Consumers are strongly urged not to purchase or use these products.,11,opposing,0.9189,0.0003,0.0807,0.9189,correct,False,neutral,opposing,True,False,False,False,False
Einstein failed math in school,factual_false,Did Einstein Really Fail Math? | Ripley's Believe It or Not!,web,opposing,1,"We might not have a solid grasp on what exactly E = mc² means or why it’s important, but anybody who successfully makes a math equation famous has to be somebody pretty darn special.",34,opposing,0.9185,0.0005,0.0809,0.9185,correct,False,neutral,neutral,True,False,False,False,False
bats are blind,factual_false,Myth buster: Bats aren't blind | Forest Preserve District of,web,opposing,0,"Myth buster: Bats aren't blind
If anyone's ever told you you're as blind as a bat, it isn't much of a criticism of your eyesight.",25,opposing,0.918,0.0125,0.0696,0.918,correct,False,,opposing,True,True,False,False,False
climate change is real,factual_true,Climate change policy of the United States,encyclopedia,supporting,1,"A third case, Comer v. Murphy Oil, was filed by Gerald Maples, a trial attorney in Mississippi, in an effort to force fossil fuel and chemical companies to pay for damages caused by global warming.",35,supporting,0.9175,0.9175,0.0813,0.001,correct,False,supporting,neutral,False,False,False,False,False
5G causes COVID,factual_false,The conspiracy linking 5G to coronavirus just will not die,web,opposing,3,"How 5G works
There are several theories linking 5G and Covid-19.",11,opposing,0.917,0.0011,0.082,0.917,correct,False,neutral,supporting,False,False,False,False,False
bats are blind,factual_false,The Blind Watchmaker,encyclopedia,opposing,5,"In fact, eyes have evolved several times independently, an example of convergent evolution.",13,opposing,0.917,0.0005,0.0825,0.917,correct,False,opposing,opposing,False,False,False,False,False
we only use 10% of our brains,factual_false,Do we only use 10 percent of our brain? - MIT McGovern Insti,web,opposing,9,"“Even while we sleep, our entire brain remains intensely active.”
When did this myth take root?",16,opposing,0.917,0.0002,0.0829,0.917,correct,False,neutral,neutral,False,True,False,False,False
climate change is caused by human activity,factual_true,Effects of climate change on human health,encyclopedia,supporting,17,"Research shows that health professionals around the world agree that climate change is real, is caused by humans, and is causing increased health problems in their communities.",27,supporting,0.9155,0.9155,0.0834,0.001,correct,False,neutral,,False,False,False,False,False
goldfish have a 3 second memory,factual_false,Why goldfish having a three-second memory is a myth… –,web,opposing,0,Why goldfish having a three-second memory is a myth… ...,10,opposing,0.9155,0.0194,0.0651,0.9155,correct,False,,opposing,False,False,False,False,False
5G towers cause cancer,factual_false,Cell site,encyclopedia,opposing,4,"Signal limiting factor
[edit] A cell phone may not work at times because it is too far from a mast, or because the phone is in a location where cell phone signals are attenuated by thick building wall",42,opposing,0.915,0.0003,0.0845,0.915,correct,False,opposing,neutral,True,False,False,False,False
bats are blind,factual_false,The Blind Watchmaker,encyclopedia,opposing,13,"External links
[edit] - We Are All Contraptions – review by Michael Ghiselin",13,opposing,0.915,0.0029,0.0819,0.915,correct,False,neutral,,False,False,False,False,False
honey never expires,factual_true,Why Honey does not expire | Bharat Honey (100% Natural Honey,web,supporting,0,"Although we don’t keep honey that long, these findings show that natural honey never expires.",15,supporting,0.915,0.915,0.0764,0.0085,correct,False,,opposing,True,False,False,False,True
smoking causes lung cancer,factual_true,Identification of prognostic biomarkers of smoking-related l,academic,supporting,1,"Smoking is one of the causes of lung cancer, but it is not the initial carcinogenic factor.",17,supporting,0.915,0.915,0.0829,0.002,correct,False,neutral,supporting,True,False,False,False,False
smoking causes lung cancer,factual_true,Lung Cancer Risk Factors | Smoking & Lung Cancer | American ,web,supporting,2,"This risk is far less than the risk caused by smoking, but about 1% to 2% of all deaths from lung cancer in the United States are thought to be due to outdoor air pollution.",35,supporting,0.9141,0.9141,0.0825,0.0036,correct,False,neutral,neutral,False,False,False,False,False
bulls are enraged by the color red,factual_false,Mythbuster: Do Bulls Hate the Color Red? — STEAM Ahead,web,opposing,6,"The color red was chosen for the muleta not to enrage the bull, but for a much more practical and human-centric reason.",22,opposing,0.9136,0.0129,0.0737,0.9136,correct,False,neutral,neutral,True,False,False,False,False
bulls are enraged by the color red,factual_false,Mythbuster: Do Bulls Hate the Color Red? — STEAM Ahead,web,opposing,18,"The vibrant red hue of the matador’s cape serves the purpose of concealing blood from the audience, not inciting the animal.",21,opposing,0.9136,0.0013,0.0849,0.9136,correct,False,opposing,,True,False,False,False,False
shaving makes hair grow back thicker,factual_false,A REVIEW ON SAFETY AND EFFICACY OF KARAVEERADI TAILA AS LOMA,academic,opposing,6,Depilation is the removal of the part of the hair above the surface of the skin.,16,opposing,0.9131,0.0004,0.0863,0.9131,correct,False,opposing,opposing,False,False,False,False,False
goldfish have a three second memory,factual_false,"Goldfish Have a Three-Second Memory, Right? Scientists Say .",web,opposing,10,"Some experiments have demonstrated that goldfish can be trained to swim through mazes, and they can remember these routes for months.",21,opposing,0.9126,0.0005,0.0868,0.9126,correct,False,neutral,neutral,False,False,False,False,False
climate change is real,factual_true,Here are 10 myths about climate change | WWF,web,supporting,16,"Climate change feels too big to tackle
While challenging, the solutions to the climate crises do exist.",17,supporting,0.9121,0.9121,0.0863,0.0017,correct,False,supporting,neutral,False,False,False,False,False
evolution is real,factual_true,Human evolution is still happening – possibly faster than ev,web,supporting,12,"If natural selection is weakened, mutations it would normally purge aren’t removed as efficiently, which could increase their frequency and so increase the rate of evolution.",26,supporting,0.9121,0.9121,0.0869,0.0012,correct,False,supporting,neutral,False,False,False,False,False
bats are blind,factual_false,Blind Humans Can Develop the Superpower of Bats!,academic,opposing,4,"Scientists have found that some blind people can echolocate, and that they still use the vision area of the brain to understand the environment!",24,opposing,0.9116,0.0034,0.0851,0.9116,correct,False,opposing,opposing,False,False,False,False,False
bats are blind,factual_false,The Blind Watchmaker,encyclopedia,opposing,9,"But he looks at things with the eyes of a child, in a way that I don’t think any scientist who wrote really well, including Stephen Jay Gould, ever could.",30,opposing,0.9111,0.0009,0.0879,0.9111,correct,False,neutral,neutral,False,False,False,False,False
the Great Wall of China is the only man-made structure visible from space,factual_false,Is it Really Possible to See the Great Wall of China from Sp,web,opposing,11,"Despite this, it can be observed that, at a height of 40 miles, the Wall is not visible but the landing runway of the Yongning Airport, located about 4 miles WNW to the Wall, is.",35,opposing,0.9106,0.0007,0.0888,0.9106,correct,False,neutral,opposing,True,False,False,False,False
5G causes COVID,factual_false,5G,encyclopedia,opposing,1,"The same year, the University of Surrey founded the 5G Innovation Centre, funded by £35 million from public and industry partners including Huawei and Samsung.",25,opposing,0.9102,0.0003,0.0897,0.9102,correct,False,neutral,opposing,False,False,False,False,False
humans share about 98% of DNA with chimpanzees,factual_true,"Comparing Chimp, Bonobo and Human DNA | AMNHIt’s often said ",web,supporting,17,"A small DNA difference makes human red blood cells vulnerable... See full list on amnh.org Sep 15, 2025 · Early research suggested that human and chimp genomes are more than 98% identical.",32,supporting,0.9102,0.9102,0.0756,0.0143,correct,False,neutral,supporting,False,False,False,False,False
vaccines cause autism,factual_false,Autism & Vaccines: Separating Fact from Fiction,web,opposing,10,"Advances in genetic research have identified hundreds of genes associated with autism, and studies indicate that autism begins in early brain development, often before birth.",25,opposing,0.9102,0.0004,0.0896,0.9102,correct,False,neutral,opposing,False,False,False,False,False
bats are blind,factual_false,Human uses of bats,encyclopedia,opposing,16,"In Law, Bradley; Eby, Peggy; Lumsden, Lindy; Lunney, Daniel (eds.).",10,opposing,0.9097,0.0027,0.0874,0.9097,correct,False,neutral,,False,False,False,False,False
cracking your knuckles causes arthritis,factual_false,Joint cracking,encyclopedia,opposing,11,"Relation to arthritis
[edit] The common old wives' tale that cracking one's knuckles causes arthritis is without scientific evidence.",19,opposing,0.9097,0.0075,0.0829,0.9097,correct,False,neutral,neutral,False,True,False,False,False
the sun is a star,factual_true,Our solar system: The sun information and facts | National G,web,supporting,0,"Compared with the billions of other stars in the universe, the sun is unremarkable.",14,supporting,0.9097,0.9097,0.0759,0.0143,correct,False,,neutral,False,False,False,False,False
vaccines cause autism,factual_false,NMA Statement on CDC Reviving Debunked Link Between Autism a,web,opposing,1,"Currently, there is no credible scientific evidence demonstrating that vaccines cause autism.",12,opposing,0.9097,0.0042,0.0861,0.9097,correct,False,neutral,,True,False,True,False,False
the sun is a star,factual_true,Is ‘The Sun Is Also A Star’ Based On A True Story? The Love ,web,supporting,13,"A Sun Is Also A Star may be a work of fiction, but that doesn't make it any less true.",20,supporting,0.9092,0.9092,0.0679,0.0228,correct,False,neutral,neutral,True,True,False,False,False
drinking bleach cures diseases,factual_false,fortune.com/well/2023/02/02/drinking-bleach-can-be-deadly-bu,web,opposing,3,"Many MMS sellers avoid running afoul of regulators by listing the stuff as water purification solutions rather than health aids, even sometimes citing FDA warnings about consumption in the listing fin",32,opposing,0.9087,0.0004,0.0909,0.9087,correct,False,opposing,neutral,False,False,False,False,False
the great wall of china is visible from space,factual_false,Is China's Great Wall Visible from Space? | Scientific Ameri,web,opposing,2,"Although the Great Wall spans some 4,500 miles (7,200 kilometers), it's constructed from materials that make it difficult to discern from space.",22,opposing,0.9087,0.0049,0.0866,0.9087,correct,False,neutral,neutral,False,True,False,False,False
5G causes COVID,factual_false,Could 5G Technology Be the Cause of COVID-19?,academic,opposing,1,The UK's mobile networks have reported 20 cases of masts being targeted in suspected arson attacks over the Easter weekend [1].,21,opposing,0.9082,0.0008,0.0911,0.9082,correct,False,neutral,neutral,False,True,False,False,False
the great wall of china is visible from space,factual_false,Can You See the Great Wall of China from Space,web,opposing,13,"Therefore, with all these clarifications, saying that astronauts can see it from space is not true.",16,opposing,0.9082,0.0003,0.0917,0.9082,correct,False,opposing,opposing,True,False,True,False,False
shaving makes hair grow back thicker,factual_false,A Comprehensive Review on Preparation and Quality Evaluation,academic,opposing,4,"To minimize calls razor burns and irritation It reduces the friction between the razor blade and skin, allowing smoother strokes
A review focusing on preparation, and quality evaluation of shaving cre",35,opposing,0.9077,0.0009,0.0916,0.9077,correct,False,opposing,neutral,False,False,False,False,False
drinking bleach cures diseases,factual_false,Controversial Church Believes Drinking Bleach Cures All Dise,web,opposing,8,"Technically if humanity was the disease, they wouldn't be wrong lol.",11,opposing,0.9072,0.0006,0.092,0.9072,correct,False,neutral,opposing,True,True,False,False,False
the speed of light is constant,factual_true,Why speed of light is constant?,web,supporting,0,"Discussion Overview
The discussion revolves around the constancy of the speed of light, exploring its implications in physics, historical experiments that support this constancy, and the theoretical f",30,supporting,0.9072,0.9072,0.0894,0.0032,correct,False,,neutral,False,False,False,False,False
christopher columbus discovered america,factual_false,"Race, Religion and the Medieval Norse Discovery of America",academic,opposing,0,"In 1837, Danish philologist Carl Christian Rafn published Antiquitates Americanæ, which introduced Americans to the Vinland sagas—medieval texts that suggest that Norse explorers “discovered” North Am",33,opposing,0.9067,0.0014,0.0919,0.9067,correct,False,,neutral,False,True,False,False,False
climate change is caused by human activity,factual_true,What Causes Climate Change? Human and Natural Causes,web,supporting,0,"March 3, 2026 - (This type of climate change is ... beings.”) The unchecked burning of fossil fuels over the past 150 years has drastically increased the presence of atmospheric greenhouse gases, most",36,supporting,0.9067,0.9067,0.0924,0.0011,correct,False,,,False,True,False,False,False
lemmings commit mass suicide,factual_false,Do lemmings really commit mass suicide? - The Straight Dope,web,opposing,5,Filmmakers ran the little guys around on a lazy Susan and tossed them manually into a river shot to look like the ocean.,23,opposing,0.9067,0.0036,0.0896,0.9067,correct,False,neutral,neutral,False,False,False,False,False
the speed of light is constant,factual_true,Is the speed of light really constant?,web,supporting,0,"The initial verification of an invariant speed of light comes from the Michelson-Morley experiment in 1887, which showed that the speed of light didn’t depend upon the motion of the Earth.",31,supporting,0.9067,0.9067,0.0881,0.0049,correct,False,,neutral,False,False,False,False,False
5G causes COVID,factual_false,Comparative Analysis of Max-Throughput and Proportional Fair,academic,opposing,4,"The resulting output value analyzes resource limits such as frequency, power, speed, and time in each scenario to allocate resources so that their use remains efficient with a Quality of Service that ",36,opposing,0.9043,0.0005,0.0952,0.9043,correct,False,opposing,opposing,False,False,False,False,False
climate change is real,factual_true,Here are 10 myths about climate change | WWF,web,supporting,7,"The evidence shows that extreme heatwaves have increased since the 1950s and human-induced climate change is the main driver; with every additional increment of global warming, these extremes continue",31,supporting,0.9043,0.9043,0.0944,0.0015,correct,False,neutral,supporting,False,False,False,False,False
drinking bleach cures diseases,factual_false,YouTube cracks down on videos that promote drinking bleach a,web,opposing,12,"“But for the record, I want to clarify here, MMS does not cure disease.",14,opposing,0.9043,0.0002,0.0955,0.9043,correct,False,neutral,,True,True,False,False,False
antibiotics do not work against viruses,factual_true,Why Don’t Doctors Give Antibiotics for Viral Infections?,web,supporting,6,"Viruses do not have these structures, so antibiotics have nothing to attack.",12,supporting,0.9038,0.9038,0.0907,0.0056,correct,False,neutral,neutral,True,False,False,False,True
drinking bleach cures diseases,factual_false,Drinking Bleach Is No Cure for Coronavirus and Poses Serious,web,opposing,11,"There are a lot of variables, such as:
- your size and age
- other health conditions
- how much you swallowed
- what other chemicals were mixed in
- whether it makes you vomit
- how much you breathed ",54,opposing,0.9038,0.0009,0.0953,0.9038,correct,False,opposing,opposing,True,False,True,False,False
5G causes COVID,factual_false,The conspiracy linking 5G to coronavirus just will not die,web,opposing,13,"“If people see anything suspicious on our service, please report it to us.”
Similarly, a Facebook search for “5G coronavirus” yielded mostly reliable information from news organizations, hospitals and",41,opposing,0.9033,0.0023,0.0944,0.9033,correct,False,opposing,opposing,False,True,False,False,False
bats are blind,factual_false,Are Bats Blind?,web,opposing,13,"- Baby Bats
- Bat Bites
- Bat Facts & Myths
- Bat Guano – Identification & Removal
- Bat Maternity Season
- Bat Noises and Sounds
- Bats & Rabies
- Watch How Bat Removal Works
- What to Do if Bats in ",76,opposing,0.9033,0.0014,0.0955,0.9033,correct,False,opposing,neutral,False,False,False,False,False
5G towers cause cancer,factual_false,Cell site,encyclopedia,opposing,8,"According to the U.S. Food and Drug Administration, ""Scientific consensus shows that non-ionizing radiation is not a carcinogen and, at or below the radio frequency exposure limits set by the FCC, non",43,opposing,0.9023,0.0003,0.0975,0.9023,correct,False,neutral,opposing,True,True,True,False,False
bats are blind,factual_false,Human uses of bats,encyclopedia,opposing,4,"Bat guano contains many elements that benefit plant growth: carbon, nitrogen, sulfur, and phosphorus.",14,opposing,0.9023,0.0004,0.0972,0.9023,correct,False,neutral,neutral,False,False,False,False,False
lightning never strikes the same place twice,factual_false,Lightning never strikes the same place twice: myth or realit,web,opposing,9,"If it has been struck once, this simply proves that it is an excellent conductor—and therefore likely to be so again.",21,opposing,0.9023,0.0006,0.0969,0.9023,correct,False,opposing,neutral,False,False,False,False,True
sugar makes children hyperactive,factual_false,Why Does My Child Get Hyper After Eating Sugar?,web,opposing,0,"That might be hard to believe when you’ve watched a group of kids bounce off the walls at a birthday party, but decades of controlled research have consistently failed to find a direct link between su",39,opposing,0.9023,0.0074,0.0905,0.9023,correct,False,,opposing,False,False,True,False,False
you lose most body heat through your head,factual_false,Scientists debunk the myth that you lose most heat through y,web,opposing,9,"If the experiment had been performed with people wearing only swimming trunks, they would have lost no more than 10% of their body heat through their heads, the scientists add.",30,opposing,0.9014,0.0028,0.0961,0.9014,correct,False,neutral,neutral,True,False,False,False,False
5G causes COVID,factual_false,5G and coronavirus: Debunking the fake news stories - BBC,web,opposing,10,"Wuhan, the centre of the coronavirus epidemic in China, was one of the first places in the country to trial 5G technology, and some have incorrectly linked the two unrelated events.",31,opposing,0.9009,0.0013,0.098,0.9009,correct,False,opposing,opposing,False,False,False,False,False
5G causes COVID,factual_false,"5G Doesn’t Cause COVID-19, But the Rumor That It Does Spread",web,opposing,12,"While exposure to high-power radiation can be harmful to health, Starobinski assures that there have been safety guidelines on the radiation from communication technologies and 5G should be safe to us",31,opposing,0.9004,0.0002,0.0995,0.9004,correct,False,opposing,opposing,False,False,False,False,False
shaving makes hair grow back thicker,factual_false,‘Your hair is your crowning glory’: a patient's experience o,academic,opposing,14,"I felt that my hairline started to recede even more, and it became itchy.",14,opposing,0.9004,0.0003,0.0994,0.9004,correct,False,neutral,neutral,False,False,False,False,False
water boils at 100 degrees celsius,factual_true,Boiling Point - TerpConnect,web,supporting,8,"For example, at sea level water will remain at 100 degrees Celsius (at a pressure of 1 atm or 101.3 kPa) while boiling.",23,supporting,0.8999,0.8999,0.0804,0.0197,correct,False,neutral,,False,False,False,False,False
climate change is real,factual_true,Is Climate Change Real? | Britannica,web,supporting,9,"Other lines of evidence, including decreasing Arctic sea ice coverage and rising global temperature averages (showing that many of the warmest years have occurred since 1980), support the argument tha",55,supporting,0.8994,0.8994,0.0991,0.0013,correct,False,supporting,neutral,False,False,False,False,False
bats are blind,factual_false,Are Bats Blind?,web,opposing,0,"Many people mistakenly believe that bats are blind because they fly about erratically while hunting, which gives the impression they cannot see where they’re going.",25,opposing,0.8989,0.0023,0.0988,0.8989,correct,False,,neutral,True,False,False,False,False
the earth is flat,factual_false,Mapping Tidal Flats of the Bohai and Yellow Seas Using Time ,academic,opposing,4,Tidal flats were derived from the differences of maximum and minimum water extent composites.,14,opposing,0.8979,0.0063,0.0959,0.8979,correct,False,neutral,neutral,False,False,False,False,False
the Great Wall of China is visible from space,factual_false,"""Great Wall"" myth originated with Ripley's",web,opposing,11,"Yes, he presents it as factual, but Musicat’s point is that it is not presented as proven.",17,opposing,0.8975,0.0017,0.101,0.8975,correct,False,neutral,neutral,True,False,False,False,False
the great wall of china is visible from space,factual_false,great wall of china not visible from space,web,opposing,2,"The map on the link posted to google maps is a river, not the wall.",15,opposing,0.897,0.0004,0.1027,0.897,correct,False,opposing,opposing,True,False,False,False,False
vaccines cause autism,factual_false,Autism & Vaccines: Separating Fact from Fiction,web,opposing,11,"Environmental factors, such as prenatal exposures and complications during pregnancy, may contribute to autism risk, but vaccines are not among them.",21,opposing,0.897,0.0016,0.1013,0.897,correct,False,opposing,neutral,True,False,False,False,False
honey never expires,factual_true,"If they say pure honey can last forever, why is there an exp",web,supporting,0,"Sep 7, 2023 ... To quickly answer your question about honey: Honey (stored properly) does not ever go bad, period.",20,supporting,0.8965,0.8965,0.1014,0.0019,correct,False,,,True,False,False,False,True
the earth is flat,factual_false,Flat earth | Science | Research Starters | EBSCO Research,web,opposing,2,"Despite overwhelming scientific evidence supporting a spherical Earth, flat Earth conventions and social media platforms have fostered a community for this belief, leading to public debates and contro",28,opposing,0.8965,0.0089,0.0944,0.8965,correct,False,opposing,neutral,False,False,False,False,False
lemmings commit mass suicide,factual_false,Lemming,encyclopedia,opposing,14,"""Phase- and density-dependent population dynamics in Norwegian lemmings: Interaction between deterministic and stochastic processes"".",14,opposing,0.8955,0.0005,0.1041,0.8955,correct,False,neutral,,False,True,False,False,False
5G towers cause cancer,factual_false,5G,encyclopedia,opposing,14,"A 2019 meta-analysis found that while many in vitro and in vivo studies detected biological responses to radiofrequency exposure, the evidence did not establish health risks.",26,opposing,0.895,0.0003,0.1047,0.895,correct,False,neutral,opposing,True,False,False,False,False
lightning never strikes the same place twice,factual_false,Lightning,encyclopedia,opposing,2,"Researchers at the University of Florida found that the final one-dimensional speeds of 10 flashes observed were between 1.0×105 and 1.4×106 m/s, with an average of 4.4×105 m/s.",28,opposing,0.895,0.001,0.1039,0.895,correct,False,neutral,neutral,False,False,False,False,True
bats are blind,factual_false,Exploring the Mysteries of Bats: The Modern Approaches Trans,academic,opposing,9,Bioacoustics stands apart from the related field of eco-acoustics in that it is behaviour-centric and concentrates on the acoustic signals of individuals and species rather than more general ecologica,32,opposing,0.894,0.0012,0.1049,0.894,correct,False,opposing,opposing,False,False,False,False,False
climate change is caused by human activity,factual_true,9 ways we know humans caused climate change | Environmental ,web,supporting,13,"Staff perspective
Scientists have no doubt that humans are causing global warming.",12,supporting,0.894,0.894,0.1042,0.0017,correct,False,neutral,,True,False,False,False,False
shaving makes hair grow back thicker,factual_false,Does Shaving Make Your Hair Grow Back Thicker? - Skincare.co,web,opposing,8,Will Other Hair Removal Methods Make the Hairs Grow Back Finer or Softer?,13,opposing,0.894,0.0007,0.1052,0.894,correct,False,neutral,neutral,False,False,False,False,False
evolution is real,factual_true,Human evolution is still happening – possibly faster than ev,web,supporting,7,Selection in response to malaria is still ongoing in regions where the disease remains common.,15,supporting,0.8926,0.8926,0.1033,0.0042,correct,False,supporting,supporting,False,False,False,False,False
dogs can only see in black and white,factual_false,Do Dogs See in Black and White? - Patton Veterinary Hospital,web,opposing,2,"Dogs and cats have rods and cones, too, but they differ a bit from our own.",16,opposing,0.8916,0.0007,0.1077,0.8916,correct,False,neutral,opposing,False,False,False,False,False
shaving makes hair grow back thicker,factual_false,A REVIEW ON SAFETY AND EFFICACY OF KARAVEERADI TAILA AS LOMA,academic,opposing,9,"In Ayurvedic classics, few herbo-mineral formulations for hair removal are mentioned.",11,opposing,0.8916,0.0004,0.1078,0.8916,correct,False,neutral,opposing,False,False,False,False,False
the great wall of china is visible from space,factual_false,Artificial structures visible from space,encyclopedia,opposing,7,This area produces much of the fruit and vegetables that are sold in the rest of Spain and Europe.,19,opposing,0.8916,0.0006,0.1077,0.8916,correct,False,neutral,neutral,False,False,False,False,False
evolution is real,factual_true,Human evolution is still happening – possibly faster than ev,web,supporting,2,"But if we look at the rate of our DNA’s evolution, we can see that human evolution hasn’t stopped – it may even be happening faster than before.",28,supporting,0.8901,0.8901,0.1077,0.0023,correct,False,supporting,supporting,False,False,False,False,False
drinking bleach cures diseases,factual_false,People are still drinking bleach—and vomiting and pooping,web,opposing,11,"Online stain
The FDA says that the products have been hard to scrub out because of claims on social media, where the drinks are promoted along with false health information.",30,opposing,0.8887,0.0007,0.1106,0.8887,correct,False,opposing,neutral,False,False,False,False,False
humans only use 10 percent of their brain,factual_false,Do we only use 10 percent of our brain? - MIT McGovern Insti,web,opposing,9,"“Even while we sleep, our entire brain remains intensely active.”
When did this myth take root?",16,opposing,0.8887,0.0002,0.1112,0.8887,correct,False,neutral,neutral,False,True,False,False,False
humans share about 98% of DNA with chimpanzees,factual_true,Do humans and chimps really share nearly 99% of their DNA? |,web,supporting,5,Early research suggested that human and chimp genomes are more than 98% identical.,13,supporting,0.8882,0.8882,0.1062,0.0054,correct,False,neutral,neutral,False,False,False,False,False
the moon landing was faked,factual_false,The moon landing was fake,web,opposing,3,"For instance, high-definition photos taken by the Lunar Reconnaissance Orbiter (LRO) of the Apollo landing sites have captured the Lunar Module descent stages and the tracks left by the astronauts.",30,opposing,0.8877,0.0021,0.1099,0.8877,correct,False,neutral,opposing,False,False,False,False,False
humans share about 98% of DNA with chimpanzees,factual_true,It’s often said that humans and chimps share 99% of their DN,web,supporting,0,"Sep 15, 2025 · Early research suggested that human and chimp genomes are more than 98% identical.",17,supporting,0.8867,0.8867,0.1082,0.0053,correct,False,,neutral,False,False,False,False,False
the earth is flat,factual_false,Why some people believe the Earth is flat | BBC Earth,web,opposing,5,Earth Lab’s Dom Burgess shines a light on the science behind the real shape of our planet.,17,opposing,0.8867,0.0012,0.1122,0.8867,correct,False,opposing,,False,False,False,False,False
honey never expires,factual_true,Does Honey Expire—Ever? - Mill,web,supporting,3,"That said, honey must be pure to ensure an infinite lifespan.",11,supporting,0.8862,0.8862,0.0984,0.0155,correct,False,opposing,opposing,False,False,False,False,True
the average human body temperature is 98.6 degrees fahrenheit,factual_false,Average Human Body Temperature: Is 98.6°F Still Right?,web,opposing,2,"A Stanford Medicine analysis of more than 618,000 temperature readings found that today’s adults typically fall somewhere between 97.3°F and 98.2°F.",21,opposing,0.8862,0.0063,0.1077,0.8862,correct,False,neutral,neutral,False,False,False,False,False
the earth revolves around the sun,factual_true,Is the Growth of the Astronomical Unit Caused by the Allais ,academic,supporting,8,"The perturbation would submit to variations and distortions the region of the barycenter of the Earth-Moon system which revolves around the Sun, with the dual secular effects that the Moon spirals out",42,supporting,0.8857,0.8857,0.093,0.0214,correct,False,supporting,,False,False,False,False,False
the great wall of china is visible from space,factual_false,Is the Great Wall of China Really Visible from Space? | Live,web,opposing,10,But there could be another reason for the Great Wall's inconspicuousness.,11,opposing,0.8848,0.0007,0.1144,0.8848,correct,False,neutral,opposing,False,True,False,False,False
evolution is real,factual_true,"88 | Neil Shubin on Evolution, Genes, and Dramatic Transitio",web,supporting,5,"I didn't know what I wanted to do for my PhD, I knew I wanted to study evolution, but I thought maybe I want to study mammals or I don't know, I didn't know.",34,supporting,0.8833,0.8833,0.1108,0.0058,correct,False,neutral,neutral,True,True,False,False,False
humans only use 10 percent of their brain,factual_false,How much of our brain do we actually use? Brain facts and my,web,opposing,5,He explained that the majority of the brain is almost always active.,12,opposing,0.8833,0.0003,0.1166,0.8833,correct,False,neutral,neutral,False,False,False,False,False
antibiotics do not work against viruses,factual_true,Viral Infections - Why Don't Antibiotics Kill Viruses? - Dru,web,supporting,2,"But why don’t antibiotics kill viral infections, and how can overuse of an antibiotic lead to “antibiotic resistance”?",18,supporting,0.8828,0.8828,0.1004,0.0169,correct,False,supporting,supporting,False,True,False,False,True
christopher columbus discovered america,factual_false,When did Christopher Columbus discover America?,web,opposing,1,"In 1492, he and 87 men set sail west with three ships (Santa Maria, Niña and Pinta) to discover the quickest way to India.",24,opposing,0.8828,0.0076,0.1097,0.8828,correct,False,neutral,neutral,False,False,False,False,False
drinking bleach cures diseases,factual_false,"Alan Keyes Wants YOU To Drink Bleach (Do Not Do That, You Wi",web,opposing,11,Because they don't have a lot of options when it comes to health care.,14,opposing,0.8828,0.0006,0.1167,0.8828,correct,False,neutral,neutral,True,True,False,False,False
vaccines cause autism,factual_false,MMR vaccine and autism,encyclopedia,opposing,4,"In 2004, a meta review financed by the European Union assessed the evidence given in 120 other studies and considered unintended effects of the MMR vaccine, concluding that although the vaccine is ass",47,opposing,0.8828,0.0013,0.1161,0.8828,correct,False,neutral,opposing,False,True,False,False,False
climate change is real,factual_true,Artificial Intelligence in Climate Change Mitigation and Ada,academic,supporting,0,Artificial Intelligence (AI) is increasingly recognized as a transformative tool in addressing the dual imperatives of climate change mitigation and adaptation.,21,supporting,0.8823,0.8823,0.1162,0.0013,correct,False,,supporting,False,False,False,False,False
5G causes COVID,factual_false,5G,encyclopedia,opposing,4,"Channel coding
[edit] 5G NR uses polar codes for control channels and low-density parity-check codes (LDPC) for data channels, replacing the turbo codes used in 4G.",26,opposing,0.8804,0.0004,0.1191,0.8804,correct,False,opposing,opposing,False,False,False,False,False
climate change is real,factual_true,Climate change feedbacks,encyclopedia,supporting,5,": 698
The Amazon rainforest is a well-known example due to its enormous size and importance, and because the damage it experiences from climate change is exacerbated by the ongoing deforestation.",31,supporting,0.8804,0.8804,0.118,0.0016,correct,False,neutral,neutral,False,False,False,False,False
bulls are enraged by the color red,factual_false,Do Bulls Get Angry When They See Red? - ScienceInsights,web,opposing,7,The bull’s two cones are sensitive to blue and green wavelengths of light.,13,opposing,0.8794,0.0005,0.1203,0.8794,correct,False,neutral,opposing,False,False,False,False,False
the earth revolves around the sun,factual_true,Is the Growth of the Astronomical Unit Caused by the Allais ,academic,supporting,7,Our assertion is that the change in the Earth’s rotation is caused by a repulsive gravitational interaction during solar eclipse.,20,supporting,0.8794,0.8794,0.1161,0.0047,correct,False,neutral,supporting,False,False,False,False,False
the average human body temperature is 98.6 degrees fahrenheit,factual_false,What a Normal Body Temperature Is - Cleveland Clinic Health ,web,opposing,6,But newer studies suggest the average person today actually runs a little cooler than that — somewhere between 97.5 F (36.4 C) and 97.9 F (36.6 C).,27,opposing,0.8789,0.0171,0.1038,0.8789,correct,False,neutral,neutral,False,False,False,False,False
climate change is caused by human activity,factual_true,Causes of climate change,encyclopedia,supporting,3,"Human-caused influences
Factors affecting Earth's climate can be broken down into forcings, feedbacks and internal variations.",16,supporting,0.8779,0.8779,0.1207,0.0013,correct,False,neutral,supporting,False,True,False,False,False
evolution is real,factual_true,Human evolution is still happening – possibly faster than ev,web,supporting,1,"Better healthcare disrupts a key driving force of evolution by keeping some people alive longer, making them more likely to pass on their genes.",24,supporting,0.8779,0.8779,0.12,0.0022,correct,False,supporting,supporting,False,False,False,False,False
MSG is dangerous to consume,factual_false,HELP! MSG consumption - Community | BabyCenter,web,opposing,5,"In fact, it would be very difficult to ingest enough MSG to cause a problem.",15,opposing,0.8774,0.0034,0.1193,0.8774,correct,False,opposing,opposing,False,False,False,False,False
the moon landing was faked,factual_false,How do we know that we went to the Moon? - Institute of Phys,web,opposing,0,"With a powerful amateur telescope you can see the Apollo landing sites and, if you look at the photos from the Lunar Reconnaissance Orbiter, you can spot the ...",29,opposing,0.8774,0.0018,0.1207,0.8774,correct,False,,,False,False,False,False,False
shaving makes hair grow back thicker,factual_false,Does shaving make hair grow back thicker and darker? | Think,web,opposing,5,A foundational study from 1928 published in Anatomical Record and reaffirmed in Journal of Investigative Dermatology decades later found no measurable difference in hair regrowth after shaving (4).,28,opposing,0.8755,0.0005,0.1238,0.8755,correct,False,opposing,neutral,True,False,False,False,False
bats are blind,factual_false,Blind Humans Can Develop the Superpower of Bats!,academic,opposing,0,"In comic books, the superheroes have fascinating powers and abilities that help them to deal with all kinds of challenges that arise in their daily lives.",26,opposing,0.8745,0.0051,0.1204,0.8745,correct,False,,opposing,False,False,False,False,False
bats are blind,factual_false,Bat,encyclopedia,opposing,0,"Bats (order Chiroptera ) are winged mammals, the only mammals capable of true and sustained flight.",16,opposing,0.8735,0.0011,0.1255,0.8735,correct,False,,opposing,False,False,False,False,False
bats are blind,factual_false,Gait mechanics of a blind echolocating rodent: Implications ,academic,opposing,8,Kinematics of the Vietnamese pygmy dormouse changed little in response substrate size and were primarily driven by speed.,18,opposing,0.8735,0.0008,0.1259,0.8735,correct,False,opposing,opposing,False,False,False,False,False
climate change is real,factual_true,Climate change feedbacks,encyclopedia,supporting,0,"However, it is in fact a positive feedback in polar regions where it strongly contributed to polar amplified warming, one of the biggest consequences of climate change.",27,supporting,0.8735,0.8735,0.125,0.0012,correct,False,,neutral,False,False,False,False,False
cracking your knuckles causes arthritis,factual_false,Does Cracking Your Knuckles Actually Cause Arthritis?,web,opposing,0,Multiple studies spanning decades have failed to find any link between habitual knuckle cracking and the development of osteoarthritis in the hands.,22,opposing,0.8735,0.0059,0.1205,0.8735,correct,False,,neutral,False,False,True,False,False
lemmings commit mass suicide,factual_false,Lemming,encyclopedia,opposing,5,Lemmings have become the subject of a widely popular misconception that they are driven to commit mass suicide when they migrate by jumping off cliffs or drowning in bodies of water.,31,opposing,0.873,0.0052,0.1218,0.873,correct,False,neutral,neutral,False,False,False,True,False
bats are blind,factual_false,Are Bats Blind? The Truth About Bat Vision and Sensory Trade,web,opposing,15,"""Sensory trade-offs are more complex than previously considered, and bats still make fascinating subjects to understand the evolution of the mammalian sensome""
Conclusion: Are Bats Blind?",26,opposing,0.8726,0.0022,0.1255,0.8726,correct,False,opposing,,False,True,False,False,False
5G towers cause cancer,factual_false,Does 5G Mobile Network Cause Cancer? Myths and Facts - OncoD,web,opposing,3,"The NCI states that “no consistent evidence” has been found to support a link between RF-EMF exposure and cancer, emphasizing that the existing research does not show a cause-and-effect relationship (",34,opposing,0.8721,0.0012,0.1268,0.8721,correct,False,opposing,neutral,True,True,False,False,False
evolution is real,factual_true,Human evolution is still happening – possibly faster than ev,web,supporting,11,"One study of family genetic changes in the US during the 20th century found selection for reduced blood pressure and cholesterol levels, both of which can be lethally raised by modern diets.",32,supporting,0.8716,0.8716,0.1226,0.006,correct,False,neutral,supporting,False,False,False,False,False
lightning never strikes the same place twice,factual_false,Can Lightning Strike the Same Place Twice? | Britannica,web,opposing,14,Skyscrapers are more susceptible to strikes since they significantly reduce the distance the stepped leader needs to travel.,18,opposing,0.8716,0.0006,0.1279,0.8716,correct,False,opposing,neutral,False,False,False,False,True
5G towers cause cancer,factual_false,5G,encyclopedia,opposing,6,Claims that the use of 5G mobile networks can cause cancer are unsupported by scientific evidence.,16,opposing,0.8711,0.0081,0.1207,0.8711,correct,False,neutral,neutral,False,False,False,True,False
sugar makes children hyperactive,factual_false,"No, sugar doesn’t make your kids hyperactive - The Conversat",web,opposing,1,But today’s scientific evidence does not support the claim sugar makes kids hyperactive.,13,opposing,0.8706,0.039,0.0905,0.8706,correct,False,neutral,neutral,True,False,False,False,False
cracking your knuckles causes arthritis,factual_false,Does cracking knuckles cause arthritis? - Harvard HealthDoes,web,opposing,5,"Even if knuckle cracking doesn't cause arthritis, there's still good reason to let go of the habit.",17,opposing,0.8696,0.0056,0.1249,0.8696,correct,False,neutral,neutral,True,True,False,False,False
the great wall of china is visible from space,factual_false,great wall of china not visible from space,web,opposing,5,but the point remains that it is not visible from space.,11,opposing,0.8696,0.0004,0.13,0.8696,correct,False,neutral,neutral,True,False,False,False,False
5G towers cause cancer,factual_false,5G misinformation,encyclopedia,opposing,6,Viruses are submicroscopic physical objects and cannot be a form of radiation.,12,opposing,0.8691,0.0039,0.127,0.8691,correct,False,opposing,neutral,True,False,False,False,False
the average human body temperature is 98.6 degrees fahrenheit,factual_false,"Normal body temperature is personal, Stanford Medicine resea",web,opposing,0,"Most of us can recite 98.6 degrees Fahrenheit as the normal human body temperature, but it turns out there is no such thing.",23,opposing,0.8691,0.0447,0.0859,0.8691,correct,False,,neutral,True,False,False,False,False
evolution is real,factual_true,Human evolution is still happening – possibly faster than ev,web,supporting,3,Evolution is a gradual change to the DNA of a species over many generations.,14,supporting,0.8687,0.8687,0.1295,0.0017,correct,False,supporting,supporting,False,False,False,False,False
the sun is a star,factual_true,Is ‘The Sun Is Also A Star’ Based On A True Story? The Love ,web,supporting,3,"The Sun Is Also A Star, which premieres on May 17, is very honest and authentic in its portrayal not only of a teen love story, but also of an immigrant narrative, as it follows Natasha Kingston (Yara",56,supporting,0.8687,0.8687,0.042,0.0894,correct,False,neutral,supporting,True,False,False,False,False
5G causes COVID,factual_false,5G,encyclopedia,opposing,16,"- ^ ""FDA warns Mercola: Stop selling fake COVID remedies and cures"".",12,opposing,0.8667,0.0015,0.1318,0.8667,correct,False,opposing,,False,True,False,False,False
drinking bleach cures diseases,factual_false,Conspiracy Theorists Say a Dangerous Bleach Solution Can,web,opposing,4,"Proponents, including QAnon supporters, falsely claim it works because it contains compounds that are supposedly deadly to pathogens, but harmless to healthy tissue.",23,opposing,0.8667,0.0008,0.1324,0.8667,correct,False,opposing,neutral,False,False,False,False,False
drinking bleach cures diseases,factual_false,Conspiracy Theorists Say a Dangerous Bleach Solution Can,web,opposing,12,"Proponents, including QAnon supporters, falsely claim it works because it contains compounds that are supposedly deadly to pathogens, but harmless to healthy tissue.",23,opposing,0.8667,0.0008,0.1324,0.8667,correct,False,opposing,neutral,False,False,False,False,False
lightning never strikes the same place twice,factual_false,Can Lightning Strike the Same Place Twice? | Britannica,web,opposing,1,"It can even be used when something good happens, such as winning the lottery, but the underlying truth remains.",19,opposing,0.8667,0.0011,0.1323,0.8667,correct,False,supporting,neutral,False,False,False,False,True
climate change is real,factual_true,Here are 10 myths about climate change | WWF,web,supporting,15,"Climate change is a future problem
There is no longer an excuse for inaction on climate change as it pushes the burden of addressing the climate crisis onto future generations.",30,supporting,0.8662,0.8662,0.1122,0.0213,correct,False,supporting,supporting,True,False,False,False,False
lemmings commit mass suicide,factual_false,Do Lemmings Really Commit Mass Suicide? - Strange Writer,web,opposing,12,They depend on are essential for maintaining the fitness of the complete Arctic ecosystem.,14,opposing,0.8662,0.0024,0.1315,0.8662,correct,False,neutral,opposing,False,False,False,False,False
the earth revolves around the sun,factual_true,Earth's orbit,encyclopedia,supporting,1,"From a vantage point above the north pole of either the Sun or Earth, Earth would appear to revolve in a counterclockwise direction around the Sun.",26,supporting,0.8662,0.8662,0.1226,0.0109,correct,False,supporting,neutral,False,False,False,False,False
bats are blind,factual_false,Why are bats blind? | Science Questions with Surprising Answ,web,opposing,11,"This phrase perhaps originated from the fact that bats have rapid, erratic flight patterns that look like a blind person bumbling about.",22,opposing,0.8643,0.0061,0.1296,0.8643,correct,False,neutral,,False,False,False,False,False
lemmings commit mass suicide,factual_false,mass suicide – Jineral Knowledge,web,opposing,13,"The result is a massive herd of hungry, stupid lemmings frantically running around all over the place.",17,opposing,0.8643,0.0014,0.1345,0.8643,correct,False,opposing,opposing,False,False,False,False,False
bats are blind,factual_false,Bat,encyclopedia,opposing,1,"Bats are more agile in flight than most birds, flying with their long spread-out digits covered with a thin membrane or patagium.",22,opposing,0.8638,0.0015,0.1345,0.8638,correct,False,opposing,neutral,False,False,False,False,False
the Great Wall of China is the only man-made structure visible from space,factual_false,Can you see the Great Wall of China from space?,web,opposing,8,"This was famously mistranslated into English as ""canals"", leading some English speakers to believe that the Martian structures had been built by an intelligent native populace.",26,opposing,0.8638,0.0005,0.136,0.8638,correct,False,neutral,opposing,False,True,False,False,False
the Great Wall of China is the only man-made structure visible from space,factual_false,Artificial structures visible from space,encyclopedia,opposing,7,This area produces much of the fruit and vegetables that are sold in the rest of Spain and Europe.,19,opposing,0.8633,0.0004,0.1361,0.8633,correct,False,opposing,opposing,False,False,False,False,False
5G causes COVID,factual_false,5G misinformation,encyclopedia,opposing,13,Factors influencing the public's location preferences for mobile phone base stations.,11,opposing,0.8628,0.001,0.1361,0.8628,correct,False,opposing,neutral,False,True,False,False,False
5G towers cause cancer,factual_false,Cell site,encyclopedia,opposing,14,"Such devices are designed to cause mobile phones to switch over to the tower, as it is the strongest signal within reach.",22,opposing,0.8628,0.0004,0.1368,0.8628,correct,False,opposing,,False,False,False,False,False
the sun is a star,factual_true,The Sun and the Star,encyclopedia,supporting,0,"Beckles
Cover artist Khadijah Khatib
Series The Nico di Angelo Adventures
Publisher More publishers:
Publication date May 2, 2023 (English) More dates:
Media type Hardcover, Paperback, Audiobook, Eboo",96,supporting,0.8628,0.8628,0.0567,0.0807,correct,False,,neutral,False,True,False,False,False
bulls are enraged by the color red,factual_false,Do Bulls Get Angry When They See Red? - ScienceInsights,web,opposing,8,"Consequently, the color red appears to a bull as a shade of gray or perhaps a dark, muted yellow, proving the idea that a bull is enraged by a color it cannot distinctly see is scientifically inaccura",37,opposing,0.8613,0.0245,0.114,0.8613,correct,False,opposing,neutral,True,False,False,True,False
drinking bleach cures diseases,factual_false,Tooth whitening,encyclopedia,opposing,2,"It is recommended to avoid smoking, drinking red wine, eating or drinking any deeply coloured foods after this as the teeth may stain considerably straight after treatment.",27,opposing,0.8608,0.0005,0.1388,0.8608,correct,False,opposing,neutral,False,False,False,False,False
cracking your knuckles causes arthritis,factual_false,Does cracking knuckles cause arthritis? | HCA Florida,web,opposing,0,Knuckle cracking is a common habit many people find satisfying.,10,opposing,0.8594,0.0004,0.14,0.8594,correct,False,,neutral,False,False,False,False,False
goldfish have a 3 second memory,factual_false,MythBuster: Goldfish Have a 3-Second Memory — STEAM Ahead,web,opposing,3,"Goldfish are capable of remembering information for days, weeks, and even months.",12,opposing,0.8594,0.0005,0.1403,0.8594,correct,False,neutral,neutral,False,False,False,False,False
evolution is real,factual_true,Human evolution is still happening – possibly faster than ev,web,supporting,14,"A random section of human DNA is on average more than 98% identical to the chimp comparator, but HAR1 is so fast evolving that it’s only around 85% similar.",29,supporting,0.8589,0.8589,0.1378,0.0034,correct,False,neutral,supporting,False,False,False,False,False
goldfish have a 3 second memory,factual_false,Do goldfish really have a 3-second memory? | Live Science,web,opposing,15,"After all, your goldfish might remember certain experiences for years to come.",12,opposing,0.8589,0.0004,0.1405,0.8589,correct,False,neutral,neutral,False,False,False,False,False
goldfish have a 3 second memory,factual_false,Do Goldfish Have a Three Second Memory? - The Fact Site,web,opposing,1,This idea was challenged by a study that found that goldfish remember to avoid an area of their tank connected with tiny electronic shocks for at least 24 hours.,29,opposing,0.8589,0.0015,0.1395,0.8589,correct,False,neutral,neutral,False,False,False,False,False
climate change is real,factual_true,How climate change intensified storm Boris’ extreme rainfall,academic,supporting,7,Rapid and relatable climate change information for the attribution and projection of extreme events such as the devastating rainfall in Europe in September 2024 can be provided with an automated story,37,supporting,0.8584,0.8584,0.1404,0.0013,correct,False,supporting,,False,False,False,False,False
the sun is a star,factual_true,Ask a Solar Physicist,web,supporting,14,"Newton then determined the formula
that describes how gravity works and showed that this explains the
orbits and motion of the planets around the Sun and of moons around
planets, and therefore also Ke",39,supporting,0.8574,0.8574,0.1346,0.0079,correct,False,opposing,supporting,False,True,False,False,False
5G causes COVID,factual_false,5G and coronavirus: Debunking the fake news stories - BBC,web,opposing,12,"There are also a number of areas in the UK without 5G coverage that have cases of coronavirus, so this theory just doesn’t add up.",25,opposing,0.8569,0.0022,0.1406,0.8569,correct,False,opposing,neutral,False,False,False,False,False
the earth revolves around the sun,factual_true,"Science News: Earth is not revolving around Sun, the world i",web,supporting,8,"Barycenter Concept Earth and other planets revolve around a shared center of mass, the barycenter, which is not exactly at the Sun’s center due to gravitational interactions.",27,supporting,0.8564,0.8564,0.0619,0.0814,correct,False,neutral,supporting,True,False,False,False,False
lightning never strikes the same place twice,factual_false,Lightning never strikes the same place twice: myth or realit,web,opposing,13,"Early streamer emission (ESE) lightning rods, such as the Paraton@irfrom LPS LPS France allow for:
- toanticipate the onset of lightning,
- to channel safely
- and to withstand multiple impacts withou",33,opposing,0.856,0.0009,0.1432,0.856,correct,False,opposing,neutral,False,False,False,False,True
5G causes COVID,factual_false,"5G Doesn’t Cause COVID-19, But the Rumor That It Does Spread",web,opposing,4,"The team examined the spread of COVID-19 misinformation across eight English-speaking countries, including the United States, using Google Trends.",19,opposing,0.8555,0.0017,0.1428,0.8555,correct,False,opposing,opposing,False,False,False,False,False
5G causes COVID,factual_false,The conspiracy linking 5G to coronavirus just will not die,web,opposing,8,"“The theory that 5G might compromise the immune system and thus enable people to get sick from corona is based on nothing,” Eric van Rongen, chairman of ICNIRP, wrote in an email to CNN.",34,opposing,0.8555,0.0023,0.1421,0.8555,correct,False,opposing,opposing,False,True,False,True,False
climate change is real,factual_true,Real-world time-travel experiment shows ecosystem collapse d,academic,supporting,2,"Such rates, which may become a persistent feature in the future due to anthropogenic climate change, drove rising water levels of similar magnitude in Louisiana’s coastal wetlands.",27,supporting,0.8555,0.8555,0.1423,0.002,correct,False,neutral,neutral,False,False,False,False,False
goldfish have a 3 second memory,factual_false,Do Goldfish Really Have a 3 Second Memory?,web,opposing,16,"Conclusion
In conclusion, the myth of the 3-second goldfish memory is debunked, revealing a complex and fascinating cognitive world within these aquatic companions.",23,opposing,0.8555,0.0256,0.1191,0.8555,correct,False,neutral,neutral,False,False,True,False,False
you lose most body heat through your head,factual_false,Do You Lose Half of Your Body Heat from Your Head? | MeatEat,web,opposing,8,"Scientists found that the head accounts for about 7% heat loss, which is proportional to the amount of skin that’s showing.",21,opposing,0.8555,0.0043,0.1404,0.8555,correct,False,neutral,opposing,False,False,False,False,False
climate change is caused by human activity,factual_true,Climate variability and change,encyclopedia,supporting,8,"(p1) ... there is a strong, credible body of evidence, based on multiple lines of research, documenting that climate is changing and that these changes are in large part caused by human activities.",33,supporting,0.8545,0.8545,0.1428,0.003,correct,False,neutral,neutral,False,False,False,False,False
5G causes COVID,factual_false,The conspiracy linking 5G to coronavirus just will not die,web,opposing,12,"“We will continue to take action on accounts that violate our rules, including content in relation to unverifiable claims which incite social unrest, widespread panic or large-scale disorder,” a spoke",34,opposing,0.8511,0.0007,0.1481,0.8511,correct,False,neutral,opposing,False,True,False,False,False
climate change is real,factual_true,Artificial Intelligence in Climate Change Mitigation and Ada,academic,supporting,7,"By critically appraising both the potential and limitations of AI, this review contributes to the research on how intelligent systems can be leveraged to support sustainable, inclusive, and scientific",32,supporting,0.8501,0.8501,0.1487,0.0013,correct,False,supporting,,False,False,False,False,False
5G causes COVID,factual_false,5G and coronavirus: Debunking the fake news stories - BBC,web,opposing,9,"They claim:
- 5G weakens the immune system, making us more vulnerable to catching the virus
- The virus can be transmitted through 5G networks
With the first theory, we’ve already seen how scientists ",53,opposing,0.8496,0.0006,0.1498,0.8496,correct,False,opposing,opposing,True,False,False,False,False
lightning never strikes the same place twice,factual_false,Lightning never strikes the same place twice: myth or realit,web,opposing,3,"If a point offers these conditions — such as a metal tower, a telecommunications tower or a lightning rod — it becomes a natural target.",25,opposing,0.8496,0.0008,0.1494,0.8496,correct,False,neutral,opposing,False,False,False,False,True
evolution is real,factual_true,Human evolution is still happening – possibly faster than ev,web,supporting,6,Our DNA shows evidence for recent selection for resistance of killer diseases like Lassa fever and malaria.,17,supporting,0.8486,0.8486,0.1477,0.0038,correct,False,supporting,supporting,False,False,False,False,False
the earth is flat,factual_false,Flat earth | Science | Research Starters | EBSCO Research,web,opposing,6,"However, Europeans reverted to the idea of a flat Earth during the Dark Ages, largely due to the spread of Christianity.",21,opposing,0.8486,0.0082,0.1431,0.8486,correct,False,opposing,opposing,False,False,False,False,False
vaccines cause autism,factual_false,"Experts: CDC Website Shift on Vaccines, Autism Sparks Confus",web,opposing,6,"The fact that there is no clear cause of autism leaves people looking for something to blame, Shields said.",19,opposing,0.8481,0.0005,0.1515,0.8481,correct,False,neutral,neutral,True,False,False,False,False
evolution is real,factual_true,Human evolution is still happening – possibly faster than ev,web,supporting,8,Evidence from Inuit DNA shows a recent adaptation that allows them to thrive on their fat-rich diet of Arctic mammals.,20,supporting,0.8477,0.8477,0.1486,0.0035,correct,False,supporting,supporting,False,False,False,False,False
smoking causes lung cancer,factual_true,Smoking and Cancer | Overviews of Diseases/Conditions | Tips,web,supporting,3,"One reason may be changes in how cigarettes are made and what chemicals they contain.5
Treatments are getting better, but lung cancer still kills more men and women than any other type of cancer.",34,supporting,0.8477,0.8477,0.1461,0.0063,correct,False,supporting,supporting,False,False,False,False,False
lemmings commit mass suicide,factual_false,Lemmings Don't Commit Mass Suicide,web,opposing,5,"However, lemmings can literally go from massively overpopulated in a certain area to near extinction within a couple year period and then back to massively overpopulated very quickly.",28,opposing,0.8472,0.0006,0.1522,0.8472,correct,False,opposing,neutral,False,False,False,False,False
goldfish have a three second memory,factual_false,Do Goldfish Have a Good Memory? Debunking the 3-Second Myth,web,opposing,10,"But once we look at the evidence, it becomes clear: goldfish are far from mindless swimmers with three-second memories.",19,opposing,0.8467,0.0432,0.1104,0.8467,correct,False,neutral,neutral,False,False,False,False,False
climate change is real,factual_true,Is climate change real? Here are 7 solid facts. | Environmen,web,supporting,14,"In peer-reviewed climate studies by Exxon Mobil from 1977 to 2014, 83 percent acknowledged the reality of climate change, and that it is caused by humans.",26,supporting,0.8452,0.8452,0.1528,0.0019,correct,False,neutral,neutral,False,False,False,False,False
5G towers cause cancer,factual_false,I heard that the new 5G technology can cause cancer. Is this,web,opposing,11,There is inconsistent evidence to suggest that very heavy users of mobile phones may have a slightly increased risk of cancer.,21,opposing,0.8447,0.0006,0.1547,0.8447,correct,False,opposing,,False,False,False,False,False
5G causes COVID,factual_false,Spreading Like a Virus: False Rumor That 5G Causes COVID-19,web,opposing,3,"Why 5G Myths Persist
Even though 5G technology isn’t entirely new, there are a few reasons why people might have believed it causes COVID-19.",24,opposing,0.8442,0.008,0.1478,0.8442,correct,False,opposing,neutral,False,False,False,False,False
lemmings commit mass suicide,factual_false,mass suicide – Jineral Knowledge,web,opposing,12,"To find more food, the lemmings begin a migration, but the combination of hunger and being in heat causes them to act irrationally and wild.",25,opposing,0.8438,0.0003,0.1559,0.8438,correct,False,neutral,opposing,False,False,False,False,False
climate change is real,factual_true,Real-world time-travel experiment shows ecosystem collapse d,academic,supporting,6,"Under the current climate trajectory (SSP2-4.5), drowning of ~75% of Louisiana’s coastal wetlands is a plausible outcome by 2070.",19,supporting,0.8433,0.8433,0.1555,0.0014,correct,False,neutral,supporting,False,False,False,False,False
the earth is flat,factual_false,Mapping Tidal Flats of the Bohai and Yellow Seas Using Time ,academic,opposing,6,"The resultant tidal flat map at 10 m resolution, currently one of the most updated products around the Bohai and Yellow Seas, could facilitate the process of sustainable policy making related to tidal",50,opposing,0.8428,0.0041,0.1531,0.8428,correct,False,neutral,,False,False,False,False,False
you lose most body heat through your head,factual_false,WVU professor explains how much heat is actually lost throug,web,opposing,0,"Jan 9, 2025 · “So, there's about 9% of your body surface area – your skin surface area – on your head, so you lose about 9% of your heat through that.” 12 ...",34,opposing,0.8428,0.0407,0.1167,0.8428,correct,False,,,False,True,False,False,False
cracking your knuckles causes arthritis,factual_false,Does cracking knuckles cause arthritis? | HCA Florida,web,opposing,5,Some people think it relieves tension in the joints or increases mobility.,12,opposing,0.8408,0.0007,0.1587,0.8408,correct,False,neutral,neutral,False,False,False,False,False
humans only use 10 percent of their brain,factual_false,Beyond the Myth That We Use Only 10 Percent of Our Brains | ,web,opposing,4,One of the most enduring myths in pop psychology is that humans use only 10 percent of their brains.,19,opposing,0.8403,0.0267,0.1332,0.8403,correct,False,neutral,neutral,False,False,False,False,False
octopuses have three hearts,factual_true,Three hearts have an octopus,web,supporting,0,Three hearts have an octopus ... Do u know how many hearts octopus has ?,15,supporting,0.8403,0.8403,0.1543,0.0055,correct,False,,supporting,False,False,False,False,False
antibiotics do not work against viruses,factual_true,Why Don’t Antibiotics Work on Viruses | Dragonfly Medical an,web,supporting,0,"READ ABOUT OUR LATEST COVID-19 INFORMATION
Read MorePeople often wonder: “Why don’t antibiotics work on viruses?” It’s a common question, especially when symptoms like a runny nose, sore throat, sinus",44,supporting,0.8398,0.8398,0.145,0.0153,correct,False,,neutral,False,True,False,False,True
christopher columbus discovered america,factual_false,"Race, Religion and the Medieval Norse Discovery of America",academic,opposing,4,"Later that century, the Norse discovery was framed in religious terms as some white Americans attempted to replace the figure of Christopher Columbus with that of Leifur Eiriksson as the true discover",34,opposing,0.8389,0.0659,0.0955,0.8389,correct,False,neutral,neutral,False,False,False,False,False
drinking bleach cures diseases,factual_false,Tooth whitening,encyclopedia,opposing,14,"- ^ a b ""Public Attitudes to Tooth Whitening Regulations (Presentation)"" (PDF).",12,opposing,0.8389,0.0005,0.1605,0.8389,correct,False,neutral,neutral,False,True,False,False,False
the sun is a star,factual_true,Sun Facts for Kids - Interesting Facts about the Sun,web,supporting,2,"A planet’s orbit is determined by its distance from the Sun, from rocky Earth and Mars to gas giants Jupiter and Saturn.",22,supporting,0.8389,0.8389,0.1523,0.0087,correct,False,neutral,neutral,False,False,False,False,False
the Amazon rainforest produces about 20% of the world's oxygen,factual_false,"No, the Amazon Rainforest Doesn’t Produce 20% of Our Oxygen,",web,opposing,10,"The New Yorker
- 17.No, the Amazon Rainforest Doesn’t Produce 20% of Our Oxygen, Here’s Why
- 18.Amazon fire ban – BBC News
- 19.Amazon fires: burning continues despite ban
- 20.Amazon rainforest fire",70,opposing,0.8384,0.0868,0.0746,0.8384,correct,False,opposing,,False,False,False,False,False
the average human body temperature is 98.6 degrees fahrenheit,factual_false,What's Really the Average Human Body Temperature?,web,opposing,9,"In addition, 98.6 degrees was simply the number that stuck in the public consciousness when, in reality, Wunderlich reported a range of temperatures.",23,opposing,0.8384,0.0017,0.1598,0.8384,correct,False,neutral,neutral,False,False,False,False,False
the average human body temperature is 98.6 degrees fahrenheit,factual_false,The Average Human Body Temperature Is Not 98.6 Degrees,web,opposing,0,"Over the past few decades, evidence has been mounting that the average human body temperature is not really 98.6 degrees Fahrenheit.",21,opposing,0.8384,0.0192,0.1422,0.8384,correct,False,,,True,False,False,False,False
5G causes COVID,factual_false,5G misinformation,encyclopedia,opposing,11,Facebook has removed several posts with false claims of associations between 5G and COVID-19.,14,opposing,0.8379,0.0015,0.1605,0.8379,correct,False,neutral,opposing,False,False,True,False,False
climate change is real,factual_true,Climate Change - NASA Science,web,supporting,11,"Climate Data Resources
Sea Level Change Observations from Space
Established in 2014, this NASA-sponsored team works to improve the understanding of regional relative sea-level change on a range of tim",30,supporting,0.8364,0.8364,0.1625,0.0009,correct,False,neutral,neutral,False,False,False,False,False
climate change is real,factual_true,Climate change denial,encyclopedia,supporting,12,"In 2011, he stated that ""following an intensive research effort involving a dozen scientists, I concluded that global warming was real and that the prior estimates of the rate of warming were correct.",33,supporting,0.8354,0.8354,0.1621,0.0025,correct,False,supporting,neutral,False,True,False,False,False
the moon landing was faked,factual_false,The moon landing was fake,web,opposing,4,"In 2012, images were released showing five of the six Apollo missions' American flags erected on the Moon still standing.",20,opposing,0.8345,0.0027,0.163,0.8345,correct,False,opposing,neutral,False,True,False,False,False
goldfish have a three second memory,factual_false,Do goldfish really have a 3-second memory? - Live Science,web,opposing,2,"In reality, goldfish (Carassius auratus) have much longer memories — spanning weeks, months and even years, Brown said.",18,opposing,0.833,0.0005,0.1664,0.833,correct,False,neutral,neutral,False,False,False,False,False
the earth is flat,factual_false,The earth is flat,web,opposing,10,It is a historical myth that medieval Europeans generally thought the Earth was flat.,14,opposing,0.8325,0.0046,0.1628,0.8325,correct,False,opposing,opposing,False,False,False,True,False
5G towers cause cancer,factual_false,I heard that the new 5G technology can cause cancer. Is this,web,opposing,6,More information on base stations and health can be found on the Australian Radiation Protection and Nuclear Safety Authority website.,20,opposing,0.8315,0.0005,0.1678,0.8315,correct,False,neutral,opposing,False,False,False,False,False
dogs can only see in black and white,factual_false,Can Dogs See Color? Here's What Veterinarians Say - Chewy,web,opposing,14,"“The tapetum, or tapetum lucidum, is a reflective structure found in many animal species that is located beneath the retina within the eye,” Dr. Fischer explains.",26,opposing,0.8315,0.0006,0.168,0.8315,correct,False,opposing,opposing,False,True,False,False,False
the great wall of china is visible from space,factual_false,Is China's Great Wall Visible from Space? | Scientific Ameri,web,opposing,7,"Hoffman, now an aerospace engineering professor at the Massachusetts Institute of Technology, failed to make out the Egyptian pyramids for the same reason.",23,opposing,0.8315,0.0014,0.1671,0.8315,correct,False,neutral,neutral,False,False,True,False,False
vaccines cause autism,factual_false,Do vaccines cause autism? | Autism Speaks,web,opposing,13,"- There was also no evidence linking vaccines to conditions like diabetes, intussusception or stillbirth.",15,opposing,0.8315,0.0008,0.1677,0.8315,correct,False,neutral,,True,False,True,False,False
goldfish have a 3 second memory,factual_false,MythBuster: Goldfish Have a 3-Second Memory — STEAM Ahead,web,opposing,15,"Bottom Line
The myth that goldfish have a three-second memory is just that, a myth.",15,opposing,0.8311,0.0504,0.1184,0.8311,correct,False,neutral,opposing,False,False,False,True,False
5G causes COVID,factual_false,Comparative Analysis of Max-Throughput and Proportional Fair,academic,opposing,3,This research uses two packet schedulers comparing the Proportional Fair algorithm and the Max-Throughput algorithm using test scenarios for changes in the number of users and user speed.,28,opposing,0.8296,0.0016,0.1688,0.8296,correct,False,opposing,opposing,False,False,False,False,False
5G causes COVID,factual_false,Does 5g cause covid19 - factually.co,web,opposing,0,"Treat claims that 5G causes COVID‑19 as a debunked conspiracy supported by social‑media circulation rather than by laboratory science; focus on established public‑health measures (testing, vaccination",39,opposing,0.8296,0.0168,0.1536,0.8296,correct,False,,,False,False,True,True,False
5G towers cause cancer,factual_false,"Microwave radiofrequencies, 5G, 6G, graphene nanomaterials: ",academic,opposing,4,"The rest of the documentation comes from official sources: political (e.g., European Union and World Health Organization), military (e.g., US Air Force and NATO), patents, and national newspapers.",28,opposing,0.8286,0.0009,0.1707,0.8286,correct,False,neutral,opposing,False,False,False,False,False
goldfish have a three second memory,factual_false,Do Goldfish Have a Good Memory? Debunking the 3-Second Myth,web,opposing,6,"- Extended Memory: Studies reveal that goldfish can remember things for weeks, months, and possibly even years.",17,opposing,0.8286,0.0006,0.171,0.8286,correct,False,opposing,opposing,False,False,False,False,False
5G towers cause cancer,factual_false,Cell site,encyclopedia,opposing,13,"Marshals utilizes spy devices, known as ""dirtboxes"", to mimic powerful cell tower signals.",13,opposing,0.8276,0.0008,0.1716,0.8276,correct,False,neutral,opposing,False,True,False,False,False
the sun is a star,factual_true,Sun: Facts - NASA Science,web,supporting,7,Scientists predict the Sun is a little less than halfway through its lifetime and will last another 5 billion years or so before it becomes a white dwarf.,28,supporting,0.8271,0.8271,0.1514,0.0214,correct,False,supporting,neutral,False,False,False,False,False
5G causes COVID,factual_false,"5G Doesn’t Cause COVID-19, But the Rumor That It Does Spread",web,opposing,3,"Nsoesie, along with Nina Cesare, a postdoctoral associate in the Biostatistics & Epidemiology Data Analytics Center, and other scientists from Harvard Medical School and École Polytechnique Fédérale r",38,opposing,0.8252,0.0013,0.1733,0.8252,correct,False,opposing,opposing,False,False,False,False,False
climate change is real,factual_true,Climate change is real. It's happening. And it's time to mak,web,supporting,0,We found the psychological impetus people need to take action on climate change — realizing it will affect them and their way of life personally.,25,supporting,0.8252,0.8252,0.1726,0.0024,correct,False,,supporting,False,False,False,False,False
the Great Wall of China is the only man-made structure visible from space,factual_false,Can you see the Great Wall of China from space?,web,opposing,0,One space-based myth that we all have heard is the idea the Great Wall of China is the only human-made structure that can be seen from space.,27,opposing,0.8252,0.0104,0.1643,0.8252,correct,False,,neutral,False,False,False,True,False
climate change is real,factual_true,Psychology of climate change denial,encyclopedia,supporting,4,"""It seems as if people stop paying attention to global climate change when they realise that there are no easy solutions for it.",23,supporting,0.8247,0.8247,0.1729,0.0022,correct,False,neutral,neutral,True,True,False,False,False
MSG is dangerous to consume,factual_false,"MSG is safe in small amounts, or so you think - NaturalNews.",web,opposing,2,"So if you consume MSG in small amounts, you are safe, right?",12,opposing,0.8242,0.0041,0.1718,0.8242,correct,False,neutral,neutral,False,False,False,False,False
5G causes COVID,factual_false,5G,encyclopedia,opposing,3,"Standardization and early trials (2013–2018)
[edit] In 2013, the ITU-R Working Party 5D began studies on IMT-2020, later formalized as the 5G standard.",23,opposing,0.8237,0.0006,0.1759,0.8237,correct,False,opposing,opposing,False,False,False,False,False
bats are blind,factual_false,"Il volo cieco dei pipistrelli. 1793, Lazzaro Spallanzani e l",academic,opposing,1,"He wanted to discover how the bats can fly in total darkness, avoiding obstacles.",14,opposing,0.8237,0.0079,0.1683,0.8237,correct,False,supporting,neutral,False,False,False,False,False
climate change is real,factual_true,Is climate change real? Here are 7 solid facts. | Environmen,web,supporting,8,"Climate change reports from major climate science institutions around the world are entirely based on thoroughly peer-reviewed scientific research, are further reviewed by external experts at various ",47,supporting,0.8228,0.8228,0.176,0.0012,correct,False,neutral,neutral,False,False,False,False,False
bulls are enraged by the color red,factual_false,"Do Bulls Hate The Color Red? No, Mastery!",web,opposing,18,Bulls are colorblind to red and actually become agitated by the movement of the matador’s cape.,16,opposing,0.8223,0.0741,0.1035,0.8223,correct,False,opposing,neutral,False,False,False,False,False
climate change is real,factual_true,Trustworthy answers: Is global warming real? | fsc.org,web,supporting,9,"Multiple studies, including findings from the IPCC, show that over 99 per cent of peer-reviewed climate scientists agree there is scientific proof of human-caused global warming.",26,supporting,0.8223,0.8223,0.1761,0.0015,correct,False,supporting,supporting,False,False,False,False,False
water boils at 100 degrees celsius,factual_true,What Temperature Does Water Boil At? - BRITA,web,supporting,6,"When water is heated above its boiling point of 100°C, it transitions from a liquid into a gas, creating steam or water vapour
Can you boil sparkling water?",28,supporting,0.8223,0.8223,0.1625,0.0151,correct,False,neutral,neutral,False,False,False,False,False
climate change is real,factual_true,Climate change: evidence and causes | Royal Society,web,supporting,0,"Scientists have determined that, when all human and natural factors are considered, Earth’s climate balance has been altered towards warming, with the biggest contributor being increases in CO2.",28,supporting,0.8218,0.8218,0.177,0.0011,correct,False,,supporting,False,False,False,False,False
the Amazon rainforest produces about 20% of the world's oxygen,factual_false,"No, the Amazon rainforest doesn't produce 20% of the",web,opposing,0,"... Science No, The Amazon Rainforest Doesn ’ t Produce 20% ... No, The Amazon Rainforest Doesn ’ t Produce 20% of the World ’ s Oxygen",27,opposing,0.8208,0.066,0.1131,0.8208,correct,False,,,False,False,False,False,False
5G towers cause cancer,factual_false,Assessing the impact of radiofrequency radiation from cellul,academic,opposing,1,"This review explores the implications of RF radiation emitted by these towers, which is classified as non-ionizing and typically associated with thermal effects, albeit at levels considered safe by ma",48,opposing,0.8198,0.0006,0.1794,0.8198,correct,False,neutral,neutral,False,False,False,False,False
climate change is real,factual_true,Climate change in Israel,web,supporting,0,"Israel, like many other countries in the Middle East and North Africa, experiences adverse effects from climate change.",18,supporting,0.8198,0.8198,0.179,0.0014,correct,False,,supporting,False,False,False,False,False
goldfish have a three second memory,factual_false,Goodbye Mr. Fish,encyclopedia,opposing,5,They have a hard time explaining to Rudy what has happened.,11,opposing,0.8198,0.002,0.178,0.8198,correct,False,neutral,neutral,False,False,False,False,False
dogs can only see in black and white,factual_false,Canine terminology,encyclopedia,opposing,15,"This pattern is sometimes called Irish Spotting, Flashy, or Boston.",10,opposing,0.8193,0.0007,0.1798,0.8193,correct,False,neutral,opposing,False,False,False,False,False
honey never expires,factual_true,Does Honey Ever Go Bad or Expire? - HelloFresh,web,supporting,0,"When we think of foods that don’t expire, the most famous example that comes to mind is honey.",18,supporting,0.8179,0.8179,0.1798,0.0024,correct,False,,neutral,False,False,False,False,True
lemmings commit mass suicide,factual_false,It’s widely believed that lemmings commit mass suicide by,web,opposing,1,"In fact, this is a myth brought about by the nature of lemmings’ mass migration and popularized by a Disney movie from the 50s.",24,opposing,0.8169,0.0048,0.1782,0.8169,correct,False,neutral,neutral,False,False,False,False,False
lemmings commit mass suicide,factual_false,It’s widely believed that lemmings commit mass suicide by,web,opposing,3,"In fact, this is a myth brought about by the nature of lemmings’ mass migration and popularized by a Disney movie from the 50s.",24,opposing,0.8169,0.0048,0.1782,0.8169,correct,False,neutral,,False,False,False,False,False
shaving makes hair grow back thicker,factual_false,Hair removal,encyclopedia,opposing,8,A 2021 systematic review brought together evidence on different techniques for hair removal before surgery.,15,opposing,0.8169,0.0006,0.1823,0.8169,correct,False,neutral,neutral,False,False,False,False,False
5G towers cause cancer,factual_false,I heard that the new 5G technology can cause cancer. Is this,web,opposing,0,"5G technology is the latest mobile wireless communications technology, due to be rolled out in Australia from 2019.",18,opposing,0.8164,0.0004,0.1831,0.8164,correct,False,,opposing,False,False,False,False,False
drinking bleach cures diseases,factual_false,Controversial Church Believes Drinking Bleach Cures All Dise,web,opposing,16,"The (not bleach) solution dosage is measured in drops, (one to three usually).",13,opposing,0.8164,0.0007,0.1827,0.8164,correct,False,neutral,neutral,False,False,False,False,False
dogs can only see in black and white,factual_false,Canine terminology,encyclopedia,opposing,2,All dog coat colors are modifications of black or yellow.,10,opposing,0.8154,0.0182,0.1663,0.8154,correct,False,neutral,opposing,False,False,False,False,False
the average human body temperature is 98.6 degrees fahrenheit,factual_false,Fahrenheit,encyclopedia,opposing,2,He then re-calibrated his scale using the melting point of ice and normal human body temperature (which were at 30 and 90 degrees); he adjusted the scale so that the melting point of ice would be 32 d,71,opposing,0.8149,0.0217,0.1632,0.8149,correct,False,neutral,neutral,False,False,False,False,False
humans only use 10 percent of their brain,factual_false,Do We Really Use Only 10 Percent of Our Brain? | Britannica,web,opposing,4,"For one thing, if we needed only 10 percent of our brain, the majority of brain injuries would have no discernible consequences, since the damage would affect parts of the brain that weren’t doing any",38,opposing,0.8145,0.0789,0.1064,0.8145,correct,False,opposing,neutral,True,False,False,False,False
evolution is real,factual_true,Human evolution is still happening – possibly faster than ev,web,supporting,4,"Gradually, these mutations and their associated traits become more common among the whole group.",14,supporting,0.813,0.813,0.1844,0.0024,correct,False,supporting,supporting,False,False,False,False,False
bats are blind,factual_false,Gait mechanics of a blind echolocating rodent: Implications ,academic,opposing,7,"Furthermore, for all species speed is primarily regulated by increasing stride frequency rather than length.",15,opposing,0.8115,0.001,0.1874,0.8115,correct,False,opposing,opposing,False,False,False,False,False
dogs can only see in black and white,factual_false,Can Dogs See Color? Here's What Veterinarians Say - Chewy,web,opposing,10,We used this handy-dandy Image Processing Tool to get an accurate interpretation of what dogs see vs. what we see.,20,opposing,0.811,0.0004,0.1887,0.811,correct,False,neutral,opposing,False,False,False,False,False
climate change is real,factual_true,Climate change in Florida,encyclopedia,supporting,0,"A 2018 report by the Union of Concerned Scientists (UCS) found that by the year 2100, more than 1 million Florida homes would be at risk of flooding according to their high scenario projection.",34,supporting,0.8105,0.8105,0.1885,0.0008,correct,False,,supporting,False,False,False,False,False
climate change is real,factual_true,Climate change: evidence and causes | Royal Society,web,supporting,13,"Scientists have made major advances in the observations, theory, and modelling of Earth’s climate system, and these advances have enabled them to project future climate change with increasing confiden",29,supporting,0.8081,0.8081,0.1902,0.0017,correct,False,neutral,,False,False,False,False,False
5G causes COVID,factual_false,5G,encyclopedia,opposing,2,"Also in 2012, the European Union launched the Mobile and Wireless Communications Enablers for the Twenty-Twenty Information Society (METIS) project to align emerging network research with internationa",28,opposing,0.8071,0.0008,0.1919,0.8071,correct,False,opposing,opposing,False,False,False,False,False
you lose most body heat through your head,factual_false,Heat loss through the head - Big Head Caps,web,opposing,8,"So not only will a hat keep in more heat, we will actually feel more comfortable than being bareheaded in the cold.",22,opposing,0.8071,0.0018,0.1913,0.8071,correct,False,neutral,neutral,True,False,False,False,False
5G towers cause cancer,factual_false,"5G towers don't cause cancer — WHO, NCI confirm — Lenz",web,opposing,0,"While some research gaps remain, no credible evidence supports the definitive causal claim that 5G towers cause cancer in humans.",20,opposing,0.8062,0.0146,0.1793,0.8062,correct,False,,opposing,True,False,True,True,False
goldfish have a 3 second memory,factual_false,Do Goldfish Really Have A 3-Second Memory? Debunking This,web,opposing,6,Thousands of studies have shown their excellent memory and proven how intelligent they are.,14,opposing,0.8062,0.0006,0.1932,0.8062,correct,False,opposing,neutral,False,False,False,False,False
lightning never strikes the same place twice,factual_false,MythBuster: Lightning Never Strikes the Same Place Twice — S,web,opposing,3,Science and real-world evidence prove that lightning is far from a one-time visitor.,13,opposing,0.8062,0.0047,0.189,0.8062,correct,False,opposing,opposing,False,False,False,False,True
dogs can only see in black and white,factual_false,Canine terminology,encyclopedia,opposing,17,- Domino: A specific facial and body pattern in Afghan Hounds caused by a certain genotype.,16,opposing,0.8042,0.0007,0.1949,0.8042,correct,False,opposing,opposing,False,False,False,False,False
climate change is caused by human activity,factual_true,"The Role of Greenhouse Gases, Aerosols, and Deforestation in",academic,supporting,0,Climate change can be caused by various anthropogenic or natural factors that influence atmospheric changes.,15,supporting,0.8032,0.8032,0.1897,0.0071,correct,False,,neutral,False,False,False,False,False
climate change is caused by human activity,factual_true,Are humans causing or contributing to global warming? | NOAA,web,supporting,4,"At present, humans are putting an estimated 9.5 billion metric tons of carbon into the atmosphere each year by burning fossil fuels, and another 1.5 billion through deforestation and other land cover ",33,supporting,0.8032,0.8032,0.1954,0.0015,correct,False,neutral,neutral,False,False,False,False,False
bats are blind,factual_false,Gait mechanics of a blind echolocating rodent: Implications ,academic,opposing,5,Spatiotemporal gait characteristics are largely similar between the Vietnamese pygmy dormouse and other small-bodied arboreal species analyzed.,17,opposing,0.8022,0.001,0.1969,0.8022,correct,False,neutral,opposing,False,False,False,False,False
climate change is real,factual_true,Impacts of climate change on global agriculture accounting f,academic,supporting,0,"Climate change threatens global food systems1, but the extent to which adaptation will reduce losses remains unknown and controversial2.",19,supporting,0.8022,0.8022,0.196,0.0017,correct,False,,neutral,False,False,False,False,False
the speed of light is constant,factual_true,Why speed of light is constant?,web,supporting,8,"- There is a debate about the implications of special relativity (SR) and how it relates to the constancy of light speed, with some arguing that if light speed were to change, it could potentially go ",40,supporting,0.8022,0.8022,0.183,0.0148,correct,False,opposing,supporting,False,False,False,False,False
bulls are enraged by the color red,factual_false,Why Do Bulls Attack the Color Red? - Bulls Hate Red MythBull,web,opposing,16,"The misconception that bulls react aggressively to the color red is likely a result of cultural practices in bullfighting, as mentioned earlier, where the waving of a red cape is used to provoke and s",42,opposing,0.8008,0.008,0.191,0.8008,correct,False,neutral,neutral,True,True,False,True,False
dogs can only see in black and white,factual_false,Can Dogs See Color? Here's What Veterinarians Say - Chewy,web,opposing,0,"The most common myth about dog vision is that dogs can only see in black and white—and therefore, don’t have any color vision.",23,opposing,0.8008,0.0184,0.1809,0.8008,correct,False,,opposing,False,False,False,False,False
MSG is dangerous to consume,factual_false,MSG is neither terribly dangerous nor perfectly fine,web,opposing,13,"Whats next, concern about BPAs in plastic is transphobic because they mimics estrogens?",13,opposing,0.8003,0.0018,0.198,0.8003,correct,False,neutral,neutral,False,False,False,False,False
MSG is dangerous to consume,factual_false,MSG is neither terribly dangerous nor perfectly fine,web,opposing,17,"Whats next, concern about BPAs in plastic is transphobic because they mimics estrogens?",13,opposing,0.8003,0.0018,0.198,0.8003,correct,False,neutral,,False,False,False,False,False
goldfish have a 3 second memory,factual_false,Do Goldfish Really Have a 3 Second Memory?,web,opposing,0,"MYTH: Goldfish memory spans are just three seconds long
FACT: Goldfish can remember things for months!",16,opposing,0.7993,0.0516,0.1492,0.7993,correct,False,,supporting,False,False,False,False,False
goldfish have a 3 second memory,factual_false,Do Goldfish Really Have a 3 Second Memory?,web,opposing,4,"Disproving the goldfish memory myth
At least two separate studies into goldfish memory have proven that they remember things for more than just three seconds.",25,opposing,0.7993,0.016,0.1849,0.7993,correct,False,opposing,neutral,False,False,False,False,False
climate change is real,factual_true,Climate change in Florida,encyclopedia,supporting,1,A 2018 Florida International University study says that sea level rise will inundate the mangroves of the Florida Everglades.,19,supporting,0.7983,0.7983,0.2007,0.0012,correct,False,supporting,supporting,False,False,False,False,False
the sun is a star,factual_true,Sun,encyclopedia,supporting,2,"The proportion of helium within the core has increased from about 24% to about 60% due to fusion, and some of the helium and heavy elements have settled from the photosphere toward the centre of the S",40,supporting,0.7983,0.7983,0.1934,0.0081,correct,False,neutral,supporting,False,False,False,False,False
Einstein failed math in school,factual_false,Science myths: did Einstein fail his fourth grade math class,web,opposing,8,Where is the evidence of how he did in fourth grade?,11,opposing,0.7979,0.0003,0.2019,0.7979,correct,False,opposing,opposing,False,False,False,False,False
goldfish have a 3 second memory,factual_false,Do Goldfish Really Have A 3-Second Memory? » ScienceABC,web,opposing,13,A more recent and frankly extraordinary 2022 study from Ben-Gurion University went a step further.,15,opposing,0.7979,0.0022,0.1998,0.7979,correct,False,neutral,neutral,False,False,False,False,False
5G causes COVID,factual_false,The conspiracy linking 5G to coronavirus just will not die,web,opposing,10,Twitter said it was increasing its use of machine learning and automation to help take down false information.,18,opposing,0.7969,0.0014,0.2017,0.7969,correct,False,opposing,neutral,False,False,False,False,False
the great wall of china is visible from space,factual_false,"Claim Verification: ""The Great Wall of China is the only man",academic,opposing,2,"NASA officially states the wall is ""difficult or impossible to see from Earth orbit without high-powered lenses"" (B1).",18,opposing,0.7969,0.0016,0.2013,0.7969,correct,False,opposing,opposing,False,True,False,False,False
lemmings commit mass suicide,factual_false,mass suicide – Jineral Knowledge,web,opposing,8,A female lemming can have up to 80 babies in one year.,12,opposing,0.7964,0.0007,0.2031,0.7964,correct,False,opposing,neutral,False,False,False,False,False
bats are blind,factual_false,Echolocation in soft-furred tree mice,academic,opposing,17,"When their ears were plugged, they lost the preference for the over-platform sector, as shown by exploration time and emitting pluses, and could not land on the platform.",28,opposing,0.7944,0.0037,0.2019,0.7944,correct,False,opposing,opposing,True,False,False,False,False
climate change is real,factual_true,Climate change in Florida,encyclopedia,supporting,3,"[edit] Due to climate change, the range of mangroves worldwide is extending.",12,supporting,0.7935,0.7935,0.2048,0.0017,correct,False,supporting,neutral,False,False,False,False,False
goldfish have a 3 second memory,factual_false,Do Goldfish Really Have A 3-Second Memory? » ScienceABC,web,opposing,18,"Whatever the reason for your curiosity about goldfish memory, they deserve far more credit than 3 seconds.",17,opposing,0.793,0.0404,0.1669,0.793,correct,False,neutral,,False,False,False,False,False
climate change is caused by human activity,factual_true,The Causes of Climate Change,web,supporting,0,"Increasing Greenhouses Gases Are Warming the Planet
Scientists attribute the global warming trend observed since the mid-20th century to the human expansion of the ""greenhouse effect""1 — warming that ",40,supporting,0.7925,0.7925,0.2053,0.0021,correct,False,,neutral,False,True,False,False,False
bats are blind,factual_false,Echolocation in soft-furred tree mice,academic,opposing,5,INTRODUCTION Echolocation is a form of orientation behavior in which some animals can assess environments in which vision is ineffective.,20,opposing,0.792,0.0012,0.207,0.792,correct,False,opposing,opposing,False,False,False,False,False
shaving makes hair grow back thicker,factual_false,BI39 Oncological therapies and hair disorders: a narrative a,academic,opposing,14,There is an increased awareness in mainstream and social media in relation to cancer-related therapies affecting hair growth permanently.,19,opposing,0.792,0.0009,0.207,0.792,correct,False,neutral,neutral,False,False,False,False,False
drinking bleach cures diseases,factual_false,People are still drinking bleach—and vomiting and pooping,web,opposing,4,"Of course, the health claims are false, not to mention abhorrent.",11,opposing,0.791,0.0007,0.2081,0.791,correct,False,opposing,neutral,True,False,False,False,False
5G towers cause cancer,factual_false,I heard that the new 5G technology can cause cancer. Is this,web,opposing,1,"Like all mobile technologies, 5G uses radiofrequency (RF) electromagnetic energy to communicate between mobile phones and base stations.",18,opposing,0.7905,0.0005,0.2092,0.7905,correct,False,opposing,neutral,False,False,False,False,False
climate change is caused by human activity,factual_true,Scientific consensus on climate change,encyclopedia,supporting,0,Surveys of scientists' views on climate change – with a focus on human caused climate change – have been undertaken since the 1970s.,23,supporting,0.7905,0.7905,0.2083,0.0012,correct,False,,supporting,False,True,False,False,False
goldfish have a three second memory,factual_false,Do goldfish really have a 3-second memory? - Live Science,web,opposing,6,Get the world’s most fascinating discoveries delivered straight to your inbox.,11,opposing,0.7905,0.0013,0.2081,0.7905,correct,False,neutral,neutral,False,False,False,False,False
the earth is flat,factual_false,Myth of the flat Earth,encyclopedia,opposing,3,"James Hannam wrote:
The myth that people in the Middle Ages thought the Earth is flat appears to date from the 17th century as part of the campaign by Protestants against Catholic teaching.",33,opposing,0.7905,0.0034,0.2061,0.7905,correct,False,neutral,neutral,False,False,False,True,False
the earth is flat,factual_false,Inventing the Flat Earth,encyclopedia,opposing,1,"James Hannam wrote:
The myth that people in the Middle Ages thought the Earth is flat appears to date from the 17th century as part of the campaign by Protestants against Catholic teaching.",33,opposing,0.7905,0.0034,0.2061,0.7905,correct,False,neutral,neutral,False,False,False,True,False
drinking bleach cures diseases,factual_false,YouTube cracks down on videos that promote drinking bleach a,web,opposing,9,"In a statement to Business Insider, Humble denied asserting that MMS actually cures diseases.",14,opposing,0.79,0.0014,0.2084,0.79,correct,False,neutral,neutral,False,False,False,False,False
5G towers cause cancer,factual_false,Cell site,encyclopedia,opposing,2,"(Macrocell)
- 5G (FR2) Mobile base station: the distances between the 5G base-station is about 250–300 metres, due to the use of millimetre waves.",24,opposing,0.7896,0.0004,0.2102,0.7896,correct,False,neutral,opposing,False,False,False,False,False
climate change is real,factual_true,Climate Change - NASA Science,web,supporting,5,Human activities are driving the global warming trend observed since the mid-20th century.,13,supporting,0.7896,0.7896,0.2087,0.0018,correct,False,supporting,neutral,False,False,False,False,False
the sun is a star,factual_true,The sun: Facts about the bright star at the center of the...,web,supporting,12,"The sun pictures
Missions to the sun
Space agencies have launched many spacecraft that help us observe and gather data about the sun.",23,supporting,0.7896,0.7896,0.2058,0.0045,correct,False,opposing,supporting,False,False,False,False,False
you lose most body heat through your head,factual_false,Heat loss through the head - Big Head Caps,web,opposing,2,"Your head makes up about 10% of your body’s surface area, meaning it loses about 10% of its heat.",19,opposing,0.7896,0.0606,0.1498,0.7896,correct,False,neutral,neutral,False,False,False,False,False
5G causes COVID,factual_false,5G misinformation,encyclopedia,opposing,12,A study authored by doctors Robert R. Brown and Beverly Rubik which concluded that a causal link between the virus and 5G was non-existent was misinterpreted on social media as evidence of a relation ,37,opposing,0.7886,0.0013,0.2103,0.7886,correct,False,opposing,opposing,False,False,False,False,False
the earth is flat,factual_false,How Do We Know the Earth Isn't Flat? We Asked a NASA Expert:,web,opposing,10,"What’s happening to the Earth, what’s happening to our oceans as we take the pulse of our planet and consider other worlds beyond as we explore those.",27,opposing,0.7881,0.0014,0.2104,0.7881,correct,False,opposing,opposing,False,False,False,False,False
we only use 10% of our brains,factual_false,Do People Only Use 10 Percent of Their Brains? | Scientific,web,opposing,2,"If only regular folk could tap that other 90 percent, they too could become savants who remember to the twenty-thousandth decimal place or perhaps even have telekinetic powers.",28,opposing,0.7881,0.0137,0.1982,0.7881,correct,False,supporting,neutral,False,False,False,False,False
bulls are enraged by the color red,factual_false,"Do Bulls Hate The Color Red? No, Mastery!",web,opposing,2,"Their aggression is triggered by the movement of the cape, not the color.",13,opposing,0.7876,0.0013,0.2113,0.7876,correct,False,neutral,neutral,True,False,False,False,False
climate change is caused by human activity,factual_true,Causes of climate change,encyclopedia,supporting,4,": 7 Four main lines of evidence support the dominant role of human activities in recent climate change:
- A physical understanding of the climate system: greenhouse gas concentrations have increased a",37,supporting,0.7876,0.7876,0.2079,0.0045,correct,False,supporting,neutral,False,False,False,False,False
lightning never strikes the same place twice,factual_false,A shocking injury: A clinical review of lightning injuries h,academic,opposing,10,We proposed an evidence-based treatment protocol for lightning strike patients.,10,opposing,0.7876,0.0016,0.2106,0.7876,correct,False,opposing,neutral,False,False,False,False,True
the earth revolves around the sun,factual_true,1 in 4 Americans Think Sun Revolves Around Earth: Study,web,supporting,10,But on this evidence we may end up getting a new national holiday out of this: Spread the Word That the Earth Revolves Around the Sun Day.,27,supporting,0.7871,0.7871,0.2062,0.0065,correct,False,neutral,,False,False,False,False,False
the great wall of china is visible from space,factual_false,Can You Really See the Great Wall of China from Space? - Dai,web,opposing,7,"Setting the Record Straight
The myth that the Great Wall of China is visible from space persists, perhaps because it captures the imagination and underscores the Wall’s monumental scale.",29,opposing,0.7871,0.0121,0.2006,0.7871,correct,False,opposing,neutral,False,False,False,True,False
Einstein failed math in school,factual_false,Making the Grade - 20 Things You Need to Know About Einstein,web,opposing,9,"Not only did he learn the proofs in the books, he also tackled the new theories by trying to prove them on his own.",24,opposing,0.7866,0.0003,0.2133,0.7866,correct,False,opposing,neutral,True,False,False,False,False
shaving makes hair grow back thicker,factual_false,Shaving & Hair: Does It Grow Back Thicker? The Skin Company,web,opposing,15,"Similarly, shaving does not affect the color of the hair; any perception of darker regrowth is simply due to the contrast between the freshly cut hair and your skin tone.",30,opposing,0.7861,0.0009,0.213,0.7861,correct,False,neutral,neutral,True,False,False,False,False
5G causes COVID,factual_false,Spreading Like a Virus: False Rumor That 5G Causes COVID-19,web,opposing,9,"“While exposure to high-power radiation can be harmful to health, Starobinski assures that there have been safety guidelines on the radiation from communication technologies and 5G should be safe to u",83,opposing,0.7856,0.0003,0.214,0.7856,correct,False,neutral,opposing,True,True,False,False,False
5G towers cause cancer,factual_false,Cell site,encyclopedia,opposing,9,"[edit] Antennas of cell sites can be installed on existing masts, towers and chimneys, if such objects are available and are stable enough to carry them.",26,opposing,0.7856,0.0003,0.2141,0.7856,correct,False,opposing,neutral,False,False,False,False,False
the sun is a star,factual_true,Ask a Solar Physicist,web,supporting,7,"It was now clear that
the Sun is not a planet, though why these laws of planetary motion
should be the way the are was still unclear.",27,supporting,0.7852,0.7852,0.2021,0.0128,correct,False,neutral,opposing,True,False,False,False,False
5G towers cause cancer,factual_false,"Microwave radiofrequencies, 5G, 6G, graphene nanomaterials: ",academic,opposing,7,"Above 20 gigahertz, 5G behaves like an unconventional chemical weapon.",10,opposing,0.7827,0.0012,0.2159,0.7827,correct,False,neutral,opposing,False,False,False,False,False
5G causes COVID,factual_false,Spreading Like a Virus: False Rumor That 5G Causes COVID-19,web,opposing,1,"A research team led by Elaine Nsoesie, a Hariri Institute Faculty Fellow, investigated how COVID-19 misinformation proliferated using the same epidemiological techniques for modeling disease transmiss",26,opposing,0.7812,0.0015,0.217,0.7812,correct,False,opposing,opposing,False,False,False,False,False
evolution is real,factual_true,Human evolution is still happening – possibly faster than ev,web,supporting,5,"By looking at global studies of our DNA, we can see evidence that natural selection has recently made changes and continues to do so.",24,supporting,0.7812,0.7812,0.2162,0.0025,correct,False,supporting,supporting,False,False,False,False,False
lightning never strikes the same place twice,factual_false,A shocking injury: A clinical review of lightning injuries h,academic,opposing,9,"At the scene, initial treatment and resuscitation should focus on those who appear to be dead, which is called the reverse triage system.",23,opposing,0.7812,0.0025,0.2163,0.7812,correct,False,neutral,opposing,False,False,False,False,True
the Great Wall of China is the only man-made structure visible from space,factual_false,Forget the Great Wall: the human landmark astronauts actuall,web,opposing,8,"Here’s how the Great Wall stacks up against other human landmarks:
Feature Visible to the naked eye?",17,opposing,0.7812,0.0023,0.2163,0.7812,correct,False,neutral,neutral,False,False,False,False,False
the earth is flat,factual_false,Why the Earth is actually 100% flat | Science | The Guardian,web,opposing,8,"The few times people have actually tried to make a tall building like the World Trade Centre, it is destroyed by the government.",23,opposing,0.7812,0.0053,0.2136,0.7812,correct,False,opposing,neutral,False,False,False,False,False
the great wall of china is visible from space,factual_false,Can You See the Great Wall of China from Space,web,opposing,12,"Neil Alden Armstrong, the first person to walk on the moon, had indicated that he couldn’t discern any man-made objects on the Earth from space.",25,opposing,0.7803,0.0005,0.2194,0.7803,correct,False,opposing,opposing,False,False,False,False,False
goldfish have a three second memory,factual_false,Do Goldfish Really Have A 3-Second Memory? » ScienceABC,web,opposing,18,"Whatever the reason for your curiosity about goldfish memory, they deserve far more credit than 3 seconds.",17,opposing,0.7798,0.0381,0.1819,0.7798,correct,False,neutral,,False,False,False,False,False
5G causes COVID,factual_false,5G,encyclopedia,opposing,10,"One, by Joseph Mercola, alleged links to ADHD, heart disease, and brain cancer.",13,opposing,0.7788,0.0014,0.2197,0.7788,correct,False,neutral,opposing,False,False,False,False,False
climate change is real,factual_true,Impacts of climate change on global agriculture accounting f,academic,supporting,7,"These results indicate a scale of innovation, cropland expansion or further adaptation that might be necessary to ensure food security in a changing climate.",24,supporting,0.7783,0.7783,0.2198,0.0018,correct,False,neutral,supporting,False,False,False,False,False
bats are blind,factual_false,Are Bats Blind?,web,opposing,15,"- Types of Bats
- What Does a Bat Look Like?",11,opposing,0.7764,0.0017,0.2218,0.7764,correct,False,neutral,,False,False,False,False,False
vaccines cause autism,factual_false,Autism & Vaccines: Separating Fact from Fiction,web,opposing,5,"Scientific Evidence Disproving a Link
Over the past two decades, extensive research has been conducted to investigate any potential association between vaccines and autism.",24,opposing,0.7764,0.0018,0.2218,0.7764,correct,False,neutral,opposing,False,False,False,False,False
the earth is flat,factual_false,Is the Earth Flat? | Answers in Genesis,web,opposing,15,I used the past tense with Robbie not because he died but because Robbie recently renounced belief that the earth is flat.,22,opposing,0.7749,0.0067,0.2181,0.7749,correct,False,opposing,neutral,True,False,False,True,False
climate change is real,factual_true,How climate change intensified storm Boris’ extreme rainfall,academic,supporting,0,Disentangling the impact of climate change on environmental extremes is of key importance for mitigation and adaptation.,17,supporting,0.7739,0.7739,0.2247,0.0015,correct,False,,neutral,False,False,False,False,False
lightning never strikes the same place twice,factual_false,A shocking injury: A clinical review of lightning injuries h,academic,opposing,2,"In this clinical review, we systematically select, score, and present evidence regarding lightning injuries.",14,opposing,0.7734,0.001,0.2257,0.7734,correct,False,opposing,neutral,False,False,False,False,True
bats are blind,factual_false,Human uses of bats,encyclopedia,opposing,9,"- ^ Rahmatullah, M.; Ayman, U.; Akter, F.; Sarker, M.; Sifa, R.; Sarker, B.; Chowdhury, S. A.",17,opposing,0.7729,0.0048,0.2225,0.7729,correct,False,neutral,neutral,False,False,False,False,False
climate change is caused by human activity,factual_true,How Humans Cause Climate Change | CFR Education,web,supporting,0,"How Humans Cause Climate Change
Every aspect of modern life carries hidden environmental costs.",14,supporting,0.7729,0.7729,0.2262,0.0011,correct,False,,supporting,False,False,False,False,False
honey never expires,factual_true,Honeyblood,encyclopedia,supporting,10,"""Honeyblood: Babes Never Die review – catchy fuzz-rock with personality"".",10,supporting,0.7729,0.7729,0.1377,0.0892,correct,False,opposing,opposing,True,True,False,False,True
evolution is real,factual_true,Evolution,encyclopedia,supporting,0,Evolutionary biologists have continued to study various aspects of evolution by forming and testing hypotheses as well as constructing theories based on evidence from the field or laboratory and on da,40,supporting,0.7725,0.7725,0.2249,0.0025,correct,False,,neutral,False,False,False,False,False
5G causes COVID,factual_false,Spreading Like a Virus: False Rumor That 5G Causes COVID-19,web,opposing,2,"Nsoesie, along with Nina Cesare, a postdoctoral associate at the BU School of Public Health, and other scientists from Harvard Medical School and École Polytechnique Fédérale recently published their ",37,opposing,0.772,0.0016,0.2266,0.772,correct,False,opposing,opposing,False,False,False,False,False
smoking causes lung cancer,factual_true,Multidimensional bioinformatics perspective on smoking-linke,academic,supporting,2,Understanding the gene-driving mechanisms and immune regulatory pathways involved in smoking-related lung cancer remains one of the key challenges in current lung cancer research.,24,supporting,0.772,0.772,0.2245,0.0036,correct,False,neutral,neutral,False,False,False,False,False
Einstein failed math in school,factual_false,Did Einstein Really Fail Math? | Ripley's Believe It or Not!,web,opposing,6,"“The widespread belief that he was a poor student is unfounded,” Pais concluded.",13,opposing,0.7705,0.0003,0.2291,0.7705,correct,False,opposing,neutral,False,True,False,True,False
climate change is caused by human activity,factual_true,Causes of climate change,encyclopedia,supporting,15,"The clear message from fingerprint studies is that the observed warming over the last half-century cannot be explained by natural factors, and is instead caused primarily by human factors.",29,supporting,0.769,0.769,0.2267,0.0044,correct,False,neutral,neutral,True,False,False,False,False
vaccines cause autism,factual_false,“I Thought It Was Better to Be Safe Than Sorry”: Factors Inf,academic,opposing,1,This study explored the factors believed to influence parental decision making regarding vaccine uptake for students with intellectual disability and/or on the autism spectrum attending special school,42,opposing,0.7686,0.0019,0.2297,0.7686,correct,False,neutral,neutral,False,False,False,False,False
bats are blind,factual_false,Are Bats Really Blind? | Live Science,web,opposing,12,"So, the next time you get ready to call someone ""blind as a bat,"" you may want to think about the visual capabilities of these nighttime fliers.",27,opposing,0.7676,0.0195,0.2129,0.7676,correct,False,opposing,,False,True,False,False,False
goldfish have a three second memory,factual_false,Do goldfish really have a 3-second memory? - Live Science,web,opposing,14,"But whether goldfish memories last days, weeks, months or years, it's safe to say they definitely last longer than 3 seconds.",21,opposing,0.7676,0.0425,0.1899,0.7676,correct,False,neutral,neutral,False,True,False,False,False
antibiotics do not work against viruses,factual_true,Why Don’t Doctors Give Antibiotics for Viral Infections?,web,supporting,16,Many viral infections can feel very intense but will not respond to antibiotics.,13,supporting,0.7671,0.7671,0.2179,0.0149,correct,False,neutral,neutral,True,False,False,False,True
Einstein failed math in school,factual_false,List of common misconceptions about history,encyclopedia,opposing,3,- The story that Isaac Newton was inspired to research the nature of gravity when an apple fell on his head is almost certainly apocryphal.,25,opposing,0.7656,0.0008,0.2335,0.7656,correct,False,neutral,neutral,False,False,False,False,False
the moon landing was faked,factual_false,Moon landing conspiracy theories in popular culture,encyclopedia,opposing,8,"Shaughnessy would go on to nickname Everett ""Jurassic Carl"" due to Everett's assertion that dinosaurs never existed.",17,opposing,0.7651,0.0037,0.2311,0.7651,correct,False,neutral,neutral,True,True,False,False,False
sugar makes children hyperactive,factual_false,Debunking Old Wives' Tales: Why Your Child Isn’t Actually on,web,opposing,9,"Fact: Sugar May Temporarily Boost Memory and Focus
Believe it or not, some studies are even finding behavioral and academic improvements immediately after eating sugar.",25,opposing,0.7632,0.0005,0.2366,0.7632,correct,False,neutral,neutral,False,False,False,False,False
goldfish have a 3 second memory,factual_false,Do goldfish really have a 3-second memory? | Live Science,web,opposing,13,"But whether goldfish memories last days, weeks, months or years, it's safe to say they definitely last longer than 3 seconds.",21,opposing,0.7612,0.063,0.1757,0.7612,correct,False,neutral,neutral,False,True,False,False,False
vaccines cause autism,factual_false,MMR vaccine and autism,encyclopedia,opposing,10,"In 2012, the Cochrane Library published a review of dozens of scientific studies involving about 14,700,000 children, which found no credible evidence of an involvement of MMR with either autism or Cr",33,opposing,0.7607,0.0033,0.2361,0.7607,correct,False,neutral,neutral,True,True,True,False,False
climate change is real,factual_true,Here are 10 myths about climate change | WWF,web,supporting,12,"Animals will adapt to climate change
This one isn't a complete myth; Darwin got the adaptation part right.",18,supporting,0.7603,0.7603,0.2328,0.0069,correct,False,neutral,neutral,True,True,False,False,False
goldfish have a 3 second memory,factual_false,Do goldfish really only have a 3 second memory? | Discover,web,opposing,1,"In fact, goldfish can retain memories for at least three months, can be trained, and can also tell the time.",20,opposing,0.7603,0.0026,0.2372,0.7603,correct,False,neutral,neutral,False,False,False,False,False
goldfish have a 3 second memory,factual_false,Goldfish Do Not Have a Three Second Memory,web,opposing,0,"Goldfish Do Not Have a Three Second Memory
Myth: Goldfish have a three second memory.",15,opposing,0.7593,0.0479,0.1927,0.7593,correct,False,,neutral,True,False,False,False,False
christopher columbus discovered america,factual_false,Christopher Columbus Facts: The Truth Behind His,web,opposing,14,"Several European countries had rejected Columbus
For nearly a decade, Columbus lobbied European monarchs to bankroll his expensive quest to discover a western sea route to Asia.",27,opposing,0.7573,0.0056,0.2372,0.7573,correct,False,neutral,,False,False,False,False,False
climate change is real,factual_true,Trustworthy answers: Is global warming real? | fsc.org,web,supporting,8,"However, the scientific community overwhelmingly agrees that climate change is real and human activities the primary driver.",17,supporting,0.7573,0.7573,0.2397,0.0028,correct,False,neutral,supporting,False,False,False,False,False
5G towers cause cancer,factual_false,Wireless device radiation and health,encyclopedia,opposing,0,"The WHO states that ""A large number of studies have been performed over the last two decades to assess whether mobile phones pose a potential health risk.",27,opposing,0.7554,0.0005,0.244,0.7554,correct,False,,opposing,False,True,False,False,False
dogs can only see in black and white,factual_false,Can Dogs See Color? Here's What Veterinarians Say - Chewy,web,opposing,15,"“It functions to amplify photoreceptor stimulation in the eye, which ultimately enhances low-light vision.",14,opposing,0.7554,0.0005,0.2443,0.7554,correct,False,opposing,,False,True,False,False,False
drinking bleach cures diseases,factual_false,Controversial Church Believes Drinking Bleach Cures All Dise,web,opposing,5,"BUT, off the top of our head... Coming out of the gate.",12,opposing,0.7554,0.015,0.2296,0.7554,correct,False,neutral,neutral,False,False,False,False,False
the Great Wall of China is visible from space,factual_false,"""Great Wall"" myth originated with Ripley's",web,opposing,14,"“Great Wall” myth originated with Ripley’s
Ripley may have popularized it, but it couldn’t have originated with him.",18,opposing,0.7534,0.0018,0.2446,0.7534,correct,False,neutral,neutral,False,True,False,False,False
climate change is real,factual_true,Trustworthy answers: Is global warming real? | fsc.org,web,supporting,10,Climate models are unreliable Some argue that climate models are too uncertain to trust.,14,supporting,0.7515,0.7515,0.248,0.0007,correct,False,supporting,neutral,False,False,False,False,False
climate change is real,factual_true,Trustworthy answers: Is global warming real? | fsc.org,web,supporting,14,Recent analysis from NASA confirms that climate models have accurately projected long-term global warming trends.,15,supporting,0.7515,0.7515,0.2468,0.0017,correct,False,neutral,neutral,False,False,False,False,False
the speed of light is constant,factual_true,Special relativity,encyclopedia,supporting,1,"Another way to describe the advance made by the special theory is to say Einstein extended the Galilean principle so that it accounted for the constant speed of light, a phenomenon that had been obser",39,supporting,0.7485,0.7485,0.2438,0.0075,correct,False,opposing,supporting,False,False,False,False,False
the average human body temperature is 98.6 degrees fahrenheit,factual_false,"Normal body temperature is personal, Stanford Medicine resea",web,opposing,5,"They found that today's normal body temperature hovers closer to 97.9 F.
The often-cited standard of 98.6 F stems from data published in 1868.",24,opposing,0.748,0.0558,0.1963,0.748,correct,False,supporting,neutral,False,True,False,False,False
goldfish have a three second memory,factual_false,"Well Actually, Goldfish Don't Have Three-Second Memories",web,opposing,9,"When the African cichlids were reintroduced to the original tank, they swam to the location where the food had been dispensed 12 days prior.",24,opposing,0.7466,0.0021,0.2515,0.7466,correct,False,neutral,neutral,False,False,False,False,False
5G towers cause cancer,factual_false,5G,encyclopedia,opposing,1,"The same year, the University of Surrey founded the 5G Innovation Centre, funded by £35 million from public and industry partners including Huawei and Samsung.",25,opposing,0.7446,0.0005,0.2546,0.7446,correct,False,neutral,opposing,False,False,False,False,False
climate change is real,factual_true,Climate change feedbacks,encyclopedia,supporting,10,": 678
[edit] - Climate variability and change
- Climate inertia
- Complex system
- Effects of climate change
- Parametrization (atmospheric modeling)
- Tipping points in the climate system
References
",45,supporting,0.7446,0.7446,0.2534,0.002,correct,False,supporting,neutral,False,True,False,False,False
5G towers cause cancer,factual_false,5G,encyclopedia,opposing,3,"Standardization and early trials (2013–2018)
[edit] In 2013, the ITU-R Working Party 5D began studies on IMT-2020, later formalized as the 5G standard.",23,opposing,0.7441,0.0005,0.2556,0.7441,correct,False,opposing,opposing,False,False,False,False,False
cracking your knuckles causes arthritis,factual_false,Does cracking knuckles cause arthritis? | HCA Florida,web,opposing,11,"What actually happens when you crack your knuckles
The belief that cracking your knuckles causes arthritis may stem from people assuming the action damages the joints.",26,opposing,0.7432,0.0093,0.2474,0.7432,correct,False,neutral,neutral,False,False,False,True,False
5G towers cause cancer,factual_false,Do Cell Phone Towers Cause Cancer? | American Cancer Society,web,opposing,10,A 2019 review of these two studies by the International Commission on Non-Ionizing Radiation Protection (ICNIRP) determined that the limitations of the studies didn’t allow conclusions to be drawn reg,38,opposing,0.7427,0.0011,0.2561,0.7427,correct,False,neutral,,False,False,False,False,False
climate change is caused by human activity,factual_true,Climate change due to increasing concentration of carbon dio,academic,supporting,3,"air, water and soil are altering mainly due to anthropogenic activities especially with changing life styles.",16,supporting,0.7422,0.7422,0.2556,0.0023,correct,False,neutral,neutral,False,False,False,False,False
5G causes COVID,factual_false,Could 5G Technology Be the Cause of COVID-19?,academic,opposing,5,Our fact checking investigation lead to the conclusion that any claims connecting this technology to the pandemic are false.,19,opposing,0.7412,0.0011,0.2576,0.7412,correct,False,neutral,opposing,False,False,False,False,False
the sun is a star,factual_true,Our solar system: The sun information and facts | National G,web,supporting,3,"Characteristics of the sun
The sun resides some 26,000 light-years from the Milky Way's center, in a tendril of our home galaxy known as the Orion Arm.",27,supporting,0.7412,0.7412,0.2314,0.0272,correct,False,neutral,supporting,False,True,False,False,False
bats are blind,factual_false,Myth buster: Bats aren't blind | Forest Preserve District of,web,opposing,7,This is why bats can fly so close to objects without hitting them.,13,opposing,0.7393,0.003,0.2576,0.7393,correct,False,opposing,opposing,False,False,False,False,False
lightning never strikes the same place twice,factual_false,MythBuster: Lightning Never Strikes the Same Place Twice — S,web,opposing,10,"Between 1942 and 1977, Roy was struck by lightning seven times—and survived them all.",14,opposing,0.7393,0.0014,0.2593,0.7393,correct,False,opposing,neutral,False,False,False,False,True
the great wall of china is visible from space,factual_false,Can You See the Great Wall of China from Space,web,opposing,9,"The Wall is irregularly shaped, which is hardly seen from space.",11,opposing,0.7368,0.0003,0.2627,0.7368,correct,False,neutral,neutral,False,False,False,False,False
antibiotics do not work against viruses,factual_true,Viral Infections - Why Don't Antibiotics Kill Viruses? - Dru,web,supporting,1,You may be told you cannot use an antibiotic for a viral infection because they are ineffective and may lead to “antibiotic resistance”.,23,supporting,0.7358,0.7358,0.2476,0.0167,correct,False,neutral,supporting,True,True,False,False,True
lemmings commit mass suicide,factual_false,True lemming,encyclopedia,opposing,7,This mass migration is probably the source of the myth that lemmings commit mass suicide.,15,opposing,0.7358,0.0076,0.2568,0.7358,correct,False,opposing,opposing,False,False,False,True,False
goldfish have a three second memory,factual_false,Do Goldfish Have a Good Memory? Debunking the 3-Second Myth,web,opposing,13,"Studies suggest goldfish can remember learned behaviors for at least three months, and possibly five months or longer.",18,opposing,0.7354,0.0022,0.2622,0.7354,correct,False,opposing,neutral,False,False,False,False,False
climate change is caused by human activity,factual_true,Climate change,encyclopedia,supporting,14,There is a nearly unanimous scientific consensus that the climate is warming and that this is caused by human activities.,20,supporting,0.7344,0.7344,0.2629,0.0027,correct,False,neutral,neutral,False,False,False,False,False
the earth revolves around the sun,factual_true,Lunar phase,encyclopedia,supporting,8,"[edit] It might be expected that once every month, when the Moon passes between Earth and the Sun during a new moon, its shadow would fall on Earth causing a solar eclipse, but this does not happen ev",39,supporting,0.7344,0.7344,0.2532,0.0125,correct,False,opposing,neutral,True,False,False,False,False
climate change is real,factual_true,Climate change in Florida,encyclopedia,supporting,7,"Flooding puts people at higher risk of mental health challenges such as post-traumatic stress disorder (PTSD), anxiety, and depression.",19,supporting,0.7324,0.7324,0.2661,0.0017,correct,False,neutral,neutral,False,False,False,False,False
5G causes COVID,factual_false,"5G Doesn’t Cause COVID-19, But the Rumor That It Does Spread",web,opposing,5,"The researchers focused on myths that the World Health Organization (WHO) “busted” on its website including the relationships between COVID-19 and alcohol, ginger root, the sun, 5G, and hydroxychloroq",29,opposing,0.7314,0.0025,0.2659,0.7314,correct,False,opposing,neutral,False,True,False,False,False
the Great Wall of China is visible from space,factual_false,Artificial structures visible from space,encyclopedia,opposing,5,"Cooling pond of Chernobyl
[edit] The 10-kilometre (6.2 mi) long cooling pond of the Chernobyl Nuclear Power Plant is visible from space.",22,opposing,0.7305,0.0016,0.2678,0.7305,correct,False,neutral,neutral,False,False,False,False,False
lemmings commit mass suicide,factual_false,Do Lemmings Really Commit Mass Suicide? - Strange Writer,web,opposing,13,"Conclusion: Debunking the Myth of Mass Suicide
The fable that lemmings commit mass suicide has been debunked as a sensationalized and distorted narrative.",23,opposing,0.73,0.0393,0.2305,0.73,correct,False,opposing,opposing,False,False,True,False,False
climate change is real,factual_true,Climate Change - NASA Science,web,supporting,4,There is unequivocal evidence that Earth is warming at an unprecedented rate.,12,supporting,0.7285,0.7285,0.2703,0.0014,correct,False,neutral,supporting,False,False,False,False,False
goldfish have a 3 second memory,factual_false,Goldfish,encyclopedia,opposing,13,It was evident that they were able to remember the correct path of the maze after more than a month.,20,opposing,0.7285,0.0005,0.271,0.7285,correct,False,neutral,supporting,False,False,False,False,False
the great wall of china is visible from space,factual_false,Can You See the Great Wall of China from Space,web,opposing,4,"The saying of the Great Wall can be seen from outer space (100 km upwards), it originated from Europe.",19,opposing,0.7275,0.0486,0.2238,0.7275,correct,False,neutral,neutral,False,False,False,False,False
climate change is real,factual_true,Climate change - Wikipedia,web,supporting,0,13 hours ago - Climate change can also be used more broadly to include changes to the climate that have happened throughout Earth's history as result of natural processes.,29,supporting,0.7271,0.7271,0.2705,0.0024,correct,False,,neutral,False,True,False,False,False
Einstein failed math in school,factual_false,Science myths: did Einstein fail his fourth grade math class,web,opposing,0,"Now this was very advanced, because the students would normally study calculus when they were 15 years old.",18,opposing,0.7266,0.0006,0.2729,0.7266,correct,False,,neutral,False,False,False,False,False
dogs can only see in black and white,factual_false,Dogs and cats see only in black and white. Answer: False,web,opposing,4,"What our pets lack in color vision, they make up in spades with night vision, an impressive sense of smell and acute hearing, making their perception of the world just as rich as ours—just in a comple",39,opposing,0.7266,0.0035,0.27,0.7266,correct,False,neutral,,False,False,False,False,False
goldfish have a three second memory,factual_false,Do Goldfish Have a Good Memory? Debunking the 3-Second Myth,web,opposing,12,"Scientific research has shown that goldfish can remember things for weeks, months, and even years.",15,opposing,0.7261,0.0005,0.2734,0.7261,correct,False,neutral,opposing,False,False,False,False,False
shaving makes hair grow back thicker,factual_false,‘Your hair is your crowning glory’: a patient's experience o,academic,opposing,17,The doctors explained that the areas of hair that I had lost would never grow back but that the aim of treatment would be to prevent further hair loss and to reduce inflammation.,33,opposing,0.7241,0.0003,0.2754,0.7241,correct,False,neutral,neutral,True,False,False,False,False
drinking bleach cures diseases,factual_false,People are still drinking bleach—and vomiting and pooping,web,opposing,3,Some have promoted it to parents as a way to cure autism in children—prompting many allegations of child abuse.,19,opposing,0.7236,0.0007,0.2756,0.7236,correct,False,neutral,opposing,False,False,False,False,False
the sun is a star,factual_true,Sun,encyclopedia,supporting,10,"In 1868, Norman Lockyer hypothesised that these absorption lines were caused by a new element that he dubbed helium, after the Greek Sun god Helios.",25,supporting,0.7236,0.7236,0.2683,0.0081,correct,False,neutral,neutral,False,False,False,False,False
christopher columbus discovered america,factual_false,Christopher Columbus Facts: The Truth Behind His,web,opposing,6,"He didn’t reach Asia as planned, but you can’t discount the sheer will required to make his journey.",18,opposing,0.7227,0.0011,0.2759,0.7227,correct,False,neutral,neutral,False,False,False,False,False
climate change is caused by human activity,factual_true,Climate change and the emergence of fungal pathogens,academic,supporting,0,"The role of the environment in emerging and reemerging infectious diseases is increasingly recognized Climate change, defined by the United Nations Framework Convention on Climate Change as ""a change ",172,supporting,0.7227,0.7227,0.2678,0.0097,correct,False,,neutral,True,True,False,False,False
bats are blind,factual_false,The Blind Watchmaker,encyclopedia,opposing,3,He emphasizes that natural selection is nonrandom (since only adaptive traits are selected for) and cumulative (as adaptive traits accumulate).,20,opposing,0.7222,0.0025,0.2754,0.7222,correct,False,neutral,opposing,False,False,False,False,False
5G causes COVID,factual_false,"5G Doesn’t Cause COVID-19, But the Rumor That It Does Spread",web,opposing,2,"A research team led by Elaine Nsoesie, assistant professor of global health at the School of Public Health and a Hariri Institute Faculty Fellow, investigated how COVID-19 misinformation proliferated ",38,opposing,0.7207,0.0022,0.2773,0.7207,correct,False,opposing,opposing,False,False,False,False,False
bats are blind,factual_false,"If bats are blind, why do they have eyes? - BBC Science Focu",web,opposing,5,Subscribe to BBC Focus magazine for fascinating new Q&As every month and follow @sciencefocusQA on Twitter for your daily dose of fun facts.,23,opposing,0.7207,0.0089,0.2705,0.7207,correct,False,opposing,,False,False,False,False,False
5G causes COVID,factual_false,Spreading Like a Virus: False Rumor That 5G Causes COVID-19,web,opposing,6,"Reference: “COVID-19 Misinformation Spread in Eight Countries: Exponential Growth Modeling Study” by Elaine Okanyene Nsoesie, MS, PhD; Nina Cesare, PhD; Martin Müller, MS and; Al Ozonoff, PhD, CPPS, 1",36,opposing,0.7178,0.0017,0.2805,0.7178,correct,False,opposing,opposing,False,True,False,False,False
drinking bleach cures diseases,factual_false,fortune.com/well/2023/02/02/drinking-bleach-can-be-deadly-bu,web,opposing,14,"In online reviews, Amazon customers cited MMS as an antidote for myriad medical uses, from detoxification to treating colon infections.",20,opposing,0.7163,0.0048,0.2791,0.7163,correct,False,neutral,,False,False,False,False,False
lightning never strikes the same place twice,factual_false,Lightning Often Strikes Twice | NASA Spinoff,web,opposing,10,"“Each year, claims due to lightning strikes continue to climb.",10,opposing,0.7163,0.0013,0.2827,0.7163,correct,False,neutral,neutral,False,True,False,False,True
climate change is real,factual_true,Impacts of climate change on global agriculture accounting f,academic,supporting,8,"Analysis of data on six stable crops, capturing two-thirds of global crop calories, allows estimation of agricultural impacts and the potential of global producer adaptations to reduce output losses o",33,supporting,0.7139,0.7139,0.2844,0.0016,correct,False,supporting,,False,False,False,False,False
the earth is flat,factual_false,Is the Earth Flat? | Answers in Genesis,web,opposing,1,"Mind you, this young man did not actually believe that the earth is flat.",14,opposing,0.7139,0.0083,0.2778,0.7139,correct,False,neutral,neutral,True,False,False,False,False
bats are blind,factual_false,Exploring the Mysteries of Bats: The Modern Approaches Trans,academic,opposing,5,This review explores the modern approaches used for transforming species identification in bats.,13,opposing,0.7114,0.0022,0.2864,0.7114,correct,False,opposing,opposing,False,False,False,False,False
the moon landing was faked,factual_false,Moon landing conspiracy theories,encyclopedia,opposing,6,"In fact, by the time of the launch of the first crewed Earth-orbiting Apollo flight (Apollo 7), the USSR had made only nine spaceflights (seven with one cosmonaut, one with two, one with three) compar",41,opposing,0.7109,0.0026,0.2866,0.7109,correct,False,neutral,neutral,False,False,False,False,False
climate change is real,factual_true,Real-world time-travel experiment shows ecosystem collapse d,academic,supporting,7,"Over 13 years, coastal Louisiana’s wetlands have been endangered by a sea-level rise rate comparable to what is expected later this century.",22,supporting,0.7104,0.7104,0.2881,0.0016,correct,False,supporting,supporting,False,False,False,False,False
eating carrots improves your eyesight,factual_false,Do Carrots Help Your Eyesight - Southwestern Eye Center,web,opposing,12,"Therefore, while eating carrots won’t supercharge your sight, they can help prevent vision problems associated with nutritional deficiencies.",18,opposing,0.7104,0.0264,0.2629,0.7104,correct,False,neutral,neutral,False,False,False,False,False
climate change is real,factual_true,Trustworthy answers: Is global warming real? | fsc.org,web,supporting,12,"Today, researchers, governments, and industries widely use them to assess risk and prepare for future climate impacts.",17,supporting,0.71,0.71,0.2883,0.0018,correct,False,neutral,neutral,False,False,False,False,False
lightning never strikes the same place twice,factual_false,Lightning Myths,web,opposing,5,Fact: Being underneath a tree is the second leading cause of lightning casualties.,13,opposing,0.7095,0.0014,0.2893,0.7095,correct,False,neutral,neutral,False,False,False,False,True
5G towers cause cancer,factual_false,Does 5G Mobile Network Cause Cancer? Myths and Facts - OncoD,web,opposing,14,"The review emphasizes the need for more high-quality research to determine the potential health risks, or lack thereof.",18,opposing,0.707,0.0008,0.2922,0.707,correct,False,opposing,neutral,False,False,False,False,False
the speed of light is constant,factual_true,Is The Speed Of Light Constant?,web,supporting,9,The speed of light does not get added to based on the speed of its source.,16,supporting,0.707,0.707,0.2854,0.0076,correct,False,neutral,neutral,True,False,False,False,False
vaccines cause autism,factual_false,Vaccines and autism,encyclopedia,opposing,6,"The results of the study found that when comparing the vaccinated children to the unvaccinated children, the risk of autism in the vaccinated group was 0.92.",26,opposing,0.707,0.0047,0.2883,0.707,correct,False,opposing,opposing,False,False,False,False,False
5G causes COVID,factual_false,5G misinformation - Wikipedia,web,opposing,2,[31] Almost 90 attacks against mobile masts were reported during COVID-19 ...,12,opposing,0.7065,0.0017,0.292,0.7065,correct,False,opposing,,False,False,False,False,False
the Great Wall of China is the only man-made structure visible from space,factual_false,Is China's Great Wall Visible from Space? - Scientific Ameri,web,opposing,7,"Hoffman, now an aerospace engineering professor at the Massachusetts Institute of Technology, failed to make out the Egyptian pyramids for the same reason.",23,opposing,0.7056,0.001,0.2935,0.7056,correct,False,neutral,opposing,False,False,True,False,False
goldfish have a 3 second memory,factual_false,Do goldfish really have a 3-second memory? | Live Science,web,opposing,9,"They can even remember how to repeat these tasks weeks, and even months, later, Brown said.",16,opposing,0.7046,0.0006,0.2949,0.7046,correct,False,neutral,neutral,False,False,False,False,False
climate change is real,factual_true,Artificial Intelligence in Climate Change Mitigation and Ada,academic,supporting,6,"The review concludes by identifying critical research gaps and proposing a strategic roadmap focused on interdisciplinary collaboration, equitable data frameworks, and policy alignment with global cli",27,supporting,0.7041,0.7041,0.2944,0.0014,correct,False,supporting,supporting,False,False,False,False,False
climate change is caused by human activity,factual_true,9 ways we know humans caused climate change | Environmental ,web,supporting,9,"- Monitoring climate conditions to find that the air, sea and land is warming, as we would expect with rising greenhouse gas emissions; as a response, ice is melting and sea level is rising (research ",39,supporting,0.7031,0.7031,0.2954,0.0014,correct,False,neutral,neutral,False,False,False,False,False
climate change is real,factual_true,Here are 10 myths about climate change | WWF,web,supporting,4,"Due to where we are in the world, the UK and Ireland are likely to get more wind and rain as a result of climate change, while New York could see more snow.",33,supporting,0.7031,0.7031,0.2952,0.0017,correct,False,opposing,supporting,False,False,False,False,False
Einstein failed math in school,factual_false,Science myths: did Einstein fail his fourth grade math class,web,opposing,3,"So he definitely did not fail his high school, and definitely was not a poor student.",16,opposing,0.6982,0.0006,0.3015,0.6982,correct,False,neutral,neutral,True,False,False,False,False
bats are blind,factual_false,Exploring the Mysteries of Bats: The Modern Approaches Trans,academic,opposing,6,"Advancements in DNA barcoding, particularly using the COI gene, have improved species identification and conservation planning.",16,opposing,0.6982,0.0016,0.3003,0.6982,correct,False,opposing,opposing,False,False,False,False,False
the sun is a star,factual_true,Sun Facts for Kids - Interesting Facts about the Sun,web,supporting,6,"NASA studies this magnetic field intensively, as it can affect not only our planet but the entire solar system, including space missions and satellites.",24,supporting,0.6973,0.6973,0.293,0.0096,correct,False,neutral,supporting,True,False,False,False,False
5G towers cause cancer,factual_false,5G Technology: Why Should We Expect a shift from RF-Induced ,web,opposing,5,"Regarding the safety of 5G, it should be noted that like earlier technologies (3G and 4G), a threshold level for detrimental effects is expected.",24,opposing,0.6968,0.0005,0.3027,0.6968,correct,False,neutral,neutral,False,False,False,False,False
climate change is real,factual_true,Climate change is real. It's happening. And it's time to mak,web,supporting,6,"The film was widely praised for satirizing responses to the global climate crisis, including from climate scientist Peter Kalmus.",19,supporting,0.6968,0.6968,0.301,0.0024,correct,False,neutral,supporting,False,False,False,False,False
shaving makes hair grow back thicker,factual_false,‘Your hair is your crowning glory’: a patient's experience o,academic,opposing,26,"I had great faith that visiting him would restore my full head of hair, but this did not happen, unfortunately.",20,opposing,0.6968,0.001,0.3022,0.6968,correct,False,neutral,neutral,True,False,False,False,False
climate change is caused by human activity,factual_true,Causes of climate change,encyclopedia,supporting,6,- Advanced climate models are unable to replicate the observed warming unless human greenhouse gas emissions are included.,18,supporting,0.6948,0.6948,0.3032,0.0023,correct,False,neutral,neutral,False,False,False,False,False
bulls are enraged by the color red,factual_false,"Do Bulls Hate The Color Red? No, Mastery!",web,opposing,0,The misconception that bulls hate the color red likely stems from the traditional use of red capes in bullfighting.,19,opposing,0.6919,0.0163,0.2917,0.6919,correct,False,,neutral,False,False,False,True,False
5G towers cause cancer,factual_false,5G misinformation,encyclopedia,opposing,9,"In April 2020, Twitter updated its policy on ""unverified claims that incite harmful activity"" which could, among other things, lead to the damage of 5G infrastructure.",26,opposing,0.6914,0.0005,0.3081,0.6914,correct,False,opposing,opposing,False,True,False,True,False
lightning never strikes the same place twice,factual_false,Lightning Myths,web,opposing,16,"Source: Termination of Multiple Stroke Flashes Observed by Electro- Magnetic Field: 1998, Ishii, et al Proceedings 1998 Int'l Lightning Protection Conference, Birmingham UK, Sept. 1998.",25,opposing,0.6914,0.0023,0.3064,0.6914,correct,False,opposing,opposing,False,True,False,False,True
climate change is real,factual_true,Climate change: evidence and causes | Royal Society,web,supporting,5,"In order to discern the human influence on climate, scientists must consider many natural variations that affect temperature, precipitation, and other aspects of climate from local to global scale, on",37,supporting,0.6909,0.6909,0.3074,0.0018,correct,False,supporting,neutral,False,False,False,False,False
the sun is a star,factual_true,"Exploring love on its own terms with the team behind ""The Su",web,supporting,2,"The odds of the two teens developing an attraction, much less an everlasting love, seems slim at best, in director Ry Russo-Young’s “The Sun Is Also a Star“, which is based on Nicola Yoon’s bestsellin",37,supporting,0.6909,0.6909,0.1346,0.1743,correct,False,opposing,neutral,False,True,False,False,False
dogs can only see in black and white,factual_false,How Dogs See the World - NOT in Black and White - YouTube,web,opposing,0,Contact us Developers Policy & Safety How YouTube works Test new features NFL Sunday Ticket © 2026 Google LLC,19,opposing,0.6904,0.0071,0.3025,0.6904,correct,False,,,False,False,False,False,False
sugar makes children hyperactive,factual_false,"No, sugar doesn’t make your kids hyperactive - The Conversat",web,opposing,8,Rigorous research conducted by experts has consistently failed to find a connection between sugar and hyperactivity.,16,opposing,0.6904,0.0048,0.3049,0.6904,correct,False,neutral,opposing,False,False,True,False,False
antibiotics do not work against viruses,factual_true,Antibiotic misuse,encyclopedia,supporting,6,"- Sinusitis should not be treated with antibiotics because it is usually caused by a virus, and even when it is caused by a bacterium, antibiotics are not indicated except in atypical circumstances as",39,supporting,0.689,0.689,0.29,0.0213,correct,False,opposing,opposing,True,False,False,False,True
the earth is flat,factual_false,Is the Earth Flat? | Answers in Genesis,web,opposing,17,The Final Experiment did much damage to the flat-earth movement.,10,opposing,0.6885,0.0513,0.26,0.6885,correct,False,neutral,neutral,False,False,False,False,False
climate change is real,factual_true,Climate change is real. It's happening. And it's time to mak,web,supporting,7,"We wanted to find out if there are ways we can present information about climate change that lifts people into action, rather than keeping the ""bad news"" at arms length.",30,supporting,0.688,0.688,0.3103,0.0016,correct,False,supporting,neutral,False,True,False,False,False
climate change is real,factual_true,Climate change denial,encyclopedia,supporting,11,"Some organizations promoting climate change denial have asserted that scientists are increasingly rejecting climate change, but this is contradicted by research showing that 97% of published papers en",38,supporting,0.687,0.687,0.3115,0.0014,correct,False,neutral,supporting,False,False,False,False,False
vaccines cause autism,factual_false,Brian Hooker (bioengineer),encyclopedia,opposing,1,He is known for promoting the false claim that vaccines cause autism.,12,opposing,0.687,0.0154,0.2979,0.687,correct,False,neutral,neutral,False,False,True,True,False
vaccines cause autism,factual_false,Time to remember: Vaccines don't cause autism,academic,opposing,0,It was with great concern that the pediatric medicine community heard only 4 years ago of the recurring myth that that vaccines cause autism.,24,opposing,0.6865,0.0054,0.3081,0.6865,correct,False,,neutral,False,False,False,True,False
bulls are enraged by the color red,factual_false,"Do Bulls Hate The Color Red? No, Mastery!",web,opposing,4,"The truth is that bulls charge at the cape because of its movement, not its color.",16,opposing,0.6855,0.0013,0.313,0.6855,correct,False,neutral,neutral,True,False,False,False,False
5G towers cause cancer,factual_false,5G,encyclopedia,opposing,4,They concluded that the system was still immature and that its higher data capacity could increase exposure to attacks.,19,opposing,0.6841,0.0008,0.3152,0.6841,correct,False,opposing,neutral,False,False,False,False,False
climate change is real,factual_true,Climate change in Israel,web,supporting,1,"Annual and mean temperatures are increasing in Israel, with mean temperature expected to increase between 1.6 and 1.8 °C (2.9 and 3.2 °F) by 2100.",25,supporting,0.6826,0.6826,0.3159,0.0014,correct,False,supporting,neutral,False,False,False,False,False
bulls are enraged by the color red,factual_false,Why Bulls Don’t Actually Like the Color Red - Biology Insigh,web,opposing,7,This limited color perception means that red does not register as a distinct shade to the animal.,17,opposing,0.6812,0.0006,0.3186,0.6812,correct,False,neutral,neutral,True,False,False,False,False
climate change is real,factual_true,Here are 10 myths about climate change | WWF,web,supporting,5,"The complex interaction between factors in the Earth’s climate makes extreme weather events, both hot and cold, more unpredictable and impactful.",21,supporting,0.6812,0.6812,0.3179,0.0011,correct,False,supporting,neutral,False,False,False,False,False
cracking your knuckles causes arthritis,factual_false,Does Cracking Your Knuckles Actually Cause Arthritis?,web,opposing,11,"Across every joint type in the fingers, there was no significant correlation between crack-years and osteoarthritis.",16,opposing,0.6812,0.0082,0.3105,0.6812,correct,False,neutral,neutral,True,False,True,False,False
climate change is real,factual_true,Climate change feedbacks,encyclopedia,supporting,12,"; et al, ""Chapter 10: Global Climate Projections"", Sec 10.5.4.6 Synthesis of Projected Global Temperature at Year 2100, archived from the original on 2018-11-04, retrieved 2013-02-01, in: Climate Chan",34,supporting,0.6807,0.6807,0.3169,0.0022,correct,False,neutral,,False,True,False,False,False
climate change is real,factual_true,Trustworthy answers: Is global warming real? | fsc.org,web,supporting,0,"Despite decades of scientific research, climate change remains one of the most misunderstood issues of our time.",17,supporting,0.6807,0.6807,0.3169,0.0023,correct,False,,neutral,False,False,False,False,False
goldfish have a 3 second memory,factual_false,Goldfish Do Not Have a Three Second Memory,web,opposing,3,"Not only that, but they seem to be able to remember things they are taught as much as a year later.",21,opposing,0.6802,0.0007,0.3191,0.6802,correct,False,neutral,neutral,True,False,False,False,False
smoking causes lung cancer,factual_true,Lung cancer,encyclopedia,supporting,6,These were followed by several prospective cohort studies in the 1950s – including the first report of the British Doctors Study in 1954 – all of which showed that those who smoked tobacco were at dra,42,supporting,0.6802,0.6802,0.3149,0.0049,correct,False,neutral,supporting,False,False,False,False,False
evolution is real,factual_true,Human evolution is still happening – possibly faster than ev,web,supporting,15,Though scientists can see these changes are happening – and how quickly – we still don’t fully understand why fast evolution happens to some genes but not others.,28,supporting,0.6797,0.6797,0.3171,0.0033,correct,False,supporting,supporting,True,False,False,False,False
lemmings commit mass suicide,factual_false,mass suicide – Jineral Knowledge,web,opposing,14,This leads to some lemmings accidentally slipping off cliffs and drowning in the river while swimming.,16,opposing,0.6782,0.0036,0.3181,0.6782,correct,False,opposing,neutral,False,False,False,False,False
the moon landing was faked,factual_false,"Was the Moon Landing Fake? | Debunked Theories, Proof We Wen",web,opposing,14,"Since 1969, scientists have been aiming laser beams at these retroreflectors to precisely measure the distance from Earth to the Moon.",21,opposing,0.6782,0.0025,0.3191,0.6782,correct,False,neutral,neutral,False,False,False,False,False
the great wall of china is visible from space,factual_false,Fun Facts About The Great Wall Of China | China Volunteer,web,opposing,7,"Yes, the wall is massive – at its widest 30 feet and its highest 26 feet – but that by no means makes it visible from space.",27,opposing,0.6763,0.0007,0.323,0.6763,correct,False,neutral,opposing,True,False,False,False,False
smoking causes lung cancer,factual_true,How Does Smoking Cause Lung Cancer? | Moffitt,web,supporting,0,Research suggests that smoking causes lung cancer by creating cell mutations.,11,supporting,0.6719,0.6719,0.3223,0.0061,correct,False,,neutral,False,False,False,False,False
the earth is flat,factual_false,Myth of the flat Earth,encyclopedia,opposing,7,"An American schoolbook authored by Emma Miller Bolenius and published in 1919 contains this introduction to the suggested reading for Columbus Day (12 October):
When Columbus lived, people thought tha",34,opposing,0.6719,0.0075,0.3206,0.6719,correct,False,neutral,neutral,False,False,False,False,False
shaving makes hair grow back thicker,factual_false,Does Shaving Make Your Hair Grow Back Thicker? - Skincare.co,web,opposing,2,"“These most likely are due to the feeling of coarse hair after the thinner exposed end is shaved off.” He also mentions that “as hair grows back, it begins short, which is more coarse.",34,opposing,0.6714,0.0174,0.3113,0.6714,correct,False,neutral,neutral,False,True,False,False,False
humans only use 10 percent of their brain,factual_false,The Myth of the One Percent,encyclopedia,opposing,5,that the theory of 1% divergence only applies when looking at sequences that are aligned.,15,opposing,0.6694,0.0036,0.3269,0.6694,correct,False,neutral,neutral,False,False,False,False,False
5G towers cause cancer,factual_false,5G misinformation,encyclopedia,opposing,5,"Environmental impact
[edit] It has been claimed that 5G kills birds or insects, which is false, as radio wave emissions above 10 MHz from cell telephone towers are not known to harm birds.",33,opposing,0.668,0.0008,0.3313,0.668,correct,False,opposing,opposing,True,False,False,False,False
drinking bleach cures diseases,factual_false,Controversial Church Believes Drinking Bleach Cures All Dise,web,opposing,11,"I have taken it years back after doing my research, for probable breast cancer.",14,opposing,0.668,0.0012,0.3308,0.668,correct,False,neutral,neutral,False,False,False,False,False
evolution is real,factual_true,Evolutionism (Religion),web,supporting,6,"The term is very seldom used within the scientific community, since the scientific position on evolution is accepted by the overwhelming majority of scientists.",24,supporting,0.668,0.668,0.3281,0.0036,correct,False,neutral,neutral,False,False,False,False,False
drinking bleach cures diseases,factual_false,Conspiracy Theorists Say a Dangerous Bleach Solution Can,web,opposing,3,"Consumers are instructed to ""activate"" the product by adding citric acid like lemon or lime juice (which are sometimes sold separately for an additional fee).",25,opposing,0.6675,0.0008,0.3315,0.6675,correct,False,neutral,opposing,False,True,False,False,False
drinking bleach cures diseases,factual_false,Conspiracy Theorists Say a Dangerous Bleach Solution Can,web,opposing,11,"Consumers are instructed to ""activate"" the product by adding citric acid like lemon or lime juice (which are sometimes sold separately for an additional fee).",25,opposing,0.6675,0.0008,0.3315,0.6675,correct,False,neutral,opposing,False,True,False,False,False
bats are blind,factual_false,Human uses of bats,encyclopedia,opposing,11,"- ^ a b Mildenstein, T.; Tanshi, I.; Racey, P. A.",11,opposing,0.6655,0.0074,0.3269,0.6655,correct,False,neutral,neutral,False,False,False,False,False
the great wall of china is visible from space,factual_false,Can You See the Great Wall of China from Space? - Universe T,web,opposing,2,"And certainly, the Apollo astronauts couldn't see it from the Moon, even though that urban legend has been widely circulated.",20,opposing,0.665,0.0005,0.3345,0.665,correct,False,opposing,neutral,True,True,False,True,False
the sun is a star,factual_true,The sun: Facts about the bright star at the center of the...,web,supporting,13,Pictured here is an artist's concept of the sun being observed by NASA's Parker Solar Probe.,16,supporting,0.6636,0.6636,0.3237,0.0124,correct,False,supporting,supporting,False,True,False,False,False
lightning never strikes the same place twice,factual_false,Lightning Often Strikes Twice | NASA Spinoff,web,opposing,8,"Larger airports may have thousands of miles of wire and cable underground, and those that were formerly U.S. military air bases could have 10 times more wire and cable underground than needed.",32,opposing,0.6621,0.0046,0.3333,0.6621,correct,False,neutral,neutral,False,False,False,False,True
goldfish have a three second memory,factual_false,Do Goldfish Really Have A 3-Second Memory? » ScienceABC,web,opposing,13,A more recent and frankly extraordinary 2022 study from Ben-Gurion University went a step further.,15,opposing,0.6616,0.0027,0.3357,0.6616,correct,False,neutral,neutral,False,False,False,False,False
humans only use 10 percent of their brain,factual_false,Do We Really Use Only 10 Percent of Our Brain? | Britannica,web,opposing,10,So how did we come to believe that 90 percent of our brain is useless?,15,opposing,0.6616,0.007,0.3313,0.6616,correct,False,neutral,neutral,False,False,False,False,False
5G causes COVID,factual_false,5G misinformation,encyclopedia,opposing,6,Viruses are submicroscopic physical objects and cannot be a form of radiation.,12,opposing,0.6606,0.0042,0.3354,0.6606,correct,False,neutral,opposing,True,False,False,False,False
climate change is real,factual_true,Trustworthy answers: Is global warming real? | fsc.org,web,supporting,4,"According to the Intergovernmental Panel on Climate Change (IPCC), global temperatures reached 1.5°C above pre-industrial levels in 2023.",18,supporting,0.6597,0.6597,0.3389,0.0013,correct,False,neutral,supporting,False,False,False,False,False
the earth revolves around the sun,factual_true,Earth's orbit,encyclopedia,supporting,6,"Influence on Earth
[edit] Because of Earth's axial tilt (often known as the obliquity of the ecliptic), the inclination of the Sun's trajectory in the sky (as seen by an observer on Earth's surface) v",41,supporting,0.6597,0.6597,0.2786,0.0618,correct,False,supporting,neutral,False,True,False,False,False
shaving makes hair grow back thicker,factual_false,"As a female, does shaving your face make your hair grow thic",web,opposing,1,Take me as an example… I started growing bald ...,10,opposing,0.6592,0.0008,0.3401,0.6592,correct,False,neutral,,False,False,False,False,False
the sun is a star,factual_true,Ask a Solar Physicist,web,supporting,2,"Aristarchus of Samos (Samos is a Greek island in the Aegean Sea) lived
from about 310 to 230 BC, about 2250 years ago.",23,supporting,0.6572,0.6572,0.1696,0.1731,correct,False,neutral,neutral,False,False,False,False,False
humans only use 10 percent of their brain,factual_false,Beyond the Myth That We Use Only 10 Percent of Our Brains | ,web,opposing,9,"It will also address a key question: If we use all of our brains, why do we still underperform, and how can we optimize brain efficiency?",26,opposing,0.6543,0.0007,0.345,0.6543,correct,False,neutral,opposing,False,False,False,False,False
bulls are enraged by the color red,factual_false,"Do Bulls Hate The Color Red? No, Mastery!",web,opposing,17,"Conclusion
The myth that bulls hate the color red is not based on scientific evidence.",15,opposing,0.6523,0.0234,0.3242,0.6523,correct,False,neutral,opposing,True,False,False,True,False
dogs can only see in black and white,factual_false,Can animals see colour? - AdelaideVet,web,opposing,12,This means they can see normally with as little as 15% of light that humans would need.,17,opposing,0.6514,0.0012,0.3477,0.6514,correct,False,neutral,opposing,False,False,False,False,False
climate change is real,factual_true,Climate change: evidence and causes | Royal Society,web,supporting,8,This becomes obvious when scientists probe beyond changes in the average temperature of the planet and look more closely at geographical and temporal patterns of climate change.,27,supporting,0.6494,0.6494,0.3486,0.0023,correct,False,supporting,neutral,False,False,False,False,False
evolution is real,factual_true,Human evolution is still happening – possibly faster than ev,web,supporting,16,"So if their contribution to the gene pool changes – for example, if men delay having children – the mutation rate will change too.",24,supporting,0.6494,0.6494,0.3479,0.0028,correct,False,supporting,,False,False,False,False,False
shaving makes hair grow back thicker,factual_false,‘Your hair is your crowning glory’: a patient's experience o,academic,opposing,3,"When I first started losing my hair, I bought an expensive shampoo from my hairdresser, but this did not make any difference.",22,opposing,0.6494,0.0005,0.3503,0.6494,correct,False,neutral,neutral,True,False,False,False,False
Einstein failed math in school,factual_false,Andrei Zelevinsky,encyclopedia,opposing,7,"Dep page Archived May 1, 2013, at the Wayback Machine
- ^ Israel M. Gelfand, Mikhail M. Kapranov, Andrei V. Zelevinsky, Hypergeometric functions and toric varieties, (Russian) Funktsional.",28,opposing,0.6479,0.0005,0.3516,0.6479,correct,False,supporting,neutral,False,False,False,False,False
the great wall of china is visible from space,factual_false,great wall of china not visible from space,web,opposing,14,i can’t see the gerat wall of china out there its not visible in my eye can you make it more zoon so that i could see the great wall of china..?,32,opposing,0.647,0.0015,0.3516,0.647,correct,False,opposing,neutral,True,False,False,False,False
shaving makes hair grow back thicker,factual_false,Hair growth promoting effect of essential oil from grapefrui,academic,opposing,1,"There are many ways to overcome this, one of which is to use hair care products that help stimulate hair growth, reduce hair loss and make hair stronger.",28,opposing,0.6455,0.0026,0.3521,0.6455,correct,False,neutral,neutral,False,False,False,False,False
5G causes COVID,factual_false,5G and coronavirus: Debunking the fake news stories - BBC,web,opposing,8,False theories linking 5G to coronavirus usually come in two varieties.,11,opposing,0.6421,0.005,0.3528,0.6421,correct,False,neutral,opposing,False,False,False,False,False
lemmings commit mass suicide,factual_false,mass suicide – Jineral Knowledge,web,opposing,17,Because the producers launched them off a cliff from a turntable.,11,opposing,0.6421,0.0107,0.3472,0.6421,correct,False,neutral,,False,False,False,False,False
climate change is real,factual_true,Trustworthy answers: Is global warming real? | fsc.org,web,supporting,6,"Today, climate change refers to the warming caused by human activity, primarily from burning fossil fuels for energy and transport, deforestation from agriculture and logging, and land use changes tie",33,supporting,0.6416,0.6416,0.3567,0.002,correct,False,supporting,neutral,False,False,False,False,False
the earth revolves around the sun,factual_true,net127: Poll: Sun Revolves Around the Earth,web,supporting,5,"The knowledge gap is even wider on the basis of gender and race:
- 85% of men compared to only 69% of women know that America's freedom was won from England
- 80% of whites vs. 54% of blacks answered ",133,supporting,0.6416,0.6416,0.3467,0.0114,correct,False,neutral,neutral,False,True,False,False,False
the sun is a star,factual_true,The sun: Facts about the bright star at the center of the...,web,supporting,15,Auroras on Earth happen when charged particles from the sun interact with our planet's atmosphere.,15,supporting,0.6406,0.6406,0.3508,0.0085,correct,False,supporting,opposing,False,True,False,False,False
drinking bleach cures diseases,factual_false,"Alan Keyes Wants YOU To Drink Bleach (Do Not Do That, You Wi",web,opposing,13,Though there is some truth to it in that chronic low dose arsenic poisoning can increase tolerance to acute doses.,20,opposing,0.6392,0.0018,0.3591,0.6392,correct,False,neutral,,False,False,False,False,False
shaving makes hair grow back thicker,factual_false,A Comprehensive Review on Preparation and Quality Evaluation,academic,opposing,7,"So, the review article primarily focuses on summarizing existing knowledge related to formulation, optimization strategies and quality evaluation methods ter shaving are cons while highlighting resear",30,opposing,0.6382,0.0018,0.3599,0.6382,correct,False,neutral,,False,False,False,False,False
we only use 10% of our brains,factual_false,Ten percent of the brain myth - Wikipedia,web,opposing,0,"1999), ""Whence Cometh the Myth that We Only Use 10% of our Brains?",13,opposing,0.6377,0.0168,0.3452,0.6377,correct,False,,,False,True,False,True,False
climate change is real,factual_true,Climate Change - NASA Science,web,supporting,14,"The purpose is to enhance NASA capabilities in Earth science, with an emphasis on weather and climate prediction, and to enable future scientific discoveries that will benefit humankind.",28,supporting,0.6362,0.6362,0.3621,0.0016,correct,False,neutral,neutral,False,False,False,False,False
drinking bleach cures diseases,factual_false,Drinking Bleach Is No Cure for Coronavirus and Poses Serious,web,opposing,2,"If bleach is so good at killing viruses on surfaces, you might wonder if bleach can be used to kill viruses in people.",23,opposing,0.6362,0.0018,0.3621,0.6362,correct,False,neutral,opposing,False,False,False,False,False
5G causes COVID,factual_false,"5G Doesn’t Cause COVID-19, But the Rumor That It Does Spread",web,opposing,8,"“I didn’t expect 5G to stand out among the misinformation as much as it did,” said Nsoesie.",17,opposing,0.6357,0.0008,0.3635,0.6357,correct,False,neutral,neutral,False,True,False,False,False
antibiotics do not work against viruses,factual_true,Viral Infections - Why Don't Antibiotics Kill Viruses? - Dru,web,supporting,5,"- When you think about it structurally, it makes sense that an antibiotic could not work to kill a virus with a completely different set of replicating “machinery”.",28,supporting,0.6357,0.6357,0.3149,0.0495,correct,False,supporting,neutral,True,True,False,False,True
you lose most body heat through your head,factual_false,Do You Really Lose Most of Your Body's Heat Through Your Hea,web,opposing,14,"One more bit of information, too: Children tend to lose a higher percentage of body heat through their heads.",19,opposing,0.6348,0.0108,0.3545,0.6348,correct,False,neutral,neutral,False,False,False,False,False
the earth is flat,factual_false,Introduction - The Flat Earth and its Advocates: A List of R,web,opposing,12,"Freitag's guide incorporated journal and magazine articles, books, book chapters, and even book excerpts into a single list of references, and included a number of resources from outside the Library o",32,opposing,0.6343,0.0038,0.3621,0.6343,correct,False,neutral,neutral,False,True,False,False,False
climate change is real,factual_true,Is Climate Change Real? | Britannica,web,supporting,2,"Climate, however, involves the average condition of the atmosphere over a long period of time (such as across a few decades or more) at a given location.",27,supporting,0.6323,0.6323,0.3662,0.0014,correct,False,supporting,supporting,False,False,False,False,False
goldfish have a three second memory,factual_false,Do goldfish really only have a 3 second memory? | Discover .,web,opposing,1,"In fact, goldfish can retain memories for at least three months, can be trained, and can also tell the time.",20,opposing,0.6323,0.003,0.3645,0.6323,correct,False,neutral,neutral,False,False,False,False,False
lightning never strikes the same place twice,factual_false,Lightning,encyclopedia,opposing,12,"The International Center for Lightning Research and Testing (ICLRT) at Camp Blanding, Florida typically uses rocket triggered lightning in their research studies.",22,opposing,0.6323,0.0019,0.366,0.6323,correct,False,neutral,neutral,False,False,False,False,True
5G towers cause cancer,factual_false,Cell Phones and Cancer Risk Fact Sheet - NCI,web,opposing,2,"Interphone Case–Control Study
How the study was done: This is the largest case–control study of cell phone use and the risk of head and neck tumors.",26,opposing,0.6318,0.0024,0.366,0.6318,correct,False,opposing,opposing,False,False,False,False,False
bulls are enraged by the color red,factual_false,"Do Bulls Hate The Color Red? No, Mastery!",web,opposing,14,"Therefore, the idea that bulls specifically perceive the color red as an aggressive threat is likely a myth.",18,opposing,0.6318,0.0179,0.3501,0.6318,correct,False,neutral,opposing,False,False,False,True,False
climate change is real,factual_true,Climate change denial,encyclopedia,supporting,9,"On 17 September, the National Academies of Sciences, Engineering, and Medicine (NASEM) published a 137-page paper stating that ""the evidence for current and future harm to human health and welfare cre",38,supporting,0.6309,0.6309,0.3672,0.002,correct,False,neutral,neutral,False,True,False,False,False
christopher columbus discovered america,factual_false,Christopher Columbus Facts: The Truth Behind His,web,opposing,0,"While many schoolbooks present Christopher Columbus as the famous explorer who discovered America, history has painted a much more complicated picture.",21,opposing,0.6299,0.1632,0.2068,0.6299,correct,False,,neutral,False,False,False,False,False
the earth is flat,factual_false,Modern flat Earth beliefs,encyclopedia,opposing,14,Behind the Curve illustrated how flat Earth believers rely on poorly-verified claims.,12,opposing,0.6294,0.0153,0.3552,0.6294,correct,False,neutral,neutral,False,False,False,False,False
the sun is a star,factual_true,Sun: Facts - NASA Science,web,supporting,1,"Helios, the Sun god in ancient Greek mythology, lends his name to many Sun-related terms as well, such as heliosphere and helioseismology.",22,supporting,0.6294,0.6294,0.3477,0.0231,correct,False,supporting,opposing,False,False,False,False,False
5G causes COVID,factual_false,5G,encyclopedia,opposing,14,"COVID-19 conspiracy theories
[edit] The rollout of 5G technology began during the COVID-19 pandemic, prompting conspiracy theories that linked 5G to the pandemic.",23,opposing,0.6289,0.0025,0.3687,0.6289,correct,False,neutral,opposing,False,False,False,False,False
5G towers cause cancer,factual_false,5G Technology: Why Should We Expect a shift from RF-Induced ,web,opposing,9,"[DOI] [PubMed] [Google Scholar]
- 7.Mortazavi S, Mishra K P. Mobile phone use and cancer: Does dose really matter?",19,opposing,0.6284,0.0013,0.3701,0.6284,correct,False,neutral,neutral,False,False,False,False,False
the earth revolves around the sun,factual_true,Earth's orbit,encyclopedia,supporting,5,"According to historian Jerry Brotton, ""Although Copernicus's groundbreaking book ... had been [printed more than] a century earlier, [the Dutch mapmaker] Joan Blaeu was the first mapmaker to incorpora",39,supporting,0.6279,0.6279,0.3672,0.0048,correct,False,neutral,supporting,False,True,False,False,False
antibiotics do not work against viruses,factual_true,Antibiotic misuse,encyclopedia,supporting,9,"They are also ineffective against sore throats, which are usually viral and self-resolving.",13,supporting,0.627,0.627,0.3625,0.0103,correct,False,supporting,opposing,False,False,False,False,True
the sun is a star,factual_true,Our solar system: The sun information and facts | National G,web,supporting,12,"At about 864,000 miles (1.4 million kilometers) wide, the sun is 109 times wider than Earth, and it accounts for more than 99.8 percent of the solar system's total mass.",30,supporting,0.6265,0.6265,0.3218,0.0519,correct,False,neutral,neutral,False,True,False,False,False
evolution is real,factual_true,evolution.berkeley.edu/evolution-101,web,supporting,2,- Mechanisms: the processes of evolution How does evolution work?,10,supporting,0.6245,0.6245,0.3723,0.0031,correct,False,supporting,neutral,False,False,False,False,False
climate change is real,factual_true,Climate Change - NASA Science,web,supporting,9,Scientists predict global temperature increases from human-made greenhouse gases will continue.,11,supporting,0.624,0.624,0.3745,0.0015,correct,False,neutral,neutral,False,False,False,False,False
lightning never strikes the same place twice,factual_false,Lightning Often Strikes Twice | NASA Spinoff,web,opposing,4,"Sam Gasque, past president of Consumer Lightning Technologies and a technical consultant for Zap Guard USA, is still active in the research and marketing phases of the PLSLS.",28,opposing,0.6235,0.0027,0.374,0.6235,correct,False,neutral,opposing,False,False,False,False,True
we only use 10% of our brains,factual_false,Ten-percent-of-the-brain myth,encyclopedia,opposing,11,"""Whence Cometh the Myth that We Only Use 10% of our Brains?"".",12,opposing,0.623,0.0154,0.3618,0.623,correct,False,neutral,neutral,False,True,False,True,False
5G towers cause cancer,factual_false,Do Cell Phone Towers Cause Cancer? | American Cancer Society,web,opposing,6,"Most studies to date have not found a link between cell phone use and cancer, although these studies have had some important limitations.",23,opposing,0.6191,0.0008,0.3801,0.6191,correct,False,opposing,neutral,True,False,False,False,False
climate change is real,factual_true,Climate Change - NASA Science,web,supporting,7,"Over the last century, burning of fossil fuels like coal and oil has increased the concentration of atmospheric carbon dioxide (CO2).",21,supporting,0.6182,0.6182,0.3809,0.001,correct,False,neutral,neutral,False,False,False,False,False
vaccines cause autism,factual_false,Vaccines and autism: What Colorado families should know,web,opposing,10,Thimerosal — a preservative once used in some multi-dose vaccine vials — does not cause autism.,16,opposing,0.6182,0.0161,0.366,0.6182,correct,False,neutral,neutral,True,False,False,False,False
5G towers cause cancer,factual_false,Do Cell Phone Towers Cause Cancer? | American Cancer Society,web,opposing,3,- A large British study comparing families of young children with cancer with families of children without cancer found no link between a mother’s exposure to the towers during pregnancy (based on the,62,opposing,0.6167,0.0038,0.3794,0.6167,correct,False,neutral,neutral,True,False,True,False,False
bats are blind,factual_false,Emergence of Maps in the Memories of Blind Navigation Agents,academic,opposing,1,"Hamsters, wolves, chimpanzees, and bats leverage prior exploration to determine and follow shortcuts they may never have taken before (Chapuis &amp; Scardigli, 1993; Harten, Katz, Goldshtein, Handel, ",38,opposing,0.6167,0.0012,0.3818,0.6167,correct,False,opposing,neutral,True,False,False,False,False
climate change is caused by human activity,factual_true,The Causes of Climate Change,web,supporting,4,"""Since systematic scientific assessments began in the 1970s, the influence of human activity on the warming of the climate system has evolved from theory to established fact.""",27,supporting,0.6143,0.6143,0.3816,0.004,correct,False,supporting,neutral,False,True,False,False,False
5G towers cause cancer,factual_false,"5G towers don't cause cancer — WHO, NCI confirm — Lenz",web,opposing,2,- Absence of proof of safety is not the same as proof of harm — research gaps at specific 5G frequencies do not constitute evidence that 5G causes cancer.,29,opposing,0.6138,0.0071,0.3791,0.6138,correct,False,opposing,neutral,True,False,False,False,False
bats are blind,factual_false,The Blind Watchmaker,encyclopedia,opposing,1,"He also presents arguments to refute certain criticisms made of his first book, The Selfish Gene.",16,opposing,0.6133,0.0023,0.3845,0.6133,correct,False,neutral,neutral,False,False,False,False,False
climate change is real,factual_true,Climate change feedbacks,encyclopedia,supporting,2,"Negative feedbacks are large, and play a great role in the studies of climate inertia or of dynamic (time-dependent) climate change.",21,supporting,0.6128,0.6128,0.3848,0.0025,correct,False,neutral,neutral,False,False,False,False,False
the sun is a star,factual_true,The Sun Is Also a Star,encyclopedia,supporting,7,"""Loren Dean Joins 'The Mule'; Camrus Johnson Boards 'The Sun Is Also a Star'"".",14,supporting,0.6123,0.6123,0.2471,0.1404,correct,False,supporting,supporting,False,True,False,False,False
drinking bleach cures diseases,factual_false,People are still drinking bleach—and vomiting and pooping,web,opposing,10,"According to a June investigation by NBC News, poison control centers across the country have seen 16,500 cases involving chlorine dioxide since 2014.",23,opposing,0.6069,0.0014,0.3918,0.6069,correct,False,opposing,opposing,False,False,False,False,False
climate change is real,factual_true,Climate change in Florida,encyclopedia,supporting,2,"As the ocean rises, it will flood the Everglades and the Biscayne Aquifer, impacting the water supply of Miami.",19,supporting,0.604,0.604,0.3948,0.0012,correct,False,supporting,supporting,False,False,False,False,False
climate change is real,factual_true,Is Climate Change Real? | Britannica,web,supporting,8,"- Related Topics:
- climate change
Some 97 percent of scientists involved in climate research agree that it is extremely likely that much of the warming observed since the early 1900s results from hum",35,supporting,0.604,0.604,0.394,0.002,correct,False,supporting,supporting,False,False,False,False,False
smoking causes lung cancer,factual_true,"Lung cancer statistics, 2023",academic,supporting,7,"Racial and geographic inequalities highlight longstanding opportunities for more concerted tobacco-control efforts targeted at high-risk populations, including improved access to smoking-cessation tre",31,supporting,0.603,0.603,0.3938,0.0034,correct,False,neutral,,False,False,False,False,False
5G causes COVID,factual_false,Covering Conspiracy: Approaches to Reporting the COVID/5G Co,academic,opposing,0,Conspiracy theories about the ‘real’ origins of the coronavirus have co-evolved with media coverage of the COVID-19 crisis itself; the World Health Organization now warns about a global “infodemic” pa,33,opposing,0.6021,0.0016,0.3962,0.6021,correct,False,,neutral,False,True,False,False,False
bats are blind,factual_false,Increased emission intensity can compensate for the presence,academic,opposing,2,"We tested people who were blind and had experience in echolocation, as well as blind and sighted people who had no experience in echolocation prior to the study.",28,opposing,0.6011,0.0099,0.3892,0.6011,correct,False,opposing,opposing,True,False,False,False,False
climate change is caused by human activity,factual_true,Scientific consensus on climate change,encyclopedia,supporting,7,"This was a follow-up to an analysis looking at 2,258 peer-reviewed articles published between November 2012 and December 2013, which revealed that only one of the 9,136 authors rejected anthropogenic ",32,supporting,0.6011,0.6011,0.3965,0.0028,correct,False,neutral,neutral,False,False,False,False,False
christopher columbus discovered america,factual_false,Christopher Columbus,encyclopedia,opposing,2,"Over his subsequent voyages, Columbus refused to acknowledge that the lands he visited and claimed for Spain were not part of Asia, in the face of mounting evidence to the contrary.",31,opposing,0.5986,0.0117,0.3899,0.5986,correct,False,neutral,opposing,True,False,False,False,False
climate change is real,factual_true,Is Climate Change Real? | Britannica,web,supporting,0,"By definition, climate change is the periodic modification of Earth’s climate due to changes in the atmosphere and interactions between the atmosphere and other geologic, chemical, biological, and geo",34,supporting,0.5981,0.5981,0.4001,0.0015,correct,False,,supporting,False,False,False,False,False
climate change is real,factual_true,Real-world time-travel experiment shows ecosystem collapse d,academic,supporting,8,"While the rate may not persist over the next few decades, this natural experiment indicates a 75% drowning of these wetlands by 2070 under current carbon emissions.",27,supporting,0.5977,0.5977,0.4009,0.0017,correct,False,supporting,,True,False,False,False,False
lemmings commit mass suicide,factual_false,Do Lemmings Really Commit Mass Suicide? | Britannica,web,opposing,8,"When the concentration of lemmings becomes too high in one area, a large group will set out in search of a new home.",23,opposing,0.5977,0.0016,0.4006,0.5977,correct,False,opposing,opposing,False,False,False,False,False
5G towers cause cancer,factual_false,"5G towers don't cause cancer — WHO, NCI confirm — Lenz",web,opposing,1,"- The IARC Group 2B 'possibly carcinogenic' classification applies to RF-EMF broadly based on older mobile phone studies — it is a precautionary placeholder, not a confirmed finding of causation, and ",38,opposing,0.5962,0.0031,0.4009,0.5962,correct,False,opposing,opposing,True,True,False,False,False
honey never expires,factual_true,Honeyblood,encyclopedia,supporting,8,"Discography
[edit] Albums
[edit] Title Album details Peak chart positions
""—"" denotes album that did not chart or was not released
[edit] - ""Thrift Shop"" (2012, self-released)
- ""Killer Bangs"" (2014)
",80,supporting,0.5962,0.5962,0.1605,0.2433,correct,False,neutral,opposing,True,True,False,False,True
vaccines cause autism,factual_false,Vaccines and autism: What Colorado families should know,web,opposing,18,"Delaying or refusing vaccines does not prevent autism – but it does leave children at risk for serious, sometimes life-threatening infections like measles, pertussis, and chickenpox.",26,opposing,0.5942,0.0217,0.384,0.5942,correct,False,opposing,,True,False,False,False,False
lemmings commit mass suicide,factual_false,True lemming,encyclopedia,opposing,9,"When conditions are favorable, these demographic parameters allow for a veritable explosion in population size.",15,opposing,0.5933,0.0064,0.4006,0.5933,correct,False,opposing,neutral,False,False,False,False,False
the moon landing was faked,factual_false,The Moon Landings Were Faked - Conspiracy Theories - TIME,web,opposing,8,"And as for Virgil I. Grissom, Edward H. White and Roger B. Chaffee — three astronauts who died in a fire while testing equipment for the first moon mission?",29,opposing,0.5928,0.0062,0.4011,0.5928,correct,False,supporting,neutral,False,False,False,False,False
drinking bleach cures diseases,factual_false,What If You Drink Bleach? | HowStuffWorks,web,opposing,1,Should you worry about drinking a mouthful of bleach ...,10,opposing,0.5923,0.002,0.4058,0.5923,correct,False,neutral,,False,False,False,False,False
lightning never strikes the same place twice,factual_false,Lightning Myths,web,opposing,12,Fact: Lying flat increases your chance of being affected by potentially deadly ground current.,14,opposing,0.5918,0.0028,0.4053,0.5918,correct,False,neutral,neutral,False,False,False,False,True
christopher columbus discovered america,factual_false,Christopher Columbus Facts: The Truth Behind His,web,opposing,4,"While he did reach the coasts of what today are Cuba, Haiti, and the Dominican Republic, as well as explore the Central and South American coasts, he never unfurled a Spanish flag in North America.",35,opposing,0.5908,0.0067,0.4026,0.5908,correct,False,neutral,neutral,True,False,False,False,False
5G towers cause cancer,factual_false,"Microwave radiofrequencies, 5G, 6G, graphene nanomaterials: ",academic,opposing,5,"Results: (1) Since their emergence, the authorities have deployed and encouraged the use of wireless technologies (2G, 3G, 4G, WiFi, WiMAX, DECT, Bluetooth, cell phone towers/masts/base stations, smal",30,opposing,0.5903,0.0004,0.4092,0.5903,correct,False,opposing,neutral,False,False,False,False,False
lemmings commit mass suicide,factual_false,Do Lemmings Really Commit Mass Suicide? - Strange Writer,web,opposing,5,"The Truth About Lemming Behavior
While the parable of mass suicide has continued the reality in the back of lemming behavior is some distance much less dramatic and much extra natural.",31,opposing,0.5903,0.0404,0.3691,0.5903,correct,False,neutral,opposing,False,False,False,False,False
honey never expires,factual_true,Does Honey Go Bad? | Food Network,web,supporting,7,"As long as the lid stays on and the honey stays free of added moisture, honey can be stored in the cupboard indefinitely.",23,supporting,0.5898,0.5898,0.4006,0.0097,correct,False,neutral,opposing,False,False,False,False,True
lemmings commit mass suicide,factual_false,Do lemmings really commit mass suicide? - The Straight Dope,web,opposing,3,"The popular line on the lemming-suicide myth, found easily on debunking sites like Snopes, plays as follows:
(1) White Wilderness, a 1958 Disney documentary about arctic wildlife filmed in Alberta, Ca",66,opposing,0.5898,0.0083,0.4019,0.5898,correct,False,neutral,neutral,False,True,False,False,False
vaccines cause autism,factual_false,Autism & Vaccines: Separating Fact from Fiction,web,opposing,13,"Decreased vaccination rates have led to outbreaks of preventable diseases, such as measles, which had been nearly eradicated in many countries.",21,opposing,0.5889,0.0008,0.4104,0.5889,correct,False,neutral,neutral,False,False,False,False,False
smoking causes lung cancer,factual_true,Tumor Suppressor miR-584-5p Inhibits Migration and Invasion ,academic,supporting,5,Our results provide a better understanding of the underlying changes in miRNA expression in smoking-related lung carcinogenesis and suggest that miR-584-5p is a potential molecular biomarker for smoki,29,supporting,0.5884,0.5884,0.4094,0.0023,correct,False,neutral,neutral,False,False,False,False,False
the sun is a star,factual_true,Sun Facts for Kids - Interesting Facts about the Sun,web,supporting,7,"This change is because the Sun would have burned up almost all of its hydrogen fuel and starts burning helium, causing it to expand and cool down.",27,supporting,0.5884,0.5884,0.3931,0.0185,correct,False,supporting,neutral,False,False,False,False,False
5G causes COVID,factual_false,5G misinformation,encyclopedia,opposing,7,"Principal concepts
[edit] It has been assumed that installing new 5G base stations over a given area may result in an uncontrollable increase of radiofrequency ""pollution"".",26,opposing,0.5879,0.0008,0.4114,0.5879,correct,False,opposing,opposing,False,True,False,False,False
climate change is real,factual_true,How climate change intensified storm Boris’ extreme rainfall,academic,supporting,6,The case of Storm Boris demonstrates the potential of near-real-time storylines for rapid evidence-based climate change communication.,17,supporting,0.5879,0.5879,0.4097,0.0026,correct,False,neutral,supporting,False,False,False,False,False
bulls are enraged by the color red,factual_false,Do Bulls Really Hate The Color Red Or Are They Color Blind?,web,opposing,7,"These experiments have noted that bulls can differentiate between different colors can red, but none of them have conclusively associated the color red with aggression.",25,opposing,0.5874,0.0056,0.407,0.5874,correct,False,neutral,neutral,False,False,False,False,False
drinking bleach cures diseases,factual_false,Miracle Mineral Supplement,encyclopedia,opposing,3,"Safety and legal issues
The Guardian described MMS as ""extremely nasty stuff, and the medical advice given is that anyone who has this product should stop using it immediately and throw it away.",33,opposing,0.5869,0.0011,0.4121,0.5869,correct,False,neutral,neutral,False,True,False,False,False
the Great Wall of China is the only man-made structure visible from space,factual_false,What makes the Great Wall of China the only man-made object ,web,opposing,6,"However, due to its thinness, the Great Wall of China is not the easiest man-made object for a camera in space to spot.",23,opposing,0.5845,0.0012,0.4141,0.5845,correct,False,neutral,opposing,True,False,False,False,False
climate change is real,factual_true,Is climate change real? Here are 7 solid facts. | Environmen,web,supporting,5,"All major climate change reports are thoroughly researched and based on the most accurate, up-to-date science.",16,supporting,0.5806,0.5806,0.4177,0.0019,correct,False,supporting,neutral,False,False,False,False,False
you lose most body heat through your head,factual_false,Do You Lose Half of Your Body Heat from Your Head? | MeatEat,web,opposing,11,"If it were true that half of your body heat exits through the head, then it’d mean that you lose roughly 20 times as much heat per square inch as every other part of the body.",36,opposing,0.5801,0.2222,0.1979,0.5801,correct,False,neutral,neutral,False,False,False,False,False
evolution is real,factual_true,evolution.berkeley.edu/evolution-101,web,supporting,1,You can explore the following sections: - An introduction to evolution Evolution briefly defined and explained - The history of life: looking at the patterns How does evolution lead to the tree of lif,34,supporting,0.5791,0.5791,0.4172,0.0035,correct,False,neutral,supporting,False,False,False,False,False
climate change is real,factual_true,Trustworthy answers: Is global warming real? | fsc.org,web,supporting,5,"And in 2024, NOAA confirmed it was the warmest year on record since global temperature tracking began in 1850.",19,supporting,0.5781,0.5781,0.4211,0.001,correct,False,supporting,supporting,False,False,False,False,False
climate change is real,factual_true,Climate change in Florida,encyclopedia,supporting,11,An October 2020 survey conducted by Florida Atlantic University (FAU) found that over two-thirds of Florida residents expressed concerns about the impact of climate change on the state's future.,29,supporting,0.5767,0.5767,0.4219,0.0017,correct,False,neutral,neutral,False,True,False,False,False
the speed of light is constant,factual_true,Why speed of light is constant?,web,supporting,9,"Areas of Agreement / Disagreement
Participants express a range of views on the constancy of the speed of light, with some agreeing on the importance of historical experiments while others contest the ",39,supporting,0.5762,0.5762,0.416,0.0076,correct,False,supporting,opposing,False,False,False,False,False
goldfish have a 3 second memory,factual_false,Do goldfish really have a 3-second memory? | Live Science,web,opposing,1,And the science to back this up has been around for more than 60 years.,15,opposing,0.5747,0.003,0.4224,0.5747,correct,False,opposing,neutral,False,False,False,False,False
cracking your knuckles causes arthritis,factual_false,Is Cracking Your Knuckles Bad for You?,web,opposing,3,"According to Dr. Stearns, cracking your knuckles releases gas — in the form of nitrogen bubbles — from the space around your joints.",23,opposing,0.5742,0.0012,0.4246,0.5742,correct,False,neutral,neutral,False,False,False,False,False
goldfish have a three second memory,factual_false,Debunking the Myth: Do Goldfish Have a Three-Second Memory?,web,opposing,0,Contact us Developers Policy & Safety How YouTube works Test new features NFL Sunday Ticket © 2026 Google LLC,19,opposing,0.5742,0.0066,0.4192,0.5742,correct,False,,,False,False,False,False,False
lightning never strikes the same place twice,factual_false,Lightning Often Strikes Twice | NASA Spinoff,web,opposing,5,"He believes this technology has strong potential for a variety of venues, virtually any place that is prone to lightning strikes.",21,opposing,0.5737,0.0022,0.4241,0.5737,correct,False,opposing,neutral,False,False,False,False,True
the speed of light is constant,factual_true,Why speed of light is constant?,web,supporting,3,"- The Michelson-Morley Experiment is cited as a historical example supporting the constancy of the speed of light, along with references to Maxwell's Equations.",24,supporting,0.5737,0.5737,0.4214,0.0048,correct,False,neutral,neutral,False,True,False,False,False
5G towers cause cancer,factual_false,5G,encyclopedia,opposing,2,"Also in 2012, the European Union launched the Mobile and Wireless Communications Enablers for the Twenty-Twenty Information Society (METIS) project to align emerging network research with internationa",28,opposing,0.5728,0.0011,0.4263,0.5728,correct,False,opposing,opposing,False,False,False,False,False
5G towers cause cancer,factual_false,Mark Steele (conspiracy theorist),encyclopedia,opposing,6,"In 2018, Steele addressed the Democrats and Veterans Party, on the subject of 5G Networks.",15,opposing,0.5728,0.0006,0.4265,0.5728,correct,False,neutral,neutral,False,False,False,False,False
the moon landing was faked,factual_false,Why some people claim the Moon landing was faked - BBC,web,opposing,2,That and subsequent missions have brought back 382kg of moon rock.,11,opposing,0.5718,0.0015,0.4265,0.5718,correct,False,opposing,opposing,False,False,False,False,False
climate change is real,factual_true,Here are 10 myths about climate change | WWF,web,supporting,8,"In addition, the global wildfire season is getting longer, due to higher temperatures and longer droughts.",16,supporting,0.5698,0.5698,0.4287,0.0014,correct,False,supporting,neutral,False,False,False,False,False
evolution is real,factual_true,evolution.berkeley.edu/evolution-101,web,supporting,5,- Macroevolution How does evolution work on a grand scale?,10,supporting,0.5693,0.5693,0.4287,0.0021,correct,False,neutral,neutral,False,False,False,False,False
the earth is flat,factual_false,Is the Earth Flat? | Answers in Genesis,web,opposing,14,"Rockets work because of Newton’s third law of motion (action-reaction), not because they push off air.",16,opposing,0.5684,0.0091,0.4226,0.5684,correct,False,neutral,opposing,True,False,False,False,False
smoking causes lung cancer,factual_true,Smoking and Lung Cancer: The Role of Inflammation - PMC,web,supporting,1,It is estimated that cigarette smoking explains almost 90% of lung cancer risk in men and 70 to 80% in women.,21,supporting,0.5674,0.5674,0.4204,0.0123,correct,False,neutral,neutral,False,False,False,False,False
climate change is real,factual_true,Climate change: evidence and causes | Royal Society,web,supporting,1,"Human activities have added greenhouse gases to the atmosphere
The atmospheric concentrations of carbon dioxide, methane, and nitrous oxide have increased significantly since the Industrial Revolution",27,supporting,0.5669,0.5669,0.4321,0.0007,correct,False,supporting,neutral,False,False,False,False,False
the earth is flat,factual_false,Introduction - The Flat Earth and its Advocates: A List of R,web,opposing,14,"Books, book chapters, and book excerpts have been split into a separate list from journal and magazine articles for ease of use.",22,opposing,0.5664,0.0054,0.4282,0.5664,correct,False,neutral,neutral,False,False,False,False,False
bats are blind,factual_false,Emergence of Maps in the Memories of Blind Navigation Agents,academic,opposing,3,"Ants forage for food along meandering paths but take near-optimal return trips (Müller &amp; Wehner, 1988), though there is some controversy about whether insects like ants and bees are capable of for",41,opposing,0.5659,0.0022,0.4321,0.5659,correct,False,neutral,,False,False,False,False,False
climate change is real,factual_true,Climate change in Florida,encyclopedia,supporting,15,"""Pensacola climate change task force meets to curb local global warming impact"".",12,supporting,0.5659,0.5659,0.4319,0.0022,correct,False,neutral,neutral,False,True,False,False,False
climate change is real,factual_true,Artificial Intelligence in Climate Change Mitigation and Ada,academic,supporting,1,This review provides a comprehensive synthesis of the current state of AI applications that contribute to reducing greenhouse gas emissions and enhancing resilience to climate-related hazards.,26,supporting,0.5654,0.5654,0.4324,0.0021,correct,False,supporting,neutral,False,False,False,False,False
the speed of light is constant,factual_true,Why the Speed of Light is Constant - KennethChan.com,web,supporting,5,"Essentially, this is also the reason why the speed of light is always measured by man to be constant.",19,supporting,0.5654,0.5654,0.4255,0.0093,correct,False,opposing,opposing,False,False,False,False,False
the sun is a star,factual_true,Sun,encyclopedia,supporting,3,"The large power output of the Sun is mainly due to the huge size and density of its core (compared to Earth and objects on Earth), with only a fairly small amount of power being generated per cubic me",39,supporting,0.5649,0.5649,0.3623,0.0726,correct,False,supporting,neutral,False,False,False,False,False
Einstein failed math in school,factual_false,General relativity,encyclopedia,opposing,11,"- Stephani, Hans; Kramer, Dietrich; MacCallum, Malcolm; Hoenselaers, Cornelius; Herlt, Eduard (2003).",12,opposing,0.564,0.0015,0.4346,0.564,correct,False,neutral,,False,False,False,False,False
climate change is real,factual_true,Climate change feedbacks,encyclopedia,supporting,9,"For example, if models underestimate the amount of carbon released into the atmosphere due to positive feedbacks (e.g., due to thawing permafrost), then they may also underestimate the extent of emiss",40,supporting,0.5625,0.5625,0.4355,0.002,correct,False,neutral,supporting,False,False,False,False,False
cracking your knuckles causes arthritis,factual_false,Is Cracking Knuckles Bad? A Columbia Rheumatologist Explains,web,opposing,7,It can actually be a way to relieve tension and stiffness.,11,opposing,0.5625,0.0009,0.4365,0.5625,correct,False,opposing,neutral,False,False,False,False,False
evolution is real,factual_true,Human evolution is still happening – possibly faster than ev,web,supporting,0,Modern medicine’s ability to keep us alive makes it tempting to think human evolution may have stopped.,17,supporting,0.5615,0.5615,0.4309,0.0076,correct,False,,supporting,False,False,False,False,False
bats are blind,factual_false,Gait mechanics of a blind echolocating rodent: Implications ,academic,opposing,6,Most notable is the tendency for relatively high-speed asymmetrical gaits on large-diameter substrates and slower symmetrical lateral-sequence gaits on small-diameter substrates.,21,opposing,0.561,0.0027,0.4363,0.561,correct,False,opposing,opposing,False,False,False,False,False
climate change is real,factual_true,Is climate change real? Here are 7 solid facts. | Environmen,web,supporting,4,"Indeed, 97 percent of climate scientists worldwide agree that climate change is real and driven by human activity.",18,supporting,0.5601,0.5601,0.4363,0.0037,correct,False,supporting,supporting,False,False,False,False,False
lightning never strikes the same place twice,factual_false,Lightning Myths,web,opposing,17,Myth: Lightning Can Spread out Some 60 Feet After Striking Earth.,11,opposing,0.5576,0.005,0.4375,0.5576,correct,False,opposing,,False,False,False,False,True
5G towers cause cancer,factual_false,Cell site,encyclopedia,opposing,3,"Due to the sectorized arrangement of antennas on a tower, it is possible to vary the strength and angle for each sector depending on the coverage from other towers in the area.",32,opposing,0.5571,0.0005,0.4424,0.5571,correct,False,opposing,opposing,False,False,False,False,False
the sun is a star,factual_true,Our solar system: The sun information and facts | National G,web,supporting,18,"At that point, the sun will expand to about a hundred times its current size, swallowing Mercury and Venus—and maybe Earth.",21,supporting,0.5571,0.5571,0.4182,0.0248,correct,False,neutral,neutral,False,False,False,False,False
bulls are enraged by the color red,factual_false,Why Do Bulls Attack the Color Red? - Bulls Hate Red MythBull,web,opposing,1,"Contrary to popular belief, bulls do not specifically target or attack the color red.",14,opposing,0.5522,0.0042,0.4436,0.5522,correct,False,neutral,neutral,True,False,False,True,False
bulls are enraged by the color red,factual_false,Why Do Bulls Attack the Color Red? - Bulls Hate Red MythBull,web,opposing,8,"Contrary to popular belief, bulls do not specifically target or attack the color red.",14,opposing,0.5522,0.0042,0.4436,0.5522,correct,False,neutral,neutral,True,False,False,True,False
the earth is flat,factual_false,Flat Earth,encyclopedia,opposing,11,"- ^ a b c d Anchassi, Omar (December 14, 2022).",11,opposing,0.5522,0.0062,0.4414,0.5522,correct,False,supporting,neutral,False,False,False,False,False
vaccines cause autism,factual_false,Evidence Showing Childhood Vaccinations Are Causing Autism a,academic,opposing,2,"This paper reviews preclinical and clinical data, and outlines genetic susceptibilities to toxicants known to be causally associated with intellectual disabilities.",21,opposing,0.5522,0.0012,0.4465,0.5522,correct,False,neutral,neutral,False,False,False,False,False
lemmings commit mass suicide,factual_false,Do Lemmings Really Commit Mass Suicide? | Britannica,web,opposing,0,"In the 17th century, naturalists perplexed by the habit of Norway lemmings to suddenly appear in large numbers, seemingly out of nowhere, came to the conclusion that the animals were being spontaneous",43,opposing,0.5498,0.0183,0.4319,0.5498,correct,False,,neutral,False,False,False,False,False
we only use 10% of our brains,factual_false,Do People Only Use 10 Percent of Their Brains? | Scientific,web,opposing,12,"Ultimately, it's not that we use 10 percent of our brains, merely that we only understand about 10 percent of how it functions.",23,opposing,0.5459,0.2441,0.2098,0.5459,correct,False,neutral,,True,True,False,False,False
sugar makes children hyperactive,factual_false,"Does Sugar Really Cause ""Bad"" Behavior in Children?",web,opposing,9,"Finally, research also found that children who ate a high-sugar snack showed improved memory compared to children who ate an artificially sweetened placebo.",23,opposing,0.5449,0.0011,0.4541,0.5449,correct,False,neutral,neutral,False,False,False,False,False
bats are blind,factual_false,Human uses of bats,encyclopedia,opposing,7,"{{cite journal}}
: Cite journal requires journal=
(help) - ^ Christy-Vitale, Joseph (2008).",13,opposing,0.5435,0.0153,0.4412,0.5435,correct,False,neutral,neutral,False,False,False,False,False
vaccines cause autism,factual_false,Vaccines and autism: What Colorado families should know,web,opposing,14,Studies comparing thousands of children with and without autism show they received the same total number of vaccine antigens.,19,opposing,0.543,0.0036,0.4536,0.543,correct,False,neutral,neutral,False,False,False,False,False
bulls are enraged by the color red,factual_false,"Do Bulls Hate The Color Red? No, Mastery!",web,opposing,15,"Debunking the Red Bull Myth
One may assume that bulls have an aversion to the color red, but this popular belief is not supported by scientific evidence.",27,opposing,0.542,0.0063,0.4517,0.542,correct,False,opposing,neutral,True,False,True,True,False
vaccines cause autism,factual_false,Do vaccines cause autism? | Autism Speaks,web,opposing,11,"Safety of vaccines used for routine immunization in the United States: An updated systematic review and meta-analysis (Vaccine, 2021)
- This systematic review analyzed a vast body of research to asses",60,opposing,0.542,0.0052,0.4529,0.542,correct,False,opposing,neutral,True,False,True,False,False
goldfish have a three second memory,factual_false,Do Goldfish Have a Good Memory? Debunking the 3-Second Myth,web,opposing,5,"Debunking the 3-Second Myth
The idea that goldfish have only a three-second memory is one of the most widespread misconceptions in the pet world.",24,opposing,0.5415,0.0315,0.427,0.5415,correct,False,neutral,opposing,False,False,False,True,False
the sun is a star,factual_true,Sun: Facts - NASA Science,web,supporting,10,The Sun doesn’t have a solid surface like Earth and the other rocky planets and moons.,16,supporting,0.5405,0.5405,0.4456,0.014,correct,False,opposing,neutral,False,False,False,False,False
climate change is caused by human activity,factual_true,Causes of climate change - Climate Action - European Commiss,web,supporting,0,"Burning fossil fuels, cutting down forests and farming livestock are increasingly influencing the climate and the earth’s temperature.",18,supporting,0.5396,0.5396,0.4575,0.0028,correct,False,,neutral,False,False,False,False,False
5G towers cause cancer,factual_false,Do Cell Phone Towers Cause Cancer? | American Cancer Society,web,opposing,5,Several dozen studies have looked at possible links between cell phone use and tumors in people.,16,opposing,0.5391,0.0017,0.4592,0.5391,correct,False,neutral,opposing,False,False,False,False,False
goldfish have a three second memory,factual_false,Do Goldfish Have a Good Memory? Debunking the 3-Second Myth,web,opposing,7,"For example, experiments have shown that goldfish retain learned behaviors for at least three months and, in some cases, five months or more.",23,opposing,0.5381,0.0022,0.4595,0.5381,correct,False,opposing,neutral,False,False,False,False,False
5G towers cause cancer,factual_false,Cell Phones and Cancer Risk Fact Sheet - NCI,web,opposing,9,Why are the findings from different studies of cell phone use and cancer risk inconsistent?,15,opposing,0.5361,0.002,0.4619,0.5361,correct,False,neutral,neutral,False,False,False,False,False
goldfish have a three second memory,factual_false,Do goldfish really have a 3-second memory? - Live Science,web,opposing,16,"After all, your goldfish might remember certain experiences for years to come.",12,opposing,0.5352,0.0006,0.4641,0.5352,correct,False,neutral,neutral,False,False,False,False,False
climate change is real,factual_true,Trustworthy answers: Is global warming real? | fsc.org,web,supporting,16,Improving workplace climate resilience could prevent up to USD361 billion in annual losses.,13,supporting,0.5342,0.5342,0.4644,0.0013,correct,False,neutral,neutral,False,False,False,False,False
lightning never strikes the same place twice,factual_false,Lightning Often Strikes Twice | NASA Spinoff,web,opposing,17,"After you remove or neutralize the attraction, the frequency of strikes is substantially minimized.",14,opposing,0.5337,0.001,0.4653,0.5337,correct,False,neutral,neutral,False,False,False,False,True
the sun is a star,factual_true,The sun: Facts about the bright star at the center of the...,web,supporting,14,"Solar storms
Solar storms happen when the sun releases flares of energy and particles.",14,supporting,0.5332,0.5332,0.4502,0.0167,correct,False,supporting,supporting,False,False,False,False,False
the moon landing was faked,factual_false,Why some people claim the Moon landing was faked - BBC,web,opposing,1,The landing was televised and watched by around 600 million people around the world.,14,opposing,0.5283,0.0046,0.467,0.5283,correct,False,neutral,opposing,False,False,False,False,False
climate change is caused by human activity,factual_true,Views of health professionals on climate change and health: ,academic,supporting,1,"Health professionals can advocate for global efforts to reduce emissions and protect people from climate change; however, evidence of their willingness to do so remains scarce.",26,supporting,0.5259,0.5259,0.4731,0.0012,correct,False,neutral,neutral,False,False,False,False,False
humans share about 98% of DNA with chimpanzees,factual_true,Do humans and chimps really share nearly 99% of their DNA? |,web,supporting,1,The frequently cited 99% similarity between human and chimp DNA overlooks key differences in the genomes.,16,supporting,0.5229,0.5229,0.4658,0.011,correct,False,neutral,supporting,False,False,False,False,False
the earth revolves around the sun,factual_true,"1 In 4 Americans Thinks The Sun Goes Around The Earth, Surve",web,supporting,1,"The survey of 2,200 people in the United States was conducted by the NSF in 2012 and released on Friday at an annual meeting of the American Association for the Advancement of Science meeting in Chica",36,supporting,0.5225,0.5225,0.4724,0.0053,correct,False,neutral,neutral,False,False,False,False,False
goldfish have a three second memory,factual_false,Goldfish,encyclopedia,opposing,13,It was evident that they were able to remember the correct path of the maze after more than a month.,20,opposing,0.5215,0.0006,0.4778,0.5215,correct,False,neutral,supporting,False,False,False,False,False
shaving makes hair grow back thicker,factual_false,Body hair,encyclopedia,opposing,12,"Their own study found that the latter was part of a wider trend of ""Mongoloid"" peoples having less hair overall.",20,opposing,0.521,0.0006,0.4783,0.521,correct,False,neutral,neutral,False,True,False,False,False
MSG is dangerous to consume,factual_false,HELP! MSG consumption - Community | BabyCenter,web,opposing,10,"i play it safe as much as possible :)
Advertisement page continues below - Last edited 07-04-11
I've been eating it since the begining.",24,opposing,0.5195,0.0017,0.479,0.5195,correct,False,neutral,neutral,False,True,False,False,False
climate change is real,factual_true,Artificial Intelligence in Climate Change Mitigation and Ada,academic,supporting,5,"However, persistent challenges ranging from data scarcity and geographic bias to the carbon footprint of AI systems and governance limitations continue to constrain equitable implementation.",25,supporting,0.5195,0.5195,0.4778,0.0026,correct,False,neutral,supporting,False,False,False,False,False
goldfish have a three second memory,factual_false,How Long Is a Goldfish’s Memory Span? - ScienceInsights,web,opposing,2,"Decades of research in fish cognition have consistently demonstrated that goldfish possess sophisticated, long-term memory capabilities, allowing them to learn, adapt, and remember information over si",27,opposing,0.5195,0.0005,0.4797,0.5195,correct,False,neutral,neutral,False,False,False,False,False
drinking bleach cures diseases,factual_false,fortune.com/well/2023/02/02/drinking-bleach-can-be-deadly-bu,web,opposing,7,MMS sales took off after Trump’s endorsement coincided with a pandemic that left more people isolated and those with health problems searching for answers.,24,opposing,0.519,0.0021,0.4788,0.519,correct,False,opposing,neutral,False,False,False,False,False
the Sahara desert is the largest desert on earth,factual_false,Desert greening,encyclopedia,opposing,3,"In the Middle East, Israel's desert greening initiatives have been aimed at the Negev Desert.",15,opposing,0.519,0.0016,0.4795,0.519,correct,False,neutral,neutral,False,True,False,False,False
antibiotics do not work against viruses,factual_true,Viral Infections - Why Don't Antibiotics Kill Viruses? - Dru,web,supporting,4,- Antibiotics work by targeting the growth machinery in bacteria (not viruses) to kill or inhibit those particular bacteria.,19,supporting,0.5181,0.5181,0.46,0.0216,correct,False,supporting,supporting,False,False,False,False,True
bats are blind,factual_false,"First records of bats near Multa lakes, Altai (Russia): diet",academic,opposing,1,"The aim of this study
was to illuminate one blind spot in bat research in this territory and compare it with
known data.",23,opposing,0.5176,0.0246,0.4578,0.5176,correct,False,neutral,neutral,False,False,False,False,False
climate change is caused by human activity,factual_true,3. Are human activities causing climate change? | Australian,web,supporting,1,The best available evidence indicates that greenhouse gas emissions from human activities are the main cause.,16,supporting,0.5166,0.5166,0.481,0.0023,correct,False,neutral,,False,False,False,False,False
lightning never strikes the same place twice,factual_false,A shocking injury: A clinical review of lightning injuries h,academic,opposing,1,"However, evidence of lightning injuries is restricted to case reports and series and nonsystematic reviews.",15,opposing,0.5151,0.0012,0.4839,0.5151,correct,False,neutral,opposing,False,False,False,False,True
5G towers cause cancer,factual_false,5G misinformation,encyclopedia,opposing,14,"{{cite journal}}
: CS1 maint: article number as page number (link) - ^ ""Health Concerns May Slow Rollout of Super-Fast 5G Mobile Networks, Analyst Warns"".",25,opposing,0.5142,0.0013,0.4846,0.5142,correct,False,opposing,,False,True,False,False,False
5G causes COVID,factual_false,The conspiracy linking 5G to coronavirus just will not die,web,opposing,14,"A spokesperson for Facebook said the company is taking “aggressive” measures to combat misinformation surrounding the virus, and is “starting to remove false claims which link Covid-19 to 5G technolog",37,opposing,0.5122,0.0038,0.4839,0.5122,correct,False,opposing,neutral,False,True,True,False,False
humans only use 10 percent of their brain,factual_false,Do We Really Use Only 10 Percent of Our Brain? | Britannica,web,opposing,3,"In a survey, 65 percent of respondents agreed with the statement, “People only use 10 percent of their brain on a daily basis.” But the truth is that we use all of our brain all of the time.",38,opposing,0.5122,0.4175,0.0705,0.5122,correct,False,neutral,opposing,False,True,False,False,False
Einstein failed math in school,factual_false,Science myths: did Einstein fail his fourth grade math class,web,opposing,9,You prooved something different than the question you started with.,10,opposing,0.5098,0.0081,0.4824,0.5098,correct,False,opposing,opposing,False,False,False,False,False
cracking your knuckles causes arthritis,factual_false,Joint cracking,encyclopedia,opposing,4,"- Johnson, Linse, and Novoa (2022) address diagnostic, ethical, and legal considerations in treating individuals with compulsive neck cracking in their article published in Cureus.",25,opposing,0.5093,0.0012,0.4897,0.5093,correct,False,neutral,neutral,False,False,False,False,False
you lose most body heat through your head,factual_false,Do You Really Lose Most of Your Body's Heat Through Your Hea,web,opposing,10,But using that logic means that you could be naked except for a hat and lose about the same amount of body heat as a fully clothed person with a bare head.,32,opposing,0.5093,0.0246,0.4663,0.5093,correct,False,neutral,neutral,False,False,False,False,False
vaccines cause autism,factual_false,Causes of autism,encyclopedia,opposing,2,"Structural variants in individuals with autism are much larger and four times more likely to disrupt genes, mirroring findings from CNV studies.",22,opposing,0.5073,0.0012,0.4917,0.5073,correct,False,neutral,neutral,False,False,False,False,False
5G causes COVID,factual_false,"5G Doesn’t Cause COVID-19, But the Rumor That It Does Spread",web,opposing,11,"“I think the belief has something to do with a certain distrust in government and the ability to tie this narrative about 5G technology into conversations around government surveillance,” said Cesare.",31,opposing,0.5054,0.0005,0.4939,0.5054,correct,False,neutral,opposing,False,True,False,False,False
5G causes COVID,factual_false,Spreading Like a Virus: False Rumor That 5G Causes COVID-19,web,opposing,5,"“I think the belief has something to do with a certain distrust in government and the ability to tie this narrative about 5G technology into conversations around government surveillance,” said Cesare.",31,opposing,0.5054,0.0005,0.4939,0.5054,correct,False,neutral,opposing,False,True,False,False,False
goldfish have a 3 second memory,factual_false,Do Goldfish Really Have A 3-Second Memory? Debunking This,web,opposing,15,They can even remember how to do these tasks weeks or months later.,13,opposing,0.5054,0.0009,0.4937,0.5054,correct,False,neutral,neutral,False,False,False,False,False
lightning never strikes the same place twice,factual_false,A shocking injury: A clinical review of lightning injuries h,academic,opposing,7,The available reviews and guidelines were graded as low to moderate evidence.,12,opposing,0.5044,0.0103,0.4851,0.5044,correct,False,neutral,neutral,False,False,False,False,True
climate change is real,factual_true,Climate change: evidence and causes | Royal Society,web,supporting,7,Different influences on climate lead to different patterns seen in climate records.,12,supporting,0.5034,0.5034,0.4946,0.0017,correct,False,neutral,supporting,False,False,False,False,False
bats are blind,factual_false,"Il volo cieco dei pipistrelli. 1793, Lazzaro Spallanzani e l",academic,opposing,3,"In the end he concluded that blind bats are guided by their ears, i.e.",14,opposing,0.5029,0.2014,0.2954,0.5029,correct,False,neutral,,False,False,False,False,False
christopher columbus discovered america,factual_false,Top 5 Misconceptions About Columbus | Live Science,web,opposing,4,"[Related: Earth Is Flat in Many People's Minds]
Columbus, a self-taught man, greatly underestimated the Earth's circumference.",17,opposing,0.5024,0.0179,0.4797,0.5024,correct,False,neutral,neutral,False,True,False,False,False
dogs can only see in black and white,factual_false,Black dog (folklore),encyclopedia,opposing,5,"It may also take visible form as a large black dog with enormous paws that make a splashing sound when walking, like ""old shoes walking in soft mud"".",28,opposing,0.501,0.0049,0.4939,0.501,correct,False,neutral,neutral,False,True,False,False,False
smoking causes lung cancer,factual_true,Lung Cancer Risk Factors | Lung Cancer | CDC,web,supporting,3,"In the United States, cigarette smoking is linked to about 80% to 90% of lung cancer deaths.",17,supporting,0.4988,0.4988,0.4929,0.0084,correct,False,neutral,neutral,False,False,False,False,False
climate change is real,factual_true,Is climate change real? Here are 7 solid facts. | Environmen,web,supporting,2,So the best way to stop falsehoods about climate change is to spread the facts at every opportunity.,18,supporting,0.4978,0.4978,0.4951,0.0071,correct,False,neutral,supporting,False,False,False,False,False
eating carrots improves your eyesight,factual_false,Do Carrots Actually Improve Eyesight? - Gailey Eye Clinic,web,opposing,1,Carrots won’t improve your visual acuity if you have less than perfect vision.,13,opposing,0.4932,0.0595,0.4473,0.4932,correct,False,neutral,opposing,False,False,False,False,False
eating carrots improves your eyesight,factual_false,Do Carrots Help Your Eyesight - Southwestern Eye Center,web,opposing,10,"Carrots won’t give you night vision or drastically improve your visual acuity, but they do play an important role in supporting eye health.",23,opposing,0.4929,0.0279,0.4792,0.4929,correct,False,neutral,neutral,False,False,False,False,False
the earth revolves around the sun,factual_true,Why Earth Revolve Around the Sun? - Kidpid,web,supporting,14,"Some interesting facts
- The earth’s rotation is gradually slowing down-
- Once it was believed that the Earth is the center of the universe
- Earth is the densest planet in the solar system.",35,supporting,0.4871,0.4871,0.397,0.1161,correct,False,neutral,neutral,False,False,False,False,False
honey never expires,factual_true,Does Honey Expire? | Nate's Raw & Unfiltered Honey,web,supporting,0,"Even though honey doesn't have an expiration date, it can still undergo natural changes.",14,supporting,0.478,0.478,0.458,0.064,correct,False,,opposing,True,True,False,False,True
the sun is a star,factual_true,Is ‘The Sun Is Also A Star’ Based On A True Story? The Love ,web,supporting,4,"It's a tale that speaks to current events, but is The Sun Is Also A Star based on a true story?",21,supporting,0.4666,0.4666,0.425,0.1085,correct,False,supporting,neutral,False,True,False,False,False
