claim,category,source_title,source_type,expected_stance,sent_index,text,word_count,label,confidence,p_supp,p_neut,p_opp,mismatch_type,is_hard_mismatch,prev_label,next_label,has_negation,has_quotes,has_hedge,has_myth_cue,claim_has_negation
antibiotics do not work against viruses,factual_true,Repositioning of Antibiotics in the Treatment of Viral Infec,academic,supporting,6,"These antibiotics have demonstrated antiviral activity against both RNA and DNA viruses, including the recent pandemic virus SARS-CoV-2.",18,opposing,0.9995,0.0001,0.0003,0.9995,opp_in_supp_source,True,opposing,opposing,False,False,False,False,True
antibiotics do not work against viruses,factual_true,Repositioning of Antibiotics in the Treatment of Viral Infec,academic,supporting,4,Among the main antibiotics that have demonstrated antiviral activity are macrolides and glycopeptides.,13,opposing,0.999,0.0002,0.0006,0.999,opp_in_supp_source,True,opposing,opposing,False,False,False,False,True
antibiotics do not work against viruses,factual_true,Fighting viruses with antibiotics: an overlooked path - PMC ,web,supporting,5,"Finally, other teicoplanin and glycopeptide antibiotics, including dalbavancin, oritavancin and telavancin, but not vancomycin, were found to inhibit the entry of Ebola virus, SARS-CoV and MERS-CoV tr",31,opposing,0.999,0.0002,0.0008,0.999,opp_in_supp_source,True,opposing,opposing,True,False,False,False,True
antibiotics do not work against viruses,factual_true,Fighting viruses with antibiotics: an overlooked path - PMC ,web,supporting,13,"[DOI] [PMC free article] [PubMed] [Google Scholar]
- 19.Balzarini J., Keyaerts E., Vijgen L., Egberink H., De Clercq E., Van Ranst M. Inhibition of feline (FIPV) and human (SARS) coronavirus by semisy",36,opposing,0.999,0.0002,0.0007,0.999,opp_in_supp_source,True,opposing,,False,False,False,False,True
the speed of light is constant,factual_true,Variable speed of light,encyclopedia,supporting,4,"The apparent speed of light will change in a gravity field and, in particular, go to zero at an event horizon as viewed by a distant observer.",27,opposing,0.999,0.0002,0.0007,0.999,opp_in_supp_source,True,opposing,opposing,False,False,False,False,False
the speed of light is constant,factual_true,The Speed of Light in Vacuum is not Constant in Any Circumst,academic,supporting,10,"The speed of light relative to (multiple or single) celestial bodies depends on the mass of celestial bodies and (mutual) motion state, that is, it depends on the delayed speed of the light speed diff",57,opposing,0.999,0.0002,0.0009,0.999,opp_in_supp_source,True,neutral,opposing,False,False,False,False,False
the speed of light is constant,factual_true,The Speed of Light in Vacuum is not Constant in Any Circumst,academic,supporting,11,The analysis results for various cases show that there will be different vacuum light speeds relative to the same observer.,20,opposing,0.999,0.0001,0.0009,0.999,opp_in_supp_source,True,opposing,neutral,False,False,False,False,False
antibiotics do not work against viruses,factual_true,Repositioning of Antibiotics in the Treatment of Viral Infec,academic,supporting,7,Some of these antibiotics were selected in addition to its antiviral activity for their immunomodulatory and anti-inflammatory properties.,18,opposing,0.9985,0.0004,0.0009,0.9985,opp_in_supp_source,True,opposing,opposing,False,False,False,False,True
antibiotics do not work against viruses,factual_true,Repositioning of Antibiotics in the Treatment of Viral Infec,academic,supporting,8,"Of the antibiotics that present antiviral activity, in many cases the mechanisms of action are not exactly known.",18,opposing,0.9985,0.0003,0.001,0.9985,opp_in_supp_source,True,opposing,opposing,True,False,False,False,True
antibiotics do not work against viruses,factual_true,"Why are there so many drugs to kill bacteria, but so few to ",web,supporting,16,"They work by blocking a key viral enzyme, obstructing virus release from the cell, slowing the spread of infection within the body, and minimising the damage the infection causes.",29,opposing,0.9985,0.0001,0.0013,0.9985,opp_in_supp_source,True,opposing,neutral,False,False,False,False,True
honey never expires,factual_true,Why Honey does not expire | Bharat Honey (100% Natural Honey,web,supporting,2,It may get spoiled in a few conditions due to mishandling at the time of honey extraction and the way honey is stored.,23,opposing,0.9985,0.0001,0.0011,0.9985,opp_in_supp_source,True,opposing,neutral,False,False,False,False,True
water boils at 100 degrees celsius,factual_true,[FREE] Water boils at 100 degrees Celsius or 212 degrees ...,web,supporting,1,Water freezes at 0 degrees celsius or 32 degrees fahrenheit.,10,opposing,0.9985,0.0002,0.0014,0.9985,opp_in_supp_source,True,supporting,,False,False,False,False,False
antibiotics do not work against viruses,factual_true,"Virucidal Activity of the Drug «Thymogen®», a Nasal Dosed Sp",academic,supporting,6,"The virucidal activity of the drug Thymogen®, a dosed nasal spray, was revealed against the respiratory syncytial virus in vitro, starting with a drug concentration of 1.2%; and the parainfluenza viru",38,opposing,0.998,0.0001,0.0018,0.998,opp_in_supp_source,True,opposing,opposing,False,False,False,False,True
antibiotics do not work against viruses,factual_true,Repositioning of Antibiotics in the Treatment of Viral Infec,academic,supporting,5,"In addition, several antibiotics from the group of tetracyclines, fluoroquinolones, cephalosporins and aminoglycosides have also been studied for their antiviral activity.",21,opposing,0.998,0.0005,0.0014,0.998,opp_in_supp_source,True,opposing,opposing,False,False,False,False,True
antibiotics do not work against viruses,factual_true,Fighting viruses with antibiotics: an overlooked path - PMC ,web,supporting,2,"Taken together, these data suggested that teicoplanin blocks the viral entry step.",12,opposing,0.998,0.0001,0.0017,0.998,opp_in_supp_source,True,neutral,opposing,False,False,False,False,True
honey never expires,factual_true,Does Honey Expire? | Nate's Raw & Unfiltered Honey,web,supporting,1,The National Honey Board says that over time honey may “darken and lose ...,14,opposing,0.998,0.0002,0.0019,0.998,opp_in_supp_source,True,supporting,,False,True,False,False,True
honey never expires,factual_true,Why doesn't honey go off? - BBC Science Focus Magazine,web,supporting,8,- Is it safe to eat yoghurt past its best-before date?,11,opposing,0.998,0.0001,0.0019,0.998,opp_in_supp_source,True,neutral,opposing,False,False,False,False,True
honey never expires,factual_true,"If honey doesn't expire, why does my bottle of honey have an",web,supporting,0,"Legally, they have to tell you it won't be at its best after a while, and the expiry date is more for the store than the consumer.",27,opposing,0.998,0.0,0.0017,0.998,opp_in_supp_source,True,,,True,True,False,False,True
the speed of light is constant,factual_true,The Speed of Light Is Not Constant in Basic Big Bang Theory,academic,supporting,0,"Starting from the basic assumptions and equations of Big Bang theory, we present a simple mathematical proof that this theory implies a varying (decreasing) speed of light, contrary to what is general",33,opposing,0.998,0.0004,0.0015,0.998,opp_in_supp_source,True,,neutral,False,False,False,False,False
the speed of light is constant,factual_true,The Speed of Light Is Not Constant in Basic Big Bang Theory,academic,supporting,8,"If we accept standard Big Bang theory (and thus the combination of General Relativity and the FLRW metric), a variable speed of light must be allowed in the Friedmann equation, and therefore also, mor",42,opposing,0.998,0.0004,0.0016,0.998,opp_in_supp_source,True,opposing,opposing,False,False,False,False,False
the speed of light is constant,factual_true,Constraints on variation in the speed of light based on grav,academic,supporting,0,ABSTRACT We consider the possibility of a varying speed of light based on a unit of length defined with a rigid rod or atomic standard.,25,opposing,0.998,0.0002,0.0018,0.998,opp_in_supp_source,True,,neutral,False,False,False,False,False
the speed of light is constant,factual_true,"Speed of Light May Not Be Constant, Physicists Say | Live",web,supporting,10,"Particle species and light speed
The second paper proposes a different mechanism but comes to the same conclusion that light speed changes.",22,opposing,0.998,0.0003,0.0019,0.998,opp_in_supp_source,True,opposing,neutral,False,False,False,False,False
antibiotics do not work against viruses,factual_true,"Why are there so many drugs to kill bacteria, but so few to ",web,supporting,15,Zanamivir (Relenza) and oseltamivir (Tamiflu) are newer drugs that have also had success in treating patients infected with influenza A or B.,22,opposing,0.9976,0.0002,0.0022,0.9976,opp_in_supp_source,True,opposing,opposing,False,False,False,False,True
honey never expires,factual_true,Why Honey does not expire | Bharat Honey (100% Natural Honey,web,supporting,9,"moreover, unripe honey does not produce hydrogen peroxide which also leads to its lesser shelf life.",16,opposing,0.9976,0.0002,0.0023,0.9976,opp_in_supp_source,True,opposing,opposing,True,False,False,False,True
the speed of light is constant,factual_true,The Speed of Light Is Not Constant in Basic Big Bang Theory,academic,supporting,3,A decrease of 2.1 cm/s per year of the present-day speed of light is predicted.,15,opposing,0.9976,0.0005,0.0018,0.9976,opp_in_supp_source,True,neutral,opposing,False,False,False,False,False
the speed of light is constant,factual_true,Asymmetry theory derived from the principle of constant ligh,academic,supporting,4,"Doppler Effect is simply a phenomenon of observed “time dilation” and one general formula covers traditional and transverse Doppler Effects, cosmological redshift, and time-varying velocities.3.",25,opposing,0.9976,0.0002,0.0021,0.9976,opp_in_supp_source,True,opposing,neutral,False,True,False,False,False
antibiotics do not work against viruses,factual_true,Klebsiella pneumoniae Phage M198 and Its Therapeutic Potenti,academic,supporting,3,"They have already been successfully applied in a number of cases, and it is expected that the need for anti-Klebsiella phages will only increase in the future.",27,opposing,0.9971,0.0003,0.0027,0.9971,opp_in_supp_source,True,opposing,neutral,False,False,False,False,True
christopher columbus discovered america,factual_false,"Christopher Columbus Discovers America, 1492",web,opposing,14,"References:
Columbus's journal appears in Olson, Julius, The Northmen,
Columbus and Cabot, 985-1503 (1926); Dyson, John, Columbus: for Gold, God, and
Glory (1991); Morrison, Samuel Eliot, Admiral of t",47,supporting,0.9971,0.9971,0.0023,0.0007,supp_in_opp_source,True,neutral,,False,True,False,False,False
honey never expires,factual_true,Does Honey Go Bad? | Food Network,web,supporting,15,"“Make sure the cap is tightly on to minimize exposure to oxygen,” Amidor says.",14,opposing,0.9971,0.0001,0.0026,0.9971,opp_in_supp_source,True,neutral,opposing,False,True,False,False,True
honey never expires,factual_true,Does Honey Expire—Ever? - Mill,web,supporting,4,"Some supermarket honeys may contain added sweeteners like corn syrup, which makes the honey less shelf stable.",17,opposing,0.9971,0.0001,0.0026,0.9971,opp_in_supp_source,True,supporting,opposing,False,False,False,False,True
the speed of light is constant,factual_true,Constraints on variation in the speed of light based on grav,academic,supporting,3,We relate changes in the speed of light in atomic units of length to changes in G measured in the two systems.,22,opposing,0.9971,0.0002,0.0028,0.9971,opp_in_supp_source,True,neutral,opposing,False,False,False,False,False
water boils at 100 degrees celsius,factual_true,Nucleate boiling,encyclopedia,supporting,3,"Between 10 and 30 °C (18 and 54 °F) above TS, a second flow regime may be observed.",18,opposing,0.9971,0.0002,0.0028,0.9971,opp_in_supp_source,True,opposing,neutral,False,False,False,False,False
christopher columbus discovered america,factual_false,"Christopher Columbus Discovers America, 1492",web,opposing,0,"Christopher Columbus
Discovers America, 1492
Columbus led his three ships - the Nina, the Pinta and the Santa Maria - out of the Spanish port of Palos on August 3, 1492.",31,supporting,0.9966,0.9966,0.0029,0.0006,supp_in_opp_source,True,,opposing,False,False,False,False,False
honey never expires,factual_true,Honeyblood,encyclopedia,supporting,3,"During this period McVicar took a break to complete her dentistry degree, with replacement drummer Rah Morriss filling in until her visa expired, at which point McVicar rejoined the band.",30,opposing,0.9966,0.0001,0.0034,0.9966,opp_in_supp_source,True,neutral,neutral,False,False,False,False,True
honey never expires,factual_true,Did You Know… Honey Is the Only Food That Never Expires - Me,web,supporting,0,Like one of those facts you hear and immediately question.,10,opposing,0.9966,0.0003,0.0033,0.9966,opp_in_supp_source,True,,,False,False,False,False,True
the speed of light is constant,factual_true,Speed of light,encyclopedia,supporting,2,"However, it has been suggested in various theories that the speed of light may have changed over time.",18,opposing,0.9966,0.0004,0.0028,0.9966,opp_in_supp_source,True,neutral,opposing,False,False,False,False,False
water boils at 100 degrees celsius,factual_true,Nucleate boiling,encyclopedia,supporting,2,"When the temperature difference is between approximately 4 to 10 °C (7.2 to 18.0 °F) above TS, isolated bubbles form at nucleation sites and separate from the surface.",28,opposing,0.9966,0.0004,0.0029,0.9966,opp_in_supp_source,True,neutral,opposing,False,False,False,False,False
honey never expires,factual_true,Why Honey does not expire | Bharat Honey (100% Natural Honey,web,supporting,13,"If fermented, the smell or taste of honey may resemble some alcohol, then don’t use that honey.",17,opposing,0.9961,0.0002,0.004,0.9961,opp_in_supp_source,True,opposing,supporting,False,False,False,False,True
the speed of light is constant,factual_true,Speed of light,encyclopedia,supporting,8,The observed change in the moon's orbital period is caused by the difference in the time it takes light to traverse the shorter or longer distance.,26,opposing,0.9961,0.0004,0.0034,0.9961,opp_in_supp_source,True,opposing,neutral,False,True,False,False,False
the speed of light is constant,factual_true,Formulations of special relativity,encyclopedia,supporting,3,"(Note that this does not apply in non-inertial frames, indeed between accelerating frames the speed of light cannot be constant.",20,opposing,0.9961,0.001,0.003,0.9961,opp_in_supp_source,True,supporting,neutral,True,False,False,False,False
the speed of light is constant,factual_true,The Speed of Light is Constant,web,supporting,14,"Because the strength of the magnetic field is proportional to the rate of change of the electric field, it shouldn’t be terribly surprising that the the speed of light in a medium turns out to be a fu",58,opposing,0.9961,0.0005,0.0035,0.9961,opp_in_supp_source,True,neutral,neutral,False,False,False,False,False
the speed of light is constant,factual_true,Why is the speed of light constant? - BBC Science Focus Maga,web,supporting,0,"When it passes through some mediums, such as water, it slows down considerably.",13,opposing,0.9961,0.0003,0.0034,0.9961,opp_in_supp_source,True,,opposing,False,False,False,False,False
antibiotics do not work against viruses,factual_true,Klebsiella pneumoniae Phage M198 and Its Therapeutic Potenti,academic,supporting,6,"Since in some phage therapy cases, phages are administered in combination with antibiotics, here, we also screen for possible synergistic effects of combining phage M198 with six different antibiotics",29,opposing,0.9956,0.0003,0.0039,0.9956,opp_in_supp_source,True,neutral,opposing,False,False,False,False,True
antibiotics do not work against viruses,factual_true,Klebsiella pneumoniae Phage M198 and Its Therapeutic Potenti,academic,supporting,7,"We found that phage M198 has good lytic activity against clinical isolates; it does not have any indications of a temperate lifestyle, and it has synergistic potential when combined with some therapeu",34,opposing,0.9956,0.0002,0.004,0.9956,opp_in_supp_source,True,opposing,,True,False,False,False,True
antibiotics do not work against viruses,factual_true,Fighting viruses with antibiotics: an overlooked path - PMC ,web,supporting,9,"Nonetheless, these studies highlight that the potential antiviral activity of antimicrobials may be untapped.",14,opposing,0.9956,0.0008,0.0035,0.9956,opp_in_supp_source,True,opposing,neutral,False,False,False,False,True
christopher columbus discovered america,factual_false,Anybody discovered America but Christopher Columbus | COL2.C,web,opposing,0,"Anybody discovered America but Christopher Columbus ... C hristopher Columbus discovered America when he landed in the Bahamas on October 12, 1492 ...",23,supporting,0.9956,0.9956,0.0024,0.0021,supp_in_opp_source,True,,,False,False,False,False,False
honey never expires,factual_true,Does Honey Go Bad? | Food Network,web,supporting,8,"(Remember not to dip a spoon into the jar if it’s been somewhere else, like in your tea, jam jar or nut butter.)",23,opposing,0.9951,0.0001,0.0047,0.9951,opp_in_supp_source,True,supporting,supporting,True,False,False,False,True
antibiotics do not work against viruses,factual_true,"Virucidal Activity of the Drug «Thymogen®», a Nasal Dosed Sp",academic,supporting,3,"The virucidal effect of the drug Thymogen®, a dosed nasal spray, was studied in vitro on the Vero (ATCC CCL-81) cell culture in comparison with the drugs Hexoral® and Lizobact COMPLETE® against the pa",39,opposing,0.9946,0.0002,0.0051,0.9946,opp_in_supp_source,True,opposing,opposing,False,False,False,False,True
antibiotics do not work against viruses,factual_true,Repositioning of Antibiotics in the Treatment of Viral Infec,academic,supporting,9,"The use of these antibiotics to combat viral infections remains controversial and is not generally accepted, since clinical trials are required to prove its effectiveness.",25,opposing,0.9946,0.0008,0.0047,0.9946,opp_in_supp_source,True,opposing,neutral,True,False,False,False,True
the speed of light is constant,factual_true,Variable speed of light,encyclopedia,supporting,1,"Various alternative theories of gravitation and cosmology, many of them non-mainstream, incorporate variations in the local speed of light.",19,opposing,0.9946,0.0005,0.0049,0.9946,opp_in_supp_source,True,opposing,opposing,False,False,False,False,False
the sun is a star,factual_true,Curious Kids: Is there anything hotter than the Sun?,web,supporting,14,"Stars shine because they are hot, and so they light up the night sky in a beautiful way.",18,opposing,0.9946,0.0006,0.0048,0.9946,opp_in_supp_source,True,opposing,neutral,False,False,False,False,False
honey never expires,factual_true,Why Honey does not expire | Bharat Honey (100% Natural Honey,web,supporting,11,"- If improperly stored, the fermentation of Honey may occur.",10,opposing,0.9941,0.0003,0.0055,0.9941,opp_in_supp_source,True,opposing,opposing,False,False,False,False,True
the speed of light is constant,factual_true,Why speed of light is constant?,web,supporting,10,"Contextual Notes
Participants note limitations in understanding the implications of Maxwell's equations, the potential for undetected changes in light speed, and the complexities of measuring light sp",30,opposing,0.9941,0.0008,0.005,0.9941,opp_in_supp_source,True,supporting,opposing,False,True,False,False,False
antibiotics do not work against viruses,factual_true,Bacteriophage-antibiotic combination therapy against extensi,academic,supporting,9,"The occurrence of bacterial phage resistance did not result in therapeutic failure, possibly due to phage-induced virulence tradeoffs, which we investigated in different experimental models.",25,opposing,0.9937,0.0003,0.0058,0.9937,opp_in_supp_source,True,opposing,opposing,True,False,False,False,True
honey never expires,factual_true,Why Honey Never Expires? - YouTube,web,supporting,0,Contact us Developers Policy & Safety How YouTube works Test new features NFL Sunday Ticket © 2026 Google LLC,19,opposing,0.9937,0.0008,0.0058,0.9937,opp_in_supp_source,True,,,False,False,False,False,True
the speed of light is constant,factual_true,"Speed of Light May Not Be Constant, Physicists Say | Live",web,supporting,1,"But some scientists are exploring the possibility that this cosmic speed limit changes, a consequence of the nature of the vacuum of space.",23,opposing,0.9937,0.0005,0.006,0.9937,opp_in_supp_source,True,neutral,opposing,False,False,False,False,False
water boils at 100 degrees celsius,factual_true,Fahrenheit,encyclopedia,supporting,1,Fahrenheit soon after observed that water boils at about 212 degrees using this scale.,14,opposing,0.9932,0.0009,0.0057,0.9932,opp_in_supp_source,True,neutral,neutral,False,False,False,False,False
the earth is flat,factual_false,Tales from the Flat Earth,encyclopedia,opposing,4,"The Flat Earth floats amid formless chaos; the sun and moon rise out of the chaos in the east, travel across the upper ethers of the world, and then descend back into chaos in the west.",36,supporting,0.9927,0.9927,0.0064,0.0008,supp_in_opp_source,True,supporting,opposing,False,False,False,False,False
the sun is a star,factual_true,Curious Kids: Is there anything hotter than the Sun?,web,supporting,3,"Some stars are much bigger than our Sun (and weigh a lot more too), and are even hotter inside.",19,opposing,0.9927,0.0012,0.0062,0.9927,opp_in_supp_source,True,supporting,neutral,False,False,False,False,False
the speed of light is constant,factual_true,Speed of light,encyclopedia,supporting,7,"In models of the expanding universe, the farther galaxies are from each other, the faster they drift apart.",18,opposing,0.9922,0.0003,0.0078,0.9922,opp_in_supp_source,True,opposing,opposing,False,False,False,False,False
humans only use 10 percent of their brain,factual_false,Do We Really Use Only 10 Percent of Our Brain? | Britannica,web,opposing,1,"It’s one of Hollywood’s favorite bits of pseudoscience: human beings use only 10 percent of their brain, and awakening the remaining 90 percent—supposedly dormant—allows otherwise ordinary human being",33,supporting,0.9917,0.9917,0.0069,0.0014,supp_in_opp_source,True,neutral,neutral,False,False,False,False,False
antibiotics do not work against viruses,factual_true,Repositioning of Antibiotics in the Treatment of Viral Infec,academic,supporting,11,Hence is necessary to present the studies carried out on antibiotics that can be repositioned in the future as antiviral drugs.,21,opposing,0.9912,0.0007,0.0083,0.9912,opp_in_supp_source,True,neutral,,False,False,False,False,True
the speed of light is constant,factual_true,"Speed of Light May Not Be Constant, Physicists Say | Live",web,supporting,3,A non-constant speed of light could mean that estimates of the size of the universe might be off.,18,opposing,0.9912,0.0022,0.0066,0.9912,opp_in_supp_source,True,opposing,neutral,False,False,False,False,False
antibiotics do not work against viruses,factual_true,Repositioning of Antibiotics in the Treatment of Viral Infec,academic,supporting,2,"However, antibiotics are among the drugs that have been studied for possible antiviral activities.",14,opposing,0.9907,0.0008,0.0084,0.9907,opp_in_supp_source,True,neutral,opposing,False,False,False,False,True
antibiotics do not work against viruses,factual_true,An Instant Update on Viruses,academic,supporting,5,"Furthermore, there is the widespread belief that viruses are similar to bacteria and may thus be fought off with antibiotics.",20,opposing,0.9907,0.0006,0.0089,0.9907,opp_in_supp_source,True,neutral,neutral,False,False,False,True,True
humans share about 98% of DNA with chimpanzees,factual_true,New Research: Humans and Chimps Do Not Share 98% of Their Ge,web,supporting,8,"Based upon analyzing a series of segments of DNA and comparing them, Tomkins found ~70-88% of DNA matches between human and chimp genomes depending on the specific analysis tools used.16 Tomkins works",54,opposing,0.9907,0.0014,0.008,0.9907,opp_in_supp_source,True,neutral,opposing,False,False,False,False,False
the speed of light is constant,factual_true,Special relativity,encyclopedia,supporting,6,Equations generalizing the electromagnetic effects found that finite propagation speed of the E and B fields required certain behaviors on charged particles.,22,opposing,0.9907,0.0006,0.0086,0.9907,opp_in_supp_source,True,neutral,neutral,False,False,False,False,False
the speed of light is constant,factual_true,QUANTIZATION OF THE GRAVITATIONAL FIELD. THEORETICAL AND EXP,academic,supporting,2,It is proportional to the mass of the gravitating object.,10,opposing,0.9907,0.0003,0.0091,0.9907,opp_in_supp_source,True,neutral,neutral,False,False,False,False,False
the speed of light is constant,factual_true,The cosmological evolution condition of the Planck constant ,academic,supporting,0,The cosmological evolution condition of the Planck constant in the varying speed of light models through adiabatic expansion,18,opposing,0.9907,0.0018,0.0076,0.9907,opp_in_supp_source,True,,,False,False,False,False,False
the speed of light is constant,factual_true,Asymmetry theory derived from the principle of constant ligh,academic,supporting,3,"A formula for observed “time dilation”, which resolves the “twin paradox”.2.",11,opposing,0.9907,0.0004,0.0087,0.9907,opp_in_supp_source,True,neutral,opposing,False,True,False,False,False
the speed of light is constant,factual_true,Constraining a possible time-variation of the speed of light,academic,supporting,4,"In order to explore the results deeply, we split the SGL sample into five sub-samples according to the lens stellar velocity dispersion and three sub-samples according to lens redshift.",29,opposing,0.9907,0.0005,0.0089,0.9907,opp_in_supp_source,True,opposing,neutral,False,False,False,False,False
antibiotics do not work against viruses,factual_true,"Virucidal Activity of the Drug «Thymogen®», a Nasal Dosed Sp",academic,supporting,4,The work was carried out in two stages: a study of the cytotoxicity of Thymogen® followed by a study of the virucidal effect at working range of drug concentrations of the drug.,32,opposing,0.9902,0.0002,0.0095,0.9902,opp_in_supp_source,True,opposing,opposing,False,False,False,False,True
antibiotics do not work against viruses,factual_true,Pneumonia,encyclopedia,supporting,7,"Research in children showed that a shorter, 3-day course of amoxicillin was as effective as a longer, 7-day course for treating pneumonia in this population.",25,opposing,0.9897,0.0001,0.01,0.9897,opp_in_supp_source,True,neutral,neutral,False,False,False,False,True
antibiotics do not work against viruses,factual_true,Repositioning of Antibiotics in the Treatment of Viral Infec,academic,supporting,3,"Therefore, the aim of this work is to carry out a review of the studies of antibiotics that could be repositioned for the treatment of viral infections.",27,opposing,0.9897,0.001,0.0091,0.9897,opp_in_supp_source,True,opposing,opposing,False,False,False,False,True
the speed of light is constant,factual_true,Is The Speed Of Light Constant?,web,supporting,4,"Relative Speed
The speed of almost everything in the universe is dependent upon your position and speed.",17,opposing,0.9897,0.0003,0.01,0.9897,opp_in_supp_source,True,supporting,opposing,False,False,False,False,False
humans share about 98% of DNA with chimpanzees,factual_true,Do humans and chimps really share nearly 99% of their DNA? |,web,supporting,9,"In fact, a 2025 study found that human and chimpanzee genomes are approximately 15% different when compared directly and completely.",20,opposing,0.9893,0.0011,0.0094,0.9893,opp_in_supp_source,True,neutral,neutral,False,False,False,False,False
the sun is a star,factual_true,Ask a Solar Physicist,web,supporting,13,"Another famous story, probably untrue, has this thought pop into
Newton's head when an apple falls on his head while he sits under an
apple tree, watching the Moon.",29,opposing,0.9893,0.0007,0.0099,0.9893,opp_in_supp_source,True,neutral,supporting,False,True,False,False,False
you lose most body heat through your head,factual_false,Do We Lose Heat Through Our Heads? - WebMD,web,opposing,2,Q: Mom always said to wear a hat in the cold because we lose 80% of our body heat through our head.,22,supporting,0.9893,0.9893,0.0098,0.001,supp_in_opp_source,True,supporting,neutral,False,False,False,False,False
bulls are enraged by the color red,factual_false,Do Bulls Really Hate The Color Red Or Are They Color Blind?,web,opposing,3,"We’ve always been told not to stand in front of a bull when wearing a red dress, or something along those lines, so what is it about the color red that makes bulls so angry?",35,supporting,0.9888,0.9888,0.0104,0.0006,supp_in_opp_source,True,supporting,supporting,True,False,False,False,False
bulls are enraged by the color red,factual_false,Mythbuster: Do Bulls Hate the Color Red? — STEAM Ahead,web,opposing,2,"The image is iconic, so deeply ingrained in our culture that it seems like a fundamental truth: Bulls are infuriated by the color red.",24,supporting,0.9888,0.9888,0.0105,0.001,supp_in_opp_source,True,neutral,neutral,False,False,False,False,False
christopher columbus discovered america,factual_false,امریکہ میں اسلام کی تاریخ و اشاعت: ایک مطالعہA Study of the ,academic,opposing,7,Columbus discovered America in 1492 with a crew in which Muslim astronomers were present.,14,supporting,0.9888,0.9888,0.0098,0.0013,supp_in_opp_source,True,neutral,neutral,False,False,False,False,False
the speed of light is constant,factual_true,Speed of light,encyclopedia,supporting,10,"Although this argument fails when aberration of light is taken into account, the latter was not recognized until the following century.",21,opposing,0.9888,0.0004,0.0108,0.9888,opp_in_supp_source,True,neutral,opposing,True,False,False,False,False
the speed of light is constant,factual_true,Is the speed of light really constant?,web,supporting,7,"Farid Ahmed, et al Results of a one-way experiment to test the isotropy of the speed of light.",18,opposing,0.9883,0.001,0.0107,0.9883,opp_in_supp_source,True,opposing,neutral,False,False,False,False,False
honey never expires,factual_true,Does Honey Expire—Ever? - Mill,web,supporting,6,"How to store honey
Oxygen, water, heat: These are the enemies of long-lasting, delicious honey.",15,opposing,0.9878,0.0005,0.0119,0.9878,opp_in_supp_source,True,opposing,neutral,False,False,False,False,True
water boils at 100 degrees celsius,factual_true,[Solved] Water ______ at 100 degree celsius. - Testbook,web,supporting,8,"-> OSSC CGL 2026 total revised vacancies of 1578 released on 29th January 2026
-> OSSC CGL 2026 Notification Out for 1576 Vacancies.",23,opposing,0.9878,0.0026,0.0095,0.9878,opp_in_supp_source,True,neutral,neutral,False,False,False,False,False
the speed of light is constant,factual_true,Why the Speed of Light is Constant?,web,supporting,2,"The speed of light is originally infinite (or indefinite, to be more precise), and this can be even deduced from time dilation and space contraction (so for light we have dx/dt=0/0), but the reason wh",84,opposing,0.9873,0.0034,0.0094,0.9873,opp_in_supp_source,True,neutral,neutral,False,False,False,False,False
honey never expires,factual_true,Why Honey does not expire | Bharat Honey (100% Natural Honey,web,supporting,1,"However, certain factors affect the colour and texture of honey in the following conditions:
1.",15,opposing,0.9868,0.0002,0.0132,0.9868,opp_in_supp_source,True,supporting,opposing,False,False,False,False,True
lemmings commit mass suicide,factual_false,Lemmings Don't Commit Mass Suicide,web,opposing,3,"The theory behind why they would commit this mass suicide, as explained by narrator Winston Hibler, is that they get worked up from the frenzy of running with all the other thousands of lemmings: “A k",98,supporting,0.9868,0.9868,0.0106,0.0028,supp_in_opp_source,True,neutral,opposing,False,True,False,False,False
antibiotics do not work against viruses,factual_true,"Virucidal Activity of the Drug «Thymogen®», a Nasal Dosed Sp",academic,supporting,7,"The obtained data may serve as a basis for conducting appropriate clinical studies on the use of the drug Thymogen®, a dosed nasal spray, in patients with acute respiratory viral infections, including",42,opposing,0.9863,0.0003,0.0132,0.9863,opp_in_supp_source,True,opposing,,False,False,False,False,True
the speed of light is constant,factual_true,The Speed of Light Is Not Constant in Basic Big Bang Theory,academic,supporting,9,The explicit form of this time dependence will then be determined by the specific problem.,15,opposing,0.9863,0.0002,0.0136,0.9863,opp_in_supp_source,True,opposing,,False,False,False,False,False
antibiotics do not work against viruses,factual_true,Bacteriophage-antibiotic combination therapy against extensi,academic,supporting,6,He was treated by a bacteriophage-antibiotic intravenous combination therapy for 86 days.,12,opposing,0.9858,0.0003,0.014,0.9858,opp_in_supp_source,True,neutral,opposing,False,False,False,False,True
you lose most body heat through your head,factual_false,Scientists debunk the myth that you lose most heat through y,web,opposing,1,"After all, most of our body heat is lost through our heads – or so we are led to believe.",20,supporting,0.9858,0.9858,0.0133,0.0009,supp_in_opp_source,True,neutral,neutral,False,False,False,False,False
MSG is dangerous to consume,factual_false,Anthony William,encyclopedia,opposing,3,He also describes six foods which he considers to be “life-challenging.” He contends that dairy “bogs down the liver”; eggs “feed the viral explosion”; corn is no longer nutritious due to overuse of g,73,supporting,0.9854,0.9854,0.0139,0.0006,supp_in_opp_source,True,neutral,neutral,True,True,False,False,False
honey never expires,factual_true,Honeyblood,encyclopedia,supporting,11,"- ^ Peaks in Scotland:
- Honeyblood: ""2014-07-20 Top 100 Scottish Albums Archive"".",13,opposing,0.9854,0.0003,0.0145,0.9854,opp_in_supp_source,True,supporting,opposing,False,True,False,False,True
honey never expires,factual_true,Why Honey does not expire | Bharat Honey (100% Natural Honey,web,supporting,15,"Keep an eye on proper storage to increase the shelf life of natural honey, because improper storage may damage honey.",20,opposing,0.9854,0.0006,0.0141,0.9854,opp_in_supp_source,True,supporting,,False,False,False,False,True
the speed of light is constant,factual_true,Dilaton-induced variations in Planck constant and speed of l,academic,supporting,0,We reveal a novel aspect of scale-invariant actions that allow matter to couple with a dilaton field: The dynamics of the dilaton can induce variations in the Planck constant ħ and speed of light c. O,64,opposing,0.9854,0.003,0.0117,0.9854,opp_in_supp_source,True,,,False,False,False,False,False
honey never expires,factual_true,Honeyblood,encyclopedia,supporting,9,"Retrieved 12 July 2019.
: CS1 maint: numeric names: authors list (link) - ^ ""Shona McVicar of Honeyblood Modern Drummer MagazineModern Drummer Magazine"".",23,opposing,0.9849,0.0005,0.0147,0.9849,opp_in_supp_source,True,supporting,supporting,False,True,False,False,True
lightning never strikes the same place twice,factual_false,"Claim Verification: ""Lightning never strikes the same place ",academic,opposing,0,"Automated fact-verification of the claim: ""Lightning never strikes the same place twice.""",12,supporting,0.9849,0.9849,0.0139,0.0011,supp_in_opp_source,True,,neutral,True,True,False,False,True
the great wall of china is visible from space,factual_false,Is China's Great Wall Visible from Space? | Scientific Ameri,web,opposing,0,Choose a legend: The Great Wall of China is the one of the few man-made structures visible from orbit.,19,supporting,0.9849,0.9849,0.014,0.0012,supp_in_opp_source,True,,neutral,False,False,False,True,False
antibiotics do not work against viruses,factual_true,Antibiotic misuse,encyclopedia,supporting,3,"- Despite acute respiratory-tract infections being mainly caused by viruses, as many as 75% of cases are treated with antibiotics.",20,opposing,0.9844,0.001,0.0147,0.9844,opp_in_supp_source,True,neutral,neutral,False,False,False,False,True
the Amazon rainforest produces about 20% of the world's oxygen,factual_false,Why the Amazon rainforest doesn’t really produce 20% of the,web,opposing,1,The Amazon rainforest is often called the “lungs of the Earth” and credited with producing some 20 percent of the world’s oxygen.,22,supporting,0.9844,0.9844,0.0147,0.0008,supp_in_opp_source,True,neutral,opposing,False,True,False,False,False
the speed of light is constant,factual_true,Constraining a possible time-variation of the speed of light,academic,supporting,1,"In this paper, we propose a new method to investigate a possible time variation of the speed of light ( c ) along with the fine-structure constant ( α ) using Strong Gravitational Lensing (SGL) and Ty",42,opposing,0.9839,0.0014,0.0144,0.9839,opp_in_supp_source,True,neutral,neutral,False,False,False,False,False
honey never expires,factual_true,Why Honey does not expire | Bharat Honey (100% Natural Honey,web,supporting,4,"This makes honey hygroscopic, causing drying out or killing of microbes in contact with honey.",15,opposing,0.9829,0.0004,0.0168,0.9829,opp_in_supp_source,True,neutral,neutral,False,False,False,False,True
the great wall of china is visible from space,factual_false,"Claim Verification: ""The Great Wall of China is the only man",academic,opposing,0,"Automated fact-verification of the claim: ""The Great Wall of China is the only man-made object visible from space with the naked eye.""",22,supporting,0.9829,0.9829,0.0156,0.0015,supp_in_opp_source,True,,opposing,False,True,False,False,False
the speed of light is constant,factual_true,"Speed of Light May Not Be Constant, Physicists Say | Live",web,supporting,2,And a varying light speed would change the strengths of molecular bonds and the density of nuclear matter itself.,19,opposing,0.9829,0.0034,0.0137,0.9829,opp_in_supp_source,True,opposing,opposing,False,False,False,False,False
octopuses have three hearts,factual_true,"How Many Hearts Does an Octopus Have? | Anatomy, Facts ...",web,supporting,1,"It has two branchial hearts, which are specifically tasked with pumping blood through the gills, where the blood is supplied with oxygen.",22,opposing,0.9824,0.001,0.0164,0.9824,opp_in_supp_source,True,supporting,neutral,False,False,False,False,False
honey never expires,factual_true,Does Honey Go Bad? | Food Network,web,supporting,10,"“After that time, it remains safe but the quality may not be as good.",14,opposing,0.9819,0.0003,0.0179,0.9819,opp_in_supp_source,True,supporting,opposing,True,True,False,False,True
lightning never strikes the same place twice,factual_false,Can Lightning Strike the Same Place Twice? | Britannica,web,opposing,0,"“Lightning never strikes the same place twice” is a common phrase you’ve probably heard before, often used to reassure someone that whatever bad thing has happened, it won’t happen again.",30,supporting,0.9819,0.9819,0.0141,0.0041,supp_in_opp_source,True,,opposing,True,True,False,False,True
the great wall of china is visible from space,factual_false,Can You See the Great Wall of China from Space? - Universe T,web,opposing,7,"NASA has confirmed
that US astronaut Leroy Chiao took what is thought to be the first verifiable image of the Great Wall of China from out his window on the International Space Station in 2004, using ",39,supporting,0.9814,0.9814,0.0174,0.0013,supp_in_opp_source,True,opposing,neutral,False,False,False,False,False
lightning never strikes the same place twice,factual_false,LIGHTNING NEVER STRIKES (THE SAME PLACE) TWICE Definition & ,web,opposing,0,lightning never strikes (the same place) twice —used to say that a very unusual event is not likely to happen again to the same person or in the same place The team was lucky to get that win but may n,46,supporting,0.9805,0.9805,0.0178,0.0017,supp_in_opp_source,True,,,True,False,False,False,True
christopher columbus discovered america,factual_false,Origin theories of Christopher Columbus,encyclopedia,opposing,10,"Cristóvão Colón, a Portuguese Sephardic Jew, discovered America"" James S. Mellett, PhD, 2003. p. 99.",15,supporting,0.98,0.98,0.0115,0.0083,supp_in_opp_source,True,neutral,neutral,False,True,False,False,False
the speed of light is constant,factual_true,Why speed of light is constant?,web,supporting,7,"- Some participants express skepticism about the ability to detect small changes in the speed of light over time, suggesting that it could vary without detection.",26,opposing,0.98,0.0017,0.0181,0.98,opp_in_supp_source,True,neutral,supporting,False,False,False,False,False
the sun is a star,factual_true,The Sun and the Star,encyclopedia,supporting,9,"- ^ a b c ""The Sun and the Star: A Nico di Angelo Adventure Book Review Common Sense Media"".",20,opposing,0.98,0.0028,0.0172,0.98,opp_in_supp_source,True,neutral,opposing,False,True,False,False,False
the Great Wall of China is visible from space,factual_false,"Claim Verification: ""The Great Wall of China is the only man",academic,opposing,0,"Automated fact-verification of the claim: ""The Great Wall of China is the only man-made object visible from space with the naked eye.""",22,supporting,0.9795,0.9795,0.0189,0.0017,supp_in_opp_source,True,,opposing,False,True,False,False,False
the speed of light is constant,factual_true,The Speed of Light Is Not Constant in Basic Big Bang Theory,academic,supporting,4,"This is consistent with the observed acceleration of the expansion of the Universe, as determined from high-redshift supernova data.",19,opposing,0.979,0.0008,0.0202,0.979,opp_in_supp_source,True,opposing,neutral,False,False,False,False,False
eating carrots improves your eyesight,factual_false,Carrots & Eye Health: Myth or Fact? | University of Utah Hea,web,opposing,8,"In addition to carrots (sweet potatoes have even more beta-carotene) and other vegetables, fruits, cold-water fish, vitamin and mineral-rich foods, including eggs, beans, nuts, lean red meats, and pou",39,supporting,0.9785,0.9785,0.0207,0.001,supp_in_opp_source,True,neutral,neutral,False,False,False,False,False
the speed of light is constant,factual_true,Why the Speed of Light is Constant - KennethChan.com,web,supporting,4,"The reason for this is that the waterwheel turns correspondingly faster whenever the river flows faster, so we cannot detect the change if we keep to our unconventional way of defining time.",32,opposing,0.9785,0.0004,0.021,0.9785,opp_in_supp_source,True,neutral,supporting,True,False,False,False,False
antibiotics do not work against viruses,factual_true,Fighting viruses with antibiotics: an overlooked path - PMC ,web,supporting,3,"In a second study, Zhou et al tested 1600 FDA-approved drugs and also observed that teicoplanin inhibited HEK293T cell infection by pseudotyped Ebola viruses .",25,opposing,0.978,0.0025,0.0193,0.978,opp_in_supp_source,True,opposing,opposing,False,False,False,False,True
the speed of light is constant,factual_true,Formulations of special relativity,encyclopedia,supporting,9,"They claim that there are versions of relativity which are consistent with experiment but have a definition of time where the ""speed"" of light is not constant.",27,opposing,0.978,0.0026,0.0197,0.978,opp_in_supp_source,True,neutral,neutral,True,True,False,True,False
the sun is a star,factual_true,"Exploring love on its own terms with the team behind ""The Su",web,supporting,11,"NICOLA YOON Romance is not dead and whenever people say that, it makes me insane.",15,opposing,0.978,0.0013,0.0208,0.978,opp_in_supp_source,True,opposing,neutral,True,False,False,False,False
the speed of light is constant,factual_true,The Speed of Light in Vacuum is not Constant in Any Circumst,academic,supporting,15,(3) It provides a possible explanation mechanism for high-energy astrophysical phenomena such as superluminal and ray bursts.,17,opposing,0.9775,0.0009,0.0216,0.9775,opp_in_supp_source,True,neutral,neutral,False,False,False,False,False
the sun is a star,factual_true,Curious Kids: Is there anything hotter than the Sun?,web,supporting,1,Our Sun gets so hot because the gas inside burns in a special way that turns some of the gas into lots of energy.,24,opposing,0.9771,0.0026,0.0202,0.9771,opp_in_supp_source,True,neutral,supporting,False,False,False,False,False
eating carrots improves your eyesight,factual_false,"Carrots, carotene and seeing in the dark - PubMed",web,opposing,0,"While carrot intake may protect against difficulty in seeing at night, it is probable that people attributing poor driving ability to their vision may be eating ...",27,supporting,0.9766,0.9766,0.0218,0.0015,supp_in_opp_source,True,,,False,False,False,False,False
the speed of light is constant,factual_true,"Speed of Light May Not Be Constant, Physicists Say | Live",web,supporting,9,"To find this tiny fluctuation, the researchers say, one could measure how light disperses at long distances.",17,opposing,0.9766,0.0008,0.0226,0.9766,opp_in_supp_source,True,neutral,opposing,False,False,False,False,False
eating carrots improves your eyesight,factual_false,Myths about Your Eyes and Vision - WebMD,web,opposing,0,"Eating Carrots Will Improve Your Vision
Fact: Carrots are high in vitamin A, a nutrient essential for good vision.",19,supporting,0.9761,0.9761,0.0231,0.0008,supp_in_opp_source,True,,supporting,False,False,False,False,False
the sun is a star,factual_true,"Exploring love on its own terms with the team behind ""The Su",web,supporting,5,It’s the reason that when you walk into a room you notice that super cute boy but not that one.,20,opposing,0.9761,0.002,0.0219,0.9761,opp_in_supp_source,True,opposing,neutral,True,False,False,False,False
the Sahara desert is the largest desert on earth,factual_false,What makes the Sahara the largest desert in the world? |,web,opposing,0,What makes the Sahara the largest desert in the world?,10,supporting,0.9756,0.9756,0.0228,0.0015,supp_in_opp_source,True,,opposing,False,False,False,False,False
antibiotics do not work against viruses,factual_true,Antibiotics: Are you misusing them? - Mayo Clinic,web,supporting,4,Antibiotic resistance is one of the world's most urgent health problems.,11,opposing,0.9751,0.0005,0.0246,0.9751,opp_in_supp_source,True,neutral,neutral,False,True,False,False,True
antibiotics do not work against viruses,factual_true,Viral Infections - Why Don't Antibiotics Kill Viruses? - Dru,web,supporting,14,"For example, for uncomplicated UTI in women fosfomycin is a medicine that can be given in one single dose, but trimethoprim–sulfamethoxazole (Bactrim, Septra) is given as a 3-day course.",29,opposing,0.9741,0.0002,0.0257,0.9741,opp_in_supp_source,True,neutral,neutral,False,False,False,False,True
the great wall of china is visible from space,factual_false,Is the Great Wall of China Really Visible from Space? | Live,web,opposing,18,"In particular, a satellite with radar imaging and high resolution can easily pick out the Great Wall of China.",19,supporting,0.9741,0.9741,0.0247,0.0013,supp_in_opp_source,True,neutral,,False,False,False,False,False
antibiotics do not work against viruses,factual_true,"Virucidal Activity of the Drug «Thymogen®», a Nasal Dosed Sp",academic,supporting,2,"The aim of the work was to study of the virucidal activity of the drug Thymogen®, a dosed nasal spray, against human respiratory viruses (parainfluenza virus and respiratory syncytial virus) in vitro.",32,opposing,0.9717,0.0003,0.0281,0.9717,opp_in_supp_source,True,opposing,opposing,False,False,False,False,True
honey never expires,factual_true,Honeyblood,encyclopedia,supporting,13,"- ^ ""HONEYBLOOD full Official Chart History Official Charts Company"".",10,opposing,0.9717,0.0009,0.0272,0.9717,opp_in_supp_source,True,opposing,,False,True,False,False,True
the earth is flat,factual_false,Tales from the Flat Earth,encyclopedia,opposing,3,"Works in the series
[edit] Novels and collections
[edit] - Night's Master (1978; nominated for the World Fantasy Award for Best Novel, 1979)
- Death's Master (1979; British Fantasy Award for Best Nove",125,supporting,0.9717,0.9717,0.018,0.0102,supp_in_opp_source,True,neutral,supporting,False,True,False,False,False
antibiotics do not work against viruses,factual_true,Infected burn wound healing using Hydroxy-propyl-methyl cell,academic,supporting,9,These results at the microscopic level indicated the recovery of the tissue and the removal of the infection.,18,opposing,0.9712,0.0002,0.0288,0.9712,opp_in_supp_source,True,opposing,neutral,False,False,False,False,True
antibiotics do not work against viruses,factual_true,Pneumonia,encyclopedia,supporting,0,Vaccinations against Haemophilus influenzae and Streptococcus pneumoniae have good evidence to support their use.,14,opposing,0.9707,0.0005,0.0289,0.9707,opp_in_supp_source,True,,opposing,False,False,False,False,True
antibiotics do not work against viruses,factual_true,Fighting viruses with antibiotics: an overlooked path - PMC ,web,supporting,8,"Their results have to be confirmed, and it has to be determined whether concentrations within the therapeutic range can be achieved to target viruses.",24,opposing,0.9707,0.0003,0.0288,0.9707,opp_in_supp_source,True,opposing,opposing,False,False,False,False,True
octopuses have three hearts,factual_true,Why Do Octopuses Have Three Hearts? - Science ABC,web,supporting,11,"The cephalopod nautilus, the mesmerizing spiral-shelled marine animal, only has a single heart that pumps blood, unlike its three-hearted relatives.",20,opposing,0.9707,0.0125,0.017,0.9707,opp_in_supp_source,True,neutral,neutral,False,False,False,False,False
the speed of light is constant,factual_true,Why the Speed of Light is Constant - KennethChan.com,web,supporting,11,"We will still find, however, that the speed of the river flow is constant.",14,opposing,0.9707,0.0012,0.0284,0.9707,opp_in_supp_source,True,opposing,opposing,False,False,False,False,False
the speed of light is constant,factual_true,Variable speed of light,encyclopedia,supporting,0,"Variable speed of light
A variable speed of light (VSL) is a feature of a family of hypotheses stating that the speed of light may in some way not be constant, for example, that it varies with frequen",43,opposing,0.9692,0.0058,0.0252,0.9692,opp_in_supp_source,True,,opposing,True,False,False,False,False
Einstein failed math in school,factual_false,Andrei Zelevinsky,encyclopedia,opposing,6,"- ^ A. Zelevinsky's cv Archived April 16, 2013, at the Wayback Machine
- ^ You failed your math test, comrade Einstein
- ^ Northeastern University, Math.",27,supporting,0.9678,0.9678,0.0311,0.0013,supp_in_opp_source,True,neutral,opposing,False,True,False,False,False
antibiotics do not work against viruses,factual_true,Fighting viruses with antibiotics: an overlooked path - PMC ,web,supporting,0,Wang et al noted that teicoplanin had already been reported as active against other enveloped viruses .,17,opposing,0.9678,0.0033,0.0288,0.9678,opp_in_supp_source,True,,neutral,False,False,False,False,True
antibiotics do not work against viruses,factual_true,Bacteriophage-antibiotic combination therapy against extensi,academic,supporting,8,"It was associated with objective clinical and microbiological improvement, eventually allowing for liver retransplantation and complete resolution of all infections.",20,opposing,0.9673,0.0002,0.0327,0.9673,opp_in_supp_source,True,opposing,opposing,False,False,False,False,True
bulls are enraged by the color red,factual_false,Do Bulls Really Hate The Color Red Or Are They Color Blind?,web,opposing,2,"The bull sees the flaming, arrogant red color and charge angrily towards it.",13,supporting,0.9673,0.9673,0.0321,0.0008,supp_in_opp_source,True,neutral,supporting,False,False,False,False,False
honey never expires,factual_true,Why Honey does not expire | Bharat Honey (100% Natural Honey,web,supporting,10,"Changes occur in aged honey
If the storage of honey is for a longer period, the following changes may occur.",20,opposing,0.9668,0.0024,0.031,0.9668,opp_in_supp_source,True,opposing,opposing,False,False,False,False,True
antibiotics do not work against viruses,factual_true,Viral Infections - Why Don't Antibiotics Kill Viruses? - Dru,web,supporting,12,The thinking was that antibiotic resistance could occur if you stop short of your full course of therapy.,18,opposing,0.9663,0.0004,0.0331,0.9663,opp_in_supp_source,True,neutral,neutral,False,False,False,False,True
antibiotics do not work against viruses,factual_true,Fighting viruses with antibiotics: an overlooked path - PMC ,web,supporting,12,"They highlight the fact that research in bacteriology and virology should not be tightly compartmentalised, and they show that, as has been done for antibiotics and in various other fields , , , mimic",48,opposing,0.9663,0.0019,0.0319,0.9663,opp_in_supp_source,True,opposing,opposing,True,False,False,False,True
bulls are enraged by the color red,factual_false,Do Bulls Really Hate The Color Red Or Are They Color Blind?,web,opposing,4,"Recommended Video for you:
Why Does The Color Red Make Bulls So Angry?",13,supporting,0.9663,0.9663,0.0325,0.0013,supp_in_opp_source,True,supporting,neutral,False,False,False,False,False
the speed of light is constant,factual_true,Variable speed of light,encyclopedia,supporting,6,"Dicke assumed that both frequencies and wavelengths could vary, which since resulted in a relative change of c. Dicke assumed a refractive index (eqn.",24,opposing,0.9663,0.0006,0.0333,0.9663,opp_in_supp_source,True,opposing,neutral,False,False,False,False,False
the sun is a star,factual_true,Sun Facts for Kids - Interesting Facts about the Sun,web,supporting,4,"Imagine the Sun as a massive circle, with its diameter so vast that over 100 Earths could be lined up across it.",22,opposing,0.9663,0.0056,0.0282,0.9663,opp_in_supp_source,True,neutral,neutral,False,False,False,False,False
honey never expires,factual_true,Does Honey Expire—Ever? - Mill,web,supporting,10,"If you aren't into crystalized honey, however, here’s a quick fix: Place your honey jar or bottle in a bowl of warm water for a few minutes to get it back to its natural state.",35,opposing,0.9658,0.0004,0.0339,0.9658,opp_in_supp_source,True,opposing,neutral,True,True,False,False,True
the sun is a star,factual_true,The Sun and the Star,encyclopedia,supporting,10,"""The Sun and the Star: A Nico di Angelo Adventure"".",10,opposing,0.9653,0.004,0.0307,0.9653,opp_in_supp_source,True,opposing,,False,True,False,False,False
honey never expires,factual_true,Does Honey Go Bad? | Food Network,web,supporting,0,"Plus, how to store honey and what to do if it crystalizes.",12,opposing,0.9648,0.0007,0.0345,0.9648,opp_in_supp_source,True,,opposing,False,False,False,False,True
antibiotics do not work against viruses,factual_true,Antibiotic,encyclopedia,supporting,7,"For example, antibacterial selection for strains having previously acquired antibacterial-resistance genes was demonstrated in 1943 by the Luria–Delbrück experiment.",19,opposing,0.9634,0.0006,0.036,0.9634,opp_in_supp_source,True,neutral,neutral,False,False,False,False,True
honey never expires,factual_true,Does Honey Ever Go Bad or Expire? - HelloFresh,web,supporting,4,"Whether you purchase your honey from a local beekeeper, online, or at your local grocery store, here are some things to know about the shelf life of honey:",28,opposing,0.9629,0.0015,0.0354,0.9629,opp_in_supp_source,True,neutral,,False,False,False,False,True
honey never expires,factual_true,Honeyblood,encyclopedia,supporting,6,"Babes Never Die (2016–2017)
[edit] In the winter of 2015, Tweeddale and Myers recorded their second album Babes Never Die at London's Fish Factory studio.",25,opposing,0.9614,0.0022,0.0362,0.9614,opp_in_supp_source,True,opposing,neutral,True,True,False,False,True
vaccines cause autism,factual_false,"Experts: CDC Website Shift on Vaccines, Autism Sparks Confus",web,opposing,0,"CDC’s new claim that vaccines cannot be ruled out as autism cause leads to confusion, misinformation, public health experts say
Northeastern professors say a change in CDC website on autism and vaccin",75,supporting,0.9604,0.9604,0.0387,0.0009,supp_in_opp_source,True,,neutral,True,False,False,True,False
the Great Wall of China is visible from space,factual_false,Visible items from outer space? - Cecil's Columns/Staff Repo,web,opposing,3,If you can point and say “that’s the great wall of China” then it’s visible from space.,17,supporting,0.96,0.96,0.0376,0.0026,supp_in_opp_source,True,neutral,neutral,False,True,False,False,False
humans share about 98% of DNA with chimpanzees,factual_true,New Research: Humans and Chimps Do Not Share 98% of Their Ge,web,supporting,0,"New Research: Humans and Chimps Do Not Share 98% of Their Genomes
[EDITOR’S NOTE: The following article was written by A.P.",21,opposing,0.958,0.0202,0.0217,0.958,opp_in_supp_source,True,,neutral,True,False,False,False,False
the earth revolves around the sun,factual_true,"Study of the ""Earth-Moon"" System",academic,supporting,2,The incorrectness of the statement that the Moon revolves around the Earth is noted.,14,opposing,0.9575,0.0028,0.0396,0.9575,opp_in_supp_source,True,neutral,opposing,False,False,False,False,False
you lose most body heat through your head,factual_false,Do You Lose Half of Your Body Heat from Your Head? | MeatEat,web,opposing,3,"You lose half of your body heat through your head, making it the most important part of your body to cover in frigid temperatures.",24,supporting,0.9575,0.9575,0.0294,0.0131,supp_in_opp_source,True,neutral,neutral,False,False,False,False,False
the speed of light is constant,factual_true,Speed of light,encyclopedia,supporting,15,"From this effect he determined that light must travel 10,210 times faster than the Earth in its orbit (the modern figure is 10,066 times faster) or, equivalently, that it would take light 8 minutes 12",44,opposing,0.957,0.0021,0.0407,0.957,opp_in_supp_source,True,neutral,neutral,False,False,False,False,False
the earth revolves around the sun,factual_true,"Science News: Earth is not revolving around Sun, the world i",web,supporting,10,Relevance to Earth Earth thus revolves around a barycenter rather than the Sun directly.,14,opposing,0.9561,0.0242,0.0195,0.9561,opp_in_supp_source,True,supporting,neutral,False,False,False,False,False
eating carrots improves your eyesight,factual_false,Do Carrots Help Your Eyesight - Southwestern Eye Center,web,opposing,7,"Carrots were one of the few foods readily available, and the promise of better night vision was a persuasive incentive—especially during nightly blackouts.",23,supporting,0.9556,0.9556,0.0431,0.0016,supp_in_opp_source,True,neutral,neutral,False,False,False,False,False
the earth is flat,factual_false,Tales from the Flat Earth,encyclopedia,opposing,7,"The Flat Earth appears to include temperate, sub-tropical, and tropical zones, including many deserts.",14,supporting,0.9556,0.9556,0.0413,0.0031,supp_in_opp_source,True,supporting,neutral,False,False,False,False,False
the earth revolves around the sun,factual_true,"Science News: Earth is not revolving around Sun, the world i",web,supporting,0,"NASA notes that based on Earth’s current orbital velocity inside the solar system, it appears that Earth is not currently circling around the sun.",24,opposing,0.9556,0.0166,0.0278,0.9556,opp_in_supp_source,True,,neutral,True,False,False,False,False
lemmings commit mass suicide,factual_false,Lemming,encyclopedia,opposing,9,"James Thurber's 1941 short story ""Interview with a Lemming"" ends with the human scientist wondering why lemmings all rush down to the sea and drown themselves, and the lemming replying that it wonders",36,supporting,0.9551,0.9551,0.038,0.007,supp_in_opp_source,True,neutral,neutral,False,True,False,False,False
lemmings commit mass suicide,factual_false,mass suicide – Jineral Knowledge,web,opposing,5,His theory was backed by a documentary made in 1958 called White Wilderness that showed a footage of a herd of lemmings leaping off a cliff to their death.,29,supporting,0.9551,0.9551,0.0428,0.0023,supp_in_opp_source,True,neutral,neutral,False,False,False,False,False
the Great Wall of China is the only man-made structure visible from space,factual_false,What makes the Great Wall of China the only man-made object ,web,opposing,0,What makes the Great Wall of China the only man-made object visible from space?,14,supporting,0.9551,0.9551,0.0435,0.0014,supp_in_opp_source,True,,opposing,False,False,False,False,False
humans share about 98% of DNA with chimpanzees,factual_true,New Research: Humans and Chimps Do Not Share 98% of Their Ge,web,supporting,11,"First, it is clear that humans and chimps do not share 98.8% of their DNA when the full genomes are compared.",21,opposing,0.9536,0.0288,0.0179,0.9536,opp_in_supp_source,True,neutral,,True,False,False,False,False
the sun is a star,factual_true,"Exploring love on its own terms with the team behind ""The Su",web,supporting,7,"That’s why in the book, I call it the X factor because I still don’t have any other words for it.",21,opposing,0.9536,0.0016,0.0448,0.9536,opp_in_supp_source,True,neutral,opposing,False,False,False,False,False
sugar makes children hyperactive,factual_false,Does sugar really make kids hyper? - Curious,web,opposing,0,"Ask any parent returning from a birthday party with kids and they’ll swear that yes, of course, without doubt sugar makes their children hyperactive.",24,supporting,0.9517,0.9517,0.0463,0.0022,supp_in_opp_source,True,,neutral,False,False,False,False,False
the speed of light is constant,factual_true,Why speed of light is constant?,web,supporting,11,There is also mention of unresolved mathematical steps in the context of relativity.,13,opposing,0.9512,0.001,0.0476,0.9512,opp_in_supp_source,True,opposing,,False,False,False,False,False
antibiotics do not work against viruses,factual_true,Infected burn wound healing using Hydroxy-propyl-methyl cell,academic,supporting,6,The effects of the Hydroxy-propyl-methyl cellulose (HPMC) gel containing phage were investigated compared to gentamicin.,15,opposing,0.9507,0.001,0.0483,0.9507,opp_in_supp_source,True,neutral,neutral,False,False,False,False,True
the speed of light is constant,factual_true,Is the speed of light really constant?,web,supporting,9,In the post itself I linked to a paper that derives the equivalence between experimental results and a two-way speed of light.,22,opposing,0.9497,0.0015,0.0489,0.9497,opp_in_supp_source,True,neutral,neutral,False,False,False,False,False
honey never expires,factual_true,Why Honey does not expire | Bharat Honey (100% Natural Honey,web,supporting,12,"Fermentation of honey
Fermentation of Honey occurs in two conditions:
- Unripe honey.",13,opposing,0.9492,0.0011,0.0498,0.9492,opp_in_supp_source,True,opposing,opposing,False,False,False,False,True
the Great Wall of China is visible from space,factual_false,Artificial structures visible from space,encyclopedia,opposing,14,"- ^ JPL, April 18, 1996, Space Radar Reveals Ancient Segments of China's Great Wall
- ^ Miller, David; Schor, Paulo; Peter Magnante.",23,supporting,0.9487,0.9487,0.0494,0.0018,supp_in_opp_source,True,neutral,neutral,False,True,False,False,False
the speed of light is constant,factual_true,Is The Speed Of Light Constant?,web,supporting,5,"For example, you may feel stationary at this moment, yet you are actually travelling around the sun at 67,000 miles per hour.",22,opposing,0.9487,0.008,0.0434,0.9487,opp_in_supp_source,True,opposing,neutral,False,False,False,False,False
the great wall of china is visible from space,factual_false,Can You See the Great Wall of China from Space,web,opposing,0,The myth regarding the Great Wall of China can be seen from outer space and has been circulated for hundreds of years.,22,supporting,0.9468,0.9468,0.0497,0.0035,supp_in_opp_source,True,,neutral,False,False,False,False,False
antibiotics do not work against viruses,factual_true,Infected burn wound healing using Hydroxy-propyl-methyl cell,academic,supporting,8,Pathologic samples of different groups confirmed therapeutic results of phages.,10,opposing,0.9458,0.0005,0.0539,0.9458,opp_in_supp_source,True,neutral,opposing,False,False,False,False,True
the earth revolves around the sun,factual_true,Lunar phase,encyclopedia,supporting,13,"[edit] The phases are not caused by the Earth's shadow falling on the Moon, as some people believe.",18,opposing,0.9458,0.0041,0.0499,0.9458,opp_in_supp_source,True,neutral,,True,True,False,False,False
the earth revolves around the sun,factual_true,"Study of the ""Earth-Moon"" System",academic,supporting,3,The moon revolves around the common center of mass of the system.,12,opposing,0.9453,0.0013,0.0534,0.9453,opp_in_supp_source,True,opposing,neutral,False,False,False,False,False
the earth revolves around the sun,factual_true,Lunar phase,encyclopedia,supporting,0,A lunar day is equal to one lunar month (one synodic orbit around Earth) due to it being tidally locked to Earth.,22,opposing,0.9443,0.0068,0.049,0.9443,opp_in_supp_source,True,,neutral,False,False,False,False,False
antibiotics do not work against viruses,factual_true,Genome Features and In Vitro Activity against Influenza A an,academic,supporting,6,"Cultures of L. fermentum 90 TC 4, L. plantarum 8 RA 3, and B. bifidum 791 showed a pronounced activity against influenza A viruses in MDCK cells.",27,opposing,0.9438,0.0003,0.0558,0.9438,opp_in_supp_source,True,neutral,opposing,False,False,False,False,True
the sun is a star,factual_true,"Exploring love on its own terms with the team behind ""The Su",web,supporting,13,"Everyone wants and needs love in whatever form—the love of your art, the love of your friends, the love of the person you’re in love with.",26,opposing,0.9414,0.0043,0.0544,0.9414,opp_in_supp_source,True,neutral,neutral,False,False,False,False,False
antibiotics do not work against viruses,factual_true,Bacteriophage-antibiotic combination therapy against extensi,academic,supporting,11,"They report on the clinical and microbiological improvement, and present their investigation on how bacterial phage resistance did not result in therapeutic failure.",23,opposing,0.9404,0.0005,0.059,0.9404,opp_in_supp_source,True,opposing,,True,False,False,False,True
the Sahara desert is the largest desert on earth,factual_false,Saharan rainfall climatology and its relationship with surfa,academic,opposing,0,"The Sahara is the largest and driest of the hot deserts on Earth, with regions where rainfall reaches the surface on average less than once a year.",27,supporting,0.9404,0.9404,0.0574,0.0022,supp_in_opp_source,True,,neutral,False,False,False,False,False
the speed of light is constant,factual_true,Is the speed of light really constant?,web,supporting,12,"It is stated repeatedly that the measurement of one-directional light is impossible due to relativity, but my question is this: is it possible show with some confidence that light never travels at inf",34,opposing,0.9399,0.0034,0.0569,0.9399,opp_in_supp_source,True,opposing,opposing,True,False,False,False,False
the Amazon rainforest produces about 20% of the world's oxygen,factual_false,Amazon Rainforest: It doesn’t Produce 20% of the Planet’s,web,opposing,0,"So, we all came across a number of photos, videos, and articles that state Amazon Rainforest produces 20% of the planet’s oxygen.",22,supporting,0.9395,0.9395,0.0595,0.0012,supp_in_opp_source,True,,neutral,False,False,False,False,False
antibiotics do not work against viruses,factual_true,Bacteriophage-antibiotic combination therapy against extensi,academic,supporting,7,"This salvage therapy was well tolerated, without antibody-mediated phage neutralization.",10,opposing,0.9385,0.0006,0.0611,0.9385,opp_in_supp_source,True,opposing,opposing,False,False,False,False,True
the sun is a star,factual_true,"Exploring love on its own terms with the team behind ""The Su",web,supporting,16,"Today, with social media, it’s easy to become jaded with personal trials and tribulations, with relationships.",16,opposing,0.938,0.005,0.057,0.938,opp_in_supp_source,True,neutral,,False,False,False,False,False
the moon landing was faked,factual_false,The Moon Landings Were Faked - Conspiracy Theories - TIME,web,opposing,1,"Doubters say the U.S. government, desperate to beat the Russians in the space race, faked the lunar landings, with Armstrong and Buzz Aldrin acting out their mission on a secret film set, located (dep",48,supporting,0.9375,0.9375,0.0601,0.0026,supp_in_opp_source,True,neutral,supporting,False,False,False,False,False
the speed of light is constant,factual_true,Physical constant,encyclopedia,supporting,12,"Thus, it was meaningful to experimentally measure the speed of light in SI units prior to 1983, but it is not so now.",23,opposing,0.937,0.0019,0.0611,0.937,opp_in_supp_source,True,neutral,opposing,True,False,False,False,False
antibiotics do not work against viruses,factual_true,Antibiotic misuse,encyclopedia,supporting,7,"In a study of 32 States in 2011, antibiotics and anti-infectives accounted for nearly 24 percent of ADEs that were present on admission, and 28 percent of those that occurred during a hospital stay.",34,opposing,0.9365,0.0011,0.0622,0.9365,opp_in_supp_source,True,supporting,supporting,False,False,False,False,True
goldfish have a 3 second memory,factual_false,Goldfish,encyclopedia,opposing,14,"MythBuster Results: A goldfish's memory lasts only three seconds
- ^ Demonstrated in a 1994 public experiment at the Palais de la Découverte science museum.",25,supporting,0.9365,0.9365,0.0611,0.0023,supp_in_opp_source,True,opposing,neutral,False,True,False,False,False
the great wall of china is visible from space,factual_false,Artificial structures visible from space,encyclopedia,opposing,14,"- ^ JPL, April 18, 1996, Space Radar Reveals Ancient Segments of China's Great Wall
- ^ Miller, David; Schor, Paulo; Peter Magnante.",23,supporting,0.936,0.936,0.062,0.0021,supp_in_opp_source,True,neutral,neutral,False,True,False,False,False
we only use 10% of our brains,factual_false,Do People Only Use 10 Percent of Their Brains? | Scientific,web,opposing,1,"Adding to that mystery is the contention that humans ""only"" employ 10 percent of their brain.",16,supporting,0.936,0.936,0.0601,0.0038,supp_in_opp_source,True,neutral,opposing,False,True,False,False,False
the speed of light is constant,factual_true,Variable speed of light,encyclopedia,supporting,5,"In deriving the gravitational redshift due to a spherically symmetric massive body, a radial speed of light dr/dt can be defined in Schwarzschild coordinates, with t being the time recorded on a stati",36,opposing,0.9355,0.0015,0.0628,0.9355,opp_in_supp_source,True,opposing,opposing,False,False,False,False,False
antibiotics do not work against viruses,factual_true,Pneumonia,encyclopedia,supporting,17,"""Clinical features for diagnosis of pneumonia in children younger than 5 years: a systematic review and meta-analysis"".",17,opposing,0.9341,0.0008,0.065,0.9341,opp_in_supp_source,True,neutral,,False,True,False,False,True
antibiotics do not work against viruses,factual_true,Studies on Comparative Analysis of Antimicrobial Strength of,academic,supporting,4,"In the course of this work, Disc diffusion method was used to determine the antimicrobial strengths of the various antibiotics.",20,opposing,0.9336,0.0006,0.066,0.9336,opp_in_supp_source,True,neutral,supporting,False,False,False,False,True
the speed of light is constant,factual_true,Variable speed of light,encyclopedia,supporting,2,"Attempts to incorporate a variable speed of light into physics were made by Robert Dicke in 1957, and by several researchers starting from the late 1980s.",26,opposing,0.9336,0.0144,0.0519,0.9336,opp_in_supp_source,True,opposing,opposing,False,False,False,False,False
antibiotics do not work against viruses,factual_true,Pneumonia,encyclopedia,supporting,3,There is tentative evidence that lying flat on the back compared to semi-raised increases pneumonia risks in people who are intubated.,21,opposing,0.9331,0.0006,0.0662,0.9331,opp_in_supp_source,True,opposing,opposing,False,False,False,False,True
the speed of light is constant,factual_true,Speed of light,encyclopedia,supporting,13,The actual delay in this experiment would have been about 11 microseconds.,12,opposing,0.9326,0.0014,0.0659,0.9326,opp_in_supp_source,True,neutral,neutral,False,False,False,False,False
the speed of light is constant,factual_true,Special relativity,encyclopedia,supporting,0,"This changed Newton's mechanics situations involving all motions, especially velocities close to that of light: 18 (known as relativistic velocities).",20,opposing,0.9307,0.0014,0.0677,0.9307,opp_in_supp_source,True,,supporting,False,True,False,False,False
the speed of light is constant,factual_true,Is The Speed Of Light Constant?,web,supporting,7,"If you were to sit in a car with no windows and experienced no friction, you would not be able to tell that you are moving.",26,opposing,0.9307,0.0041,0.0654,0.9307,opp_in_supp_source,True,neutral,neutral,True,False,False,False,False
humans only use 10 percent of their brain,factual_false,Do we only use 10 percent of our brain? - MIT McGovern Insti,web,opposing,1,Movies like “Limitless” and “Lucy” play on the notion that humans use only 10 percent of their brains—and those who unlock a higher percentage wield powers like infinite memory or telekinesis.,31,supporting,0.9302,0.9302,0.0651,0.0046,supp_in_opp_source,True,neutral,neutral,False,True,False,True,False
goldfish have a three second memory,factual_false,Goldfish,encyclopedia,opposing,14,"MythBuster Results: A goldfish's memory lasts only three seconds
- ^ Demonstrated in a 1994 public experiment at the Palais de la Découverte science museum.",25,supporting,0.9292,0.9292,0.0683,0.0026,supp_in_opp_source,True,opposing,neutral,False,True,False,False,False
the sun is a star,factual_true,Sun: Facts - NASA Science,web,supporting,16,(Imagine walking away from a bonfire only to get warmer.),10,opposing,0.9272,0.0044,0.0682,0.9272,opp_in_supp_source,True,neutral,neutral,False,False,False,False,False
eating carrots improves your eyesight,factual_false,Do Carrots help improve Night Vision? - Westside Eye Clinic,web,opposing,10,"This means that If you have a Vitamin A deficiency, eating carrots could help to correct and improve your night vision, but only to match the capabilities of an average person in ordinary health – it ",53,supporting,0.9258,0.9258,0.0679,0.0065,supp_in_opp_source,True,neutral,neutral,False,False,False,False,False
cracking your knuckles causes arthritis,factual_false,Is Cracking Your Knuckles Bad for You?,web,opposing,0,"Whether you’re a habitual knuckle cracker or cringe at the thought, you’ve probably heard that cracking your knuckles enlarges them or causes arthritis in your fingers.",26,supporting,0.9248,0.9248,0.0721,0.0029,supp_in_opp_source,True,,opposing,False,False,False,False,False
the speed of light is constant,factual_true,Is the speed of light really constant?,web,supporting,13,"It would seem that if the speed of light is infinite in one direction (to the “observer”), then the Cassini probe would have observed the signal from Earth instantly (from its perspective), and immedi",39,opposing,0.9238,0.0071,0.0693,0.9238,opp_in_supp_source,True,opposing,,False,True,False,False,False
bulls are enraged by the color red,factual_false,Why Do Bulls Attack the Color Red? - Bulls Hate Red MythBull,web,opposing,11,"Here is a detailed explanation of why it seems bulls hate the color red:
Aggression and the bull's nature
Like many other animals, bulls can exhibit aggressive behavior when they feel threatened, prov",35,supporting,0.9233,0.9233,0.0741,0.0025,supp_in_opp_source,True,neutral,neutral,False,True,False,False,False
antibiotics do not work against viruses,factual_true,Genome Features and <i>In Vitro</i> Activity against Influen,academic,supporting,6,"plantarum 8 RA 3, and B. bifidum 791 showed a pronounced activity against influenza A viruses in MDCK cells.",19,opposing,0.9224,0.0003,0.0771,0.9224,opp_in_supp_source,True,neutral,opposing,False,False,False,False,True
antibiotics do not work against viruses,factual_true,Pneumonia,encyclopedia,supporting,4,"Management
Antibiotics by mouth, rest, simple analgesics, and fluids usually suffice for complete resolution.",14,opposing,0.9189,0.0004,0.0804,0.9189,opp_in_supp_source,True,opposing,opposing,False,False,False,False,True
humans only use 10 percent of their brain,factual_false,Do People Only Use 10 Percent of Their Brains? | Scientific ,web,opposing,1,"Adding to that mystery is the contention that humans ""only"" employ 10 percent of their brain.",16,supporting,0.9189,0.9189,0.0756,0.0055,supp_in_opp_source,True,neutral,opposing,False,True,False,False,False
the earth revolves around the sun,factual_true,Lunar phase,encyclopedia,supporting,7,"The Moon orbits the Earth 13.4 times a year, but only passes between the Earth and Sun 12.4 times.",19,opposing,0.9189,0.0132,0.0677,0.9189,opp_in_supp_source,True,supporting,supporting,False,False,False,False,False
the Amazon rainforest produces about 20% of the world's oxygen,factual_false,How Much Oxygen Does The Amazon Rainforest Produce? Here Are,web,opposing,5,The Amazon rain forest - the lungs which produces 20% of our planet’s oxygen - is on fire.,18,supporting,0.9185,0.9185,0.08,0.0016,supp_in_opp_source,True,neutral,neutral,False,False,False,False,False
the average human body temperature is 98.6 degrees fahrenheit,factual_false,Fahrenheit,encyclopedia,opposing,4,"It is for this reason that normal human body temperature is approximately 98.6 °F (oral temperature) on the revised scale (whereas it was 90° on Fahrenheit's multiplication of Rømer, and 96° on his or",35,supporting,0.9185,0.9185,0.0687,0.0131,supp_in_opp_source,True,neutral,neutral,False,True,False,False,False
the sun is a star,factual_true,"Exploring love on its own terms with the team behind ""The Su",web,supporting,10,How do you keep the romance alive in your own lives?,11,opposing,0.9185,0.0049,0.0768,0.9185,opp_in_supp_source,True,neutral,opposing,False,False,False,False,False
you lose most body heat through your head,factual_false,Scientists debunk the myth that you lose most heat through y,web,opposing,6,"Because it was the only part of their bodies left uncovered, most of their heat was lost through their heads.",20,supporting,0.9185,0.9185,0.0797,0.0018,supp_in_opp_source,True,neutral,neutral,False,False,False,False,False
antibiotics do not work against viruses,factual_true,Pneumonia,encyclopedia,supporting,2,"Vaccinating children against Streptococcus pneumoniae has led to a decreased rate of these infections in adults, because many adults acquire infections from children.",23,opposing,0.916,0.0004,0.0837,0.916,opp_in_supp_source,True,opposing,opposing,False,False,False,False,True
the moon landing was faked,factual_false,Moon landing conspiracy theories in popular culture,encyclopedia,opposing,1,"During ""Into The Wild Green Yonder"" President Nixon's head admits that the Moon landing was faked - it was really carried out on Venus.",24,supporting,0.9155,0.9155,0.0798,0.0046,supp_in_opp_source,True,neutral,neutral,False,True,False,False,False
the speed of light is constant,factual_true,The Speed of Light Is Not Constant in Basic Big Bang Theory,academic,supporting,6,It is argued that more precise laboratory measurements of the present-day speed of light (and its evolution) should be carried out.,21,opposing,0.915,0.0044,0.0804,0.915,opp_in_supp_source,True,neutral,opposing,False,False,False,False,False
water boils at 100 degrees celsius,factual_true,Celsius,encyclopedia,supporting,8,"Thus, if a temperature interval is, say, 10 K or 10 °C (which may be written 10 kelvins or 10 degrees Celsius), it must be unambiguous through obvious context or explicit statement that the quantity i",38,opposing,0.9146,0.0008,0.0846,0.9146,opp_in_supp_source,True,neutral,neutral,False,False,False,False,False
honey never expires,factual_true,Does Honey Expire—Ever? - Mill,web,supporting,5,"It is still safe to eat, but it just won’t last forever like pure honey will.",16,opposing,0.9141,0.0319,0.0538,0.9141,opp_in_supp_source,True,opposing,opposing,False,False,False,False,True
the Amazon rainforest produces about 20% of the world's oxygen,factual_false,The Amazon Rainforest – kimcampion.com,web,opposing,0,The Amazon Rainforest More than 20% of the world’s oxygen is produced in the Amazon Rainforest.,16,supporting,0.9126,0.9126,0.072,0.0153,supp_in_opp_source,True,,neutral,False,False,False,False,False
lightning never strikes the same place twice,factual_false,Lightning never strikes the same place twice: myth or realit,web,opposing,0,It is often said that lightning never strikes the same place twice.,12,supporting,0.9106,0.9106,0.0829,0.0064,supp_in_opp_source,True,,neutral,True,False,False,True,True
we only use 10% of our brains,factual_false,Do we only use 10 percent of our brain? - MIT McGovern Insti,web,opposing,1,Movies like “Limitless” and “Lucy” play on the notion that humans use only 10 percent of their brains—and those who unlock a higher percentage wield powers like infinite memory or telekinesis.,31,supporting,0.9106,0.9106,0.0844,0.0049,supp_in_opp_source,True,neutral,neutral,False,True,False,True,False
you lose most body heat through your head,factual_false,Do We Lose Heat Through Our Heads? - WebMD,web,opposing,1,"In our January-February 2011 issue, we asked Richard Ingebretsen, MD, PhD, a wilderness medicine expert at the University of Utah School of Medicine, about the oft-spouted idea that we lose most of ou",37,supporting,0.9082,0.9082,0.0829,0.0091,supp_in_opp_source,True,neutral,supporting,False,False,False,True,False
you lose most body heat through your head,factual_false,"Is it true that the adage ""90% of body heat is lost through ",web,opposing,1,These areas of ...Do humans really lose most of their heat through their head?,14,supporting,0.9067,0.9067,0.0906,0.0029,supp_in_opp_source,True,neutral,supporting,False,False,False,False,False
the average human body temperature is 98.6 degrees fahrenheit,factual_false,What's Really the Average Human Body Temperature?,web,opposing,0,"Long thought to be 98.6 degrees Fahrenheit, the measurement is highly personal and varies depending on time of day, among other factors, new research finds
For decades, 98.6 degrees Fahrenheit has bee",42,supporting,0.9048,0.9048,0.0831,0.0119,supp_in_opp_source,True,,neutral,False,True,False,False,False
the Sahara desert is the largest desert on earth,factual_false,"Sahara | Location, History, Map, Countries, Animals, & Facts",web,opposing,1,"Sahara, (from Arabic ṣaḥrāʾ, “desert”) largest hot desert in the world.",11,supporting,0.9038,0.9038,0.0928,0.0036,supp_in_opp_source,True,neutral,neutral,False,True,False,False,False
the average human body temperature is 98.6 degrees fahrenheit,factual_false,Human body temperature,encyclopedia,opposing,3,"In humans, the average internal temperature is widely accepted to be 37 °C (98.6 °F), a ""normal"" temperature established in the 1800s.",22,supporting,0.9038,0.9038,0.0837,0.0126,supp_in_opp_source,True,neutral,opposing,False,True,False,False,False
lemmings commit mass suicide,factual_false,Do lemmings really commit mass suicide? - The Straight Dope,web,opposing,7,"(3) “Thus,” Snopes concludes, “did Disney perpetuate for generations to come the legend of periodic, inexplicable mass suicides by lemmings who die by hurling themselves off of cliffs.”
Perpetuate, su",30,supporting,0.9004,0.9004,0.0848,0.0147,supp_in_opp_source,True,neutral,neutral,False,True,False,True,False
the speed of light is constant,factual_true,Constraints on variation in the speed of light based on grav,academic,supporting,4,Reported experimental data that constrain yearly changes in G are sufficient to bound changes in c. Experimental constraints on $|\dot{G}/G|$ based on spacecraft microwave ranging and on helioseismolo,37,opposing,0.8989,0.0078,0.0933,0.8989,opp_in_supp_source,True,opposing,neutral,False,False,False,False,False
the speed of light is constant,factual_true,Why is the speed of light constant? - BBC Science Focus Maga,web,supporting,1,"In the case of diamond, its speed is cut by over 50 per cent.",14,opposing,0.8984,0.0006,0.1011,0.8984,opp_in_supp_source,True,opposing,supporting,False,False,False,False,False
the sun is a star,factual_true,The Sun and the Star,encyclopedia,supporting,7,"Publication history
[edit] Originals
[edit] The Sun and the Star was originally published in American English by Disney-Hyperion in the United States and in British English by Puffin Books in the Unit",38,opposing,0.8984,0.0298,0.0716,0.8984,opp_in_supp_source,True,neutral,neutral,False,False,False,False,False
the speed of light is constant,factual_true,QUANTIZATION OF THE GRAVITATIONAL FIELD. THEORETICAL AND EXP,academic,supporting,5,"If we imagine a gravitating object as a material point, then the geometric picture of a standing gravitational wave can be represented as a set of hierarchical spherical equipotential surfaces embedde",52,opposing,0.8979,0.0013,0.1008,0.8979,opp_in_supp_source,True,neutral,opposing,False,False,False,False,False
eating carrots improves your eyesight,factual_false,Carrots & Eye Health: Myth or Fact? | University of Utah Hea,web,opposing,0,"You've probably heard that carrots are good for your eyes, and it's true.",13,supporting,0.8975,0.8975,0.102,0.0006,supp_in_opp_source,True,,neutral,False,True,False,False,False
antibiotics do not work against viruses,factual_true,Genome Features and <i>In Vitro</i> Activity against Influen,academic,supporting,0,"The aim of this work was to analyze the complete genome of probiotic bacteria Lactobacillus plantarum 8 RA 3, Lactobacillus fermentum 90 TC‐4, Lactobacillus fermentum 39, Bifidobacterium bifidum 791, ",47,opposing,0.895,0.0016,0.1034,0.895,opp_in_supp_source,True,,neutral,False,False,False,False,True
antibiotics do not work against viruses,factual_true,Genome Features and In Vitro Activity against Influenza A an,academic,supporting,0,"Purpose The aim of this work was to analyze the complete genome of probiotic bacteria Lactobacillus plantarum 8 RA 3, Lactobacillus fermentum 90 TC-4, Lactobacillus fermentum 39, Bifidobacterium bifid",48,opposing,0.8945,0.0016,0.1038,0.8945,opp_in_supp_source,True,,neutral,False,False,False,False,True
antibiotics do not work against viruses,factual_true,Antibiotics: Are you misusing them? - Mayo Clinic,web,supporting,6,"The general public, health care providers and hospitals all can help ensure correct use of the drugs.",17,opposing,0.8936,0.0006,0.1059,0.8936,opp_in_supp_source,True,neutral,neutral,False,False,False,False,True
humans only use 10 percent of their brain,factual_false,You don't say? Brain space - Harvard Health,web,opposing,0,"Brain space
It’s thought that most of us use just 10% of our brain.",14,supporting,0.8936,0.8936,0.1025,0.0041,supp_in_opp_source,True,,neutral,False,False,False,False,False
the sun is a star,factual_true,Our solar system: The sun information and facts | National G,web,supporting,9,"The label “yellow” is misleading, though, since our sun burns a bright white.",13,opposing,0.8936,0.006,0.1003,0.8936,opp_in_supp_source,True,neutral,neutral,False,True,False,False,False
you lose most body heat through your head,factual_false,How much body heat do I really lose through my head? - One M,web,opposing,5,"Therefore, naturally, the majority of the heat loss occurred by way of the uncovered head.",15,supporting,0.8931,0.8931,0.1061,0.0011,supp_in_opp_source,True,neutral,neutral,False,False,False,False,False
the speed of light is constant,factual_true,Why the Speed of Light is Constant - KennethChan.com,web,supporting,10,"If an experiment does confirm that the anemometer rotates at proportional rates with the waterwheel, we may substitute the anemometer as the time-measuring instrument.",24,opposing,0.8901,0.0035,0.1064,0.8901,opp_in_supp_source,True,opposing,opposing,False,False,False,False,False
eating carrots improves your eyesight,factual_false,Do Carrots Help Your Eyesight - Southwestern Eye Center,web,opposing,14,"A diet that supports long-term eye health includes a variety of nutrients:
Leafy greens like spinach and kale (lutein and zeaxanthin)
Fatty fish such as salmon (omega-3s)
Eggs and dairy (vitamin A and",68,supporting,0.8896,0.8896,0.1004,0.0099,supp_in_opp_source,True,neutral,opposing,False,False,False,False,False
the sun is a star,factual_true,"Exploring love on its own terms with the team behind ""The Su",web,supporting,1,University-bound Bae is en route to a critical college interview and Kingsley is on her way to an 11th hour appointment with immigration authorities about her and her family’s impending deportation.,31,opposing,0.8872,0.0085,0.1042,0.8872,opp_in_supp_source,True,opposing,supporting,False,False,False,False,False
you lose most body heat through your head,factual_false,The great cold head myth: Where you really lose your body he,web,opposing,0,"“You lose most of the heat from your head,” the saying goes.",12,supporting,0.8872,0.8872,0.1114,0.0014,supp_in_opp_source,True,,neutral,False,True,False,False,False
eating carrots improves your eyesight,factual_false,4 Ways Eating Carrots Regularly Can Improve Your Eyesight - ,web,opposing,0,"Carrots are rich in antioxidants that support night vision, reduce the risk of age-related vision loss, and protect against cataracts.",20,supporting,0.8867,0.8867,0.1118,0.0015,supp_in_opp_source,True,,,False,False,False,False,False
antibiotics do not work against viruses,factual_true,Bacteriophage-antibiotic combination therapy against extensi,academic,supporting,10,"In this study, authors use combinatory bacteriophage-antibiotic therapy, as treatment for extensively drug-resistant Pseudomonas aeruginosa infection in a toddler post liver transplantation.",22,opposing,0.8862,0.0007,0.1133,0.8862,opp_in_supp_source,True,opposing,opposing,False,False,False,False,True
the sun is a star,factual_true,Sun: Facts - NASA Science,web,supporting,2,"Potential for Life
The Sun could not harbor life as we know it because of its extreme temperatures and radiation.",20,opposing,0.8862,0.0137,0.1002,0.8862,opp_in_supp_source,True,supporting,neutral,True,False,False,False,False
the speed of light is constant,factual_true,The Speed of Light is Constant,web,supporting,17,"No matter what the Aether is doing, it shouldn’t travel exaclty with planet Earth, which is the only way that the MM experiment would find no variation.",27,opposing,0.8838,0.0052,0.1108,0.8838,opp_in_supp_source,True,opposing,,True,False,False,False,False
antibiotics do not work against viruses,factual_true,Bacteriophage-antibiotic combination therapy against extensi,academic,supporting,3,"Phage therapy is one of them and consists in using selected bacteriophage viruses – viruses who specifically prey on bacteria, naturally found in various environmental samples – as bactericidal agents",37,opposing,0.8784,0.0044,0.1169,0.8784,opp_in_supp_source,True,neutral,neutral,False,False,False,False,True
the sun is a star,factual_true,Sun Facts for Kids - Interesting Facts about the Sun,web,supporting,14,"It’s because the Sun is a colossal ball of gas, about 109 times wider than Earth and over 330,000 times heavier.",21,opposing,0.8735,0.0412,0.0853,0.8735,opp_in_supp_source,True,neutral,opposing,False,False,False,False,False
Einstein failed math in school,factual_false,Did Einstein really fail math? | HowStuffWorks,web,opposing,0,"March 8, 2023 - Einstein's genius supposedly had at least one glaring flaw -- that he failed math at some point in his educational career.",25,supporting,0.873,0.873,0.1237,0.0031,supp_in_opp_source,True,,,False,True,False,False,False
honey never expires,factual_true,Why doesn't honey go off? - BBC Science Focus Magazine,web,supporting,5,"Once the nectar is deposited in the honeycomb, the bees fan it furiously with their wings to speed up the water’s evaporation.",22,opposing,0.8721,0.0015,0.1262,0.8721,opp_in_supp_source,True,neutral,neutral,False,False,False,False,True
the sun is a star,factual_true,Is ‘The Sun Is Also A Star’ Based On A True Story? The Love ,web,supporting,0,"Entertainment
‘The Sun Is Also A Star’ Is A Fictional Love Story With Very Real Stakes
Some of the most heartwarming love stories are based on true events.",28,opposing,0.8721,0.0727,0.0554,0.8721,opp_in_supp_source,True,,neutral,False,False,False,False,False
the sun is a star,factual_true,The Sun Is Also a Star,encyclopedia,supporting,3,"She meets with Jeremy, who offers to set up a new trial for their case for the next day.",19,opposing,0.8706,0.0112,0.118,0.8706,opp_in_supp_source,True,neutral,opposing,False,False,False,False,False
octopuses have three hearts,factual_true,California two-spot octopus,encyclopedia,supporting,3,"These ocelli are an iridescent blue, chain-link circle, set in a circle of black.",14,opposing,0.8701,0.0015,0.1287,0.8701,opp_in_supp_source,True,opposing,neutral,False,False,False,False,False
antibiotics do not work against viruses,factual_true,Antibiotic,encyclopedia,supporting,14,"- ^ a b c Antibacterial agents in clinical development: an analysis of the antibacterial clinical development pipeline, including tuberculosis.",20,opposing,0.8696,0.0012,0.1291,0.8696,opp_in_supp_source,True,neutral,,False,False,False,False,True
the speed of light is constant,factual_true,The Speed of Light Is Not Constant in Basic Big Bang Theory,academic,supporting,7,"Also it is argued that the combination of the FLRW metric and Einstein’s field equations of General Relativity is inconsistent, because the FLRW metric implies a variable speed of light, and Einstein’",40,opposing,0.8691,0.0122,0.1188,0.8691,opp_in_supp_source,True,opposing,opposing,False,False,False,False,False
the speed of light is constant,factual_true,Is the speed of light constant? • Physics Forums,web,supporting,4,"- A later reply emphasizes that the speed of light quoted (3 x 10^8 m/s) applies specifically to a vacuum, and that light travels slower in other media, such as glass, where the refractive index affec",38,opposing,0.8662,0.0082,0.1257,0.8662,opp_in_supp_source,True,neutral,neutral,False,False,False,False,False
shaving makes hair grow back thicker,factual_false,Does shaving make hair grow back thicker and darker? | Think,web,opposing,2,"Hair might appear thicker after shaving because the razor slices it at the surface, leaving behind a blunt edge (1).",20,supporting,0.8633,0.8633,0.1323,0.0043,supp_in_opp_source,True,neutral,neutral,False,False,False,False,False
lightning never strikes the same place twice,factual_false,MythBuster: Lightning Never Strikes the Same Place Twice — S,web,opposing,0,"MythBuster: Lightning Never Strikes the Same Place Twice
Lightning is unpredictable.",11,supporting,0.8618,0.8618,0.1355,0.0028,supp_in_opp_source,True,,neutral,True,False,False,False,True
the sun is a star,factual_true,Sun Facts for Kids - Interesting Facts about the Sun,web,supporting,9,"Sunspots are cooler areas on the Sun, with temperatures dropping to about 3,800°C (6,872°F) compared to the surrounding surface that blazes at a fiery 5,500°C (9,932°F).",26,opposing,0.8618,0.0135,0.1247,0.8618,opp_in_supp_source,True,neutral,neutral,False,False,False,False,False
the earth is flat,factual_false,Tales from the Flat Earth,encyclopedia,opposing,6,"The cosmology of the books is composed of four ""layers"": the Underearth, which is the realm of demons; the Flat Earth itself; the Upperearth, which is the realm of the gods; and the Innerearth, the re",39,supporting,0.8599,0.8599,0.132,0.0082,supp_in_opp_source,True,opposing,supporting,False,True,False,False,False
the speed of light is constant,factual_true,The Speed of Light is Constant,web,supporting,7,Michelson and Morley carefully bounced light from the same source down two perpendicular paths and back to an eyepiece.,19,opposing,0.8599,0.0024,0.1381,0.8599,opp_in_supp_source,True,neutral,opposing,False,False,False,False,False
smoking causes lung cancer,factual_true,Tobacco packaging warning messages,encyclopedia,supporting,9,"LAYANAN BERHENTI MEROKOK (0800-177-6565) Warning: Because of smoking, I now have throat cancer.",13,opposing,0.8589,0.0043,0.137,0.8589,opp_in_supp_source,True,neutral,neutral,False,False,False,False,False
the speed of light is constant,factual_true,An accurate analysis of the Michelson‐Morley experiment show,academic,supporting,2,"Thus, Michelson anticipated observing an outcome that understandably would not occur.",11,opposing,0.855,0.0033,0.1418,0.855,opp_in_supp_source,True,neutral,neutral,True,False,False,False,False
water boils at 100 degrees celsius,factual_true,What Temperature Does Water Boil At? - BRITA,web,supporting,11,"Water at 93°C is hot enough to kill most bacteria, but with BRITA, you can be sure your drinking water is always safe.",23,opposing,0.8525,0.0022,0.1451,0.8525,opp_in_supp_source,True,neutral,neutral,False,False,False,False,False
the sun is a star,factual_true,The sun: Facts about the bright star at the center of the...,web,supporting,17,"You must confirm your public display name before commenting
Please logout and then login again, you will then be prompted to enter your display name.",25,opposing,0.8501,0.0083,0.1416,0.8501,opp_in_supp_source,True,opposing,,False,False,False,False,False
water boils at 100 degrees celsius,factual_true,Celsius,encyclopedia,supporting,0,"In his paper Observations of two persistent degrees on a thermometer, he recounted his experiments showing that the melting point of ice is essentially unaffected by pressure.",27,opposing,0.8491,0.0009,0.1498,0.8491,opp_in_supp_source,True,,neutral,False,False,False,False,False
the Amazon rainforest produces about 20% of the world's oxygen,factual_false,"No, the Amazon Rainforest Doesn’t Produce 20% of Our Oxygen,",web,opposing,4,"And so, many are wondering if the deforestation taking place in the Amazon will have a negative impact on our global oxygen supply, which in turn, has led to the claim that the Amazon produces 20% of ",40,supporting,0.8481,0.8481,0.1494,0.0023,supp_in_opp_source,True,neutral,neutral,False,False,False,True,False
the speed of light is constant,factual_true,Constraining a possible time-variation of the speed of light,academic,supporting,3,We also consider the runaway dilaton model to describe a possible time-variation of α .,15,opposing,0.8472,0.0041,0.1488,0.8472,opp_in_supp_source,True,neutral,opposing,False,False,False,False,False
humans share about 98% of DNA with chimpanzees,factual_true,"Comparing Chimp, Bonobo and Human DNA | AMNHIt’s often said ",web,supporting,19,"May 20, 2025 · “ [H]umans share about 99 percent of our DNA with chimpanzees, making them our closest living relatives.” (Science) “Chimps, Humans 96 Percent the Same, Gene Study Finds.” (National Geo",49,opposing,0.8457,0.0839,0.0706,0.8457,opp_in_supp_source,True,supporting,supporting,False,True,False,True,False
antibiotics do not work against viruses,factual_true,Antibiotics: Not always the answer - Mayo Clinic Health Syst,web,supporting,13,"If you take antibiotics for a viral infection, you are putting yourself at risk for side effects.",17,opposing,0.8442,0.0086,0.1473,0.8442,opp_in_supp_source,True,supporting,neutral,False,False,False,False,True
honey never expires,factual_true,Why doesn't honey go off? - BBC Science Focus Magazine,web,supporting,3,"Here, the bees transfer the nectar to other worker bees, which repeatedly drink and regurgitate the liquid, reducing its water content.",21,opposing,0.8423,0.0012,0.1567,0.8423,opp_in_supp_source,True,neutral,neutral,False,False,False,False,True
shaving makes hair grow back thicker,factual_false,Shaving,encyclopedia,opposing,12,"For example, teenagers may start shaving their face or legs at around 16, but as they age, hair will start to grow more abundantly and thicker, leading some to believe this was due to the shaving, but",46,supporting,0.8408,0.8408,0.1054,0.054,supp_in_opp_source,True,neutral,neutral,False,False,False,False,False
antibiotics do not work against viruses,factual_true,Targeting bacterial persistence with bacteriophages: a next-,academic,supporting,8,"Additionally, combining phages with antibiotics or resuscitation-inducing compounds has shown promising potential for overcoming bacterial persistence.",16,opposing,0.8403,0.0012,0.1587,0.8403,opp_in_supp_source,True,neutral,neutral,False,False,False,False,True
antibiotics do not work against viruses,factual_true,Genome Features and <i>In Vitro</i> Activity against Influen,academic,supporting,7,Activity against the SARS‐CoV‐2 virus was demonstrated only by the L. fermentum 90 TC 4 strain in VERO cells.,19,opposing,0.8403,0.0008,0.1591,0.8403,opp_in_supp_source,True,opposing,neutral,False,False,False,False,True
antibiotics do not work against viruses,factual_true,Why Don’t Doctors Give Antibiotics for Viral Infections?,web,supporting,9,"Risks of Taking Antibiotics for Viral Infections
Taking antibiotics when you do not actually need them may feel harmless, but it comes with very real risks.",26,opposing,0.8374,0.0081,0.1543,0.8374,opp_in_supp_source,True,neutral,neutral,True,False,False,False,True
honey never expires,factual_true,Does Honey Go Bad? | Food Network,web,supporting,4,Honey’s color and flavor vary based on the nectar collected by the bees.,13,opposing,0.8354,0.0009,0.1636,0.8354,opp_in_supp_source,True,neutral,neutral,False,False,False,False,True
the speed of light is constant,factual_true,The Speed of Light is Constant,web,supporting,0,"Before we can discuss how to travel faster than light, we need to understand why this is a problem in the first place.",23,opposing,0.8301,0.0058,0.1642,0.8301,opp_in_supp_source,True,,neutral,False,False,False,False,False
the Amazon rainforest produces about 20% of the world's oxygen,factual_false,Places Fun fact #1091: The Amazon ...,web,opposing,0,Toggle navigation Fact Generator Fake Facts Submit Facts Fact Lists Animal Facts Famous People and Entertainment Facts Finance Facts Food and Drink Facts Health Facts History Facts Interesting Facts N,56,supporting,0.8276,0.8276,0.1547,0.0178,supp_in_opp_source,True,,neutral,False,True,False,False,False
you lose most body heat through your head,factual_false,"Is it true that the adage ""90% of body heat is lost through ",web,opposing,2,- RedditTIL the saying that we lose half of our body heat through our head is a ...More results from www.reddit.com,21,supporting,0.8252,0.8252,0.1252,0.0496,supp_in_opp_source,True,supporting,,False,False,False,False,False
the moon landing was faked,factual_false,Of Tinfoil Hats and Thinking Caps: Reasoning is More Strongl,academic,opposing,2,"This hypothesis implies that reasoning biases should be more closely associated with belief in implausible conspiracy theories (e.g., the moon landing was faked) than with more plausible ones (e.g., t",38,supporting,0.8247,0.8247,0.1703,0.0052,supp_in_opp_source,True,neutral,neutral,False,False,False,False,False
honey never expires,factual_true,Does Honey Expire—Ever? - Mill,web,supporting,2,What’s the key to long lasting — or even immortal — honey?,12,opposing,0.8237,0.0059,0.1705,0.8237,opp_in_supp_source,True,neutral,supporting,False,False,False,False,True
the moon landing was faked,factual_false,The Moon Landings Were Faked - Conspiracy Theories - TIME,web,opposing,2,"With the photos and videos of the Apollo missions only available through NASA, there's no independent verification that the lunar landings were anything but a hoax.",26,supporting,0.8237,0.8237,0.171,0.0053,supp_in_opp_source,True,supporting,neutral,True,True,False,False,False
humans share about 98% of DNA with chimpanzees,factual_true,Do humans and chimps really share nearly 99% of their DNA? |,web,supporting,12,"The differences between human and chimp genomes lie mostly in noncoding DNA, the segments that do not code for a specific protein and that make up about 98% of the genome, according to Pollard.",34,opposing,0.8232,0.1043,0.0726,0.8232,opp_in_supp_source,True,neutral,,True,False,False,False,False
the speed of light is constant,factual_true,Physical constant,encyclopedia,supporting,13,"For example, a ""change"" in the speed of light c would be meaningless if accompanied by a corresponding change in the elementary charge e so that the expression e2/(4πε0ħc) (the fine-structure constant",34,opposing,0.8228,0.0338,0.1434,0.8228,opp_in_supp_source,True,opposing,,False,True,False,False,False
the sun is a star,factual_true,Ask a Solar Physicist,web,supporting,9,"He
found that the distance to Sirius must be very great.",11,opposing,0.8208,0.0074,0.1716,0.8208,opp_in_supp_source,True,opposing,neutral,False,False,False,False,False
the earth is flat,factual_false,Flat earth | Science | Research Starters | EBSCO Research,web,opposing,0,"Flat earth
The concept of a flat Earth posits that the planet is not a spherical object but rather a flat disc.",22,supporting,0.8203,0.8203,0.163,0.0166,supp_in_opp_source,True,,opposing,True,False,False,False,False
the great wall of china is visible from space,factual_false,Was the Great Wall of China really visible from space? The,web,opposing,3,"In this article, we will explore the truth behind the myth and uncover the facts about the visibility of the Great Wall of China from space.",26,supporting,0.8179,0.8179,0.179,0.0033,supp_in_opp_source,True,neutral,neutral,False,False,False,False,False
the sun is a star,factual_true,The Sun Is Also a Star,encyclopedia,supporting,9,"""Cinthya Carmona Joins 'The Tax Collector'; Cathy Shim Cast In 'The Sun Is Also a Star'; Jake Allyn In 'Kill Me Twice'"".",22,opposing,0.8179,0.0637,0.1184,0.8179,opp_in_supp_source,True,supporting,,False,True,False,False,False
water boils at 100 degrees celsius,factual_true,Fahrenheit,encyclopedia,supporting,4,"""On the Fahrenheit scale, do 0 and 100 have any special significance?"".",12,opposing,0.8169,0.0036,0.1793,0.8169,opp_in_supp_source,True,neutral,neutral,False,True,False,False,False
dogs can only see in black and white,factual_false,Can Dogs See Light Yellow? - Wag!,web,opposing,5,He said that dogs could only see in highlights of white and black.,13,supporting,0.8164,0.8164,0.1508,0.0327,supp_in_opp_source,True,opposing,neutral,False,False,False,False,False
the sun is a star,factual_true,"Exploring love on its own terms with the team behind ""The Su",web,supporting,0,"When this modern-day Korean-American Romeo and Jamaica-born Juliet finally meet one day in New York City, the timing couldn’t be any worse.",22,opposing,0.8149,0.0114,0.1737,0.8149,opp_in_supp_source,True,,opposing,False,False,False,False,False
antibiotics do not work against viruses,factual_true,Pneumonia,encyclopedia,supporting,5,There is no strong evidence to recommend that children who have non-measles related pneumonia take vitamin A supplements.,18,opposing,0.814,0.0017,0.1843,0.814,opp_in_supp_source,True,opposing,neutral,True,False,False,False,True
antibiotics do not work against viruses,factual_true,Genome Features and In Vitro Activity against Influenza A an,academic,supporting,7,Activity against the SARS-CoV-2 virus was demonstrated only by the L. fermentum 90 TC 4 strain in VERO cells.,19,opposing,0.813,0.0008,0.1864,0.813,opp_in_supp_source,True,opposing,neutral,False,False,False,False,True
goldfish have a 3 second memory,factual_false,MythBuster: Goldfish Have a 3-Second Memory — STEAM Ahead,web,opposing,0,"MythBuster: Goldfish Have a 3-Second Memory
You’ve probably heard it, or even said it yourself.",15,supporting,0.8125,0.8125,0.1776,0.0097,supp_in_opp_source,True,,neutral,False,False,False,False,False
honey never expires,factual_true,Why Honey does not expire | Bharat Honey (100% Natural Honey,web,supporting,6,"If honey is extracted in unripe condition:
Ripe honey has lesser moisture when compared to unripe honey.",17,opposing,0.8076,0.0024,0.1901,0.8076,opp_in_supp_source,True,neutral,neutral,False,False,False,False,True
eating carrots improves your eyesight,factual_false,Do Carrots Help Your Eyesight - Southwestern Eye Center,web,opposing,1,Some even claim that consuming enough carrots might give you night vision—the ability to see clearly in the dark.,19,supporting,0.8071,0.8071,0.1899,0.0028,supp_in_opp_source,True,neutral,neutral,False,False,False,True,False
antibiotics do not work against viruses,factual_true,Pneumonia,encyclopedia,supporting,1,There is strong evidence for vaccinating children under the age of 2 against Streptococcus pneumoniae (pneumococcal conjugate vaccine).,18,opposing,0.8042,0.001,0.1946,0.8042,opp_in_supp_source,True,opposing,opposing,False,False,False,False,True
honey never expires,factual_true,Does Honey Go Bad? | Food Network,web,supporting,16,"“If the temperature is too hot where the honey is stored, it can change the color and flavor of the honey.” Storing honey in the refrigerator is not recommended.",29,opposing,0.7998,0.002,0.1981,0.7998,opp_in_supp_source,True,opposing,,True,True,False,False,True
the speed of light is constant,factual_true,Is the speed of light really constant?,web,supporting,2,What hasn’t been done is a direct “one way” speed of light measurement.,13,opposing,0.7969,0.0045,0.1985,0.7969,opp_in_supp_source,True,neutral,neutral,False,True,False,False,False
the sun is a star,factual_true,Sun Facts for Kids - Interesting Facts about the Sun,web,supporting,11,It’s a slow dance compared to Earth’s speedy 24-hour spin!,10,opposing,0.7969,0.0138,0.1891,0.7969,opp_in_supp_source,True,neutral,neutral,False,False,False,False,False
dogs can only see in black and white,factual_false,Did you know dogs can see color? Just not the same way we do,web,opposing,0,"May 22, 2025 ... And then there's this long-held belief: Dogs only see in black and white.",17,supporting,0.7959,0.7959,0.1896,0.0148,supp_in_opp_source,True,,,False,True,False,False,False
the speed of light is constant,factual_true,QUANTIZATION OF THE GRAVITATIONAL FIELD. THEORETICAL AND EXP,academic,supporting,14,The physical nature of the quantum gravitational field is the kinematic gravitational viscosity of the gravitational field of the baryonic matter of the observable Universe.,25,opposing,0.7915,0.0102,0.1985,0.7915,opp_in_supp_source,True,neutral,neutral,False,False,False,False,False
Einstein failed math in school,factual_false,Making the Grade - 20 Things You Need to Know About Einstein,web,opposing,0,"One widely held belief about Einstein is that he failed math as a student, an assertion that is made, often accompanied by the phrase ""as everyone knows,"" by scores of books and thousands of websites ",40,supporting,0.791,0.791,0.1991,0.01,supp_in_opp_source,True,,neutral,False,True,False,False,False
octopuses have three hearts,factual_true,Blue-ringed octopus,encyclopedia,supporting,4,"Evidence of female preference of larger males is apparent, although no male preference of females is shown.",17,opposing,0.7832,0.0013,0.2155,0.7832,opp_in_supp_source,True,neutral,neutral,True,False,False,False,False
eating carrots improves your eyesight,factual_false,Are Carrots Good for Your Eyes? - Healthline,web,opposing,1,It’s commonly said that carrots keep your eyes healthy and improve night vision.,13,supporting,0.7827,0.7827,0.2146,0.0025,supp_in_opp_source,True,neutral,supporting,False,False,False,False,False
antibiotics do not work against viruses,factual_true,Fighting viruses with antibiotics: an overlooked path - PMC ,web,supporting,7,"The studies by Wang et al , Zhou et al and Varghese et al are only the first steps towards a possible use of antibiotics and antiparasitic drugs derived from bacteria as antivirals, which may represen",46,opposing,0.7822,0.0438,0.1737,0.7822,opp_in_supp_source,True,opposing,opposing,False,False,False,False,True
the sun is a star,factual_true,Sun Facts for Kids - Interesting Facts about the Sun,web,supporting,15,"So, every time you look up at the sky and see the Sun shining down, remember, you’re looking at the giant that makes up almost the entire weight of our cosmic neighborhood!",32,opposing,0.7808,0.0515,0.1676,0.7808,opp_in_supp_source,True,opposing,opposing,False,False,False,False,False
sugar makes children hyperactive,factual_false,Does Sugar Cause Hyperactivity in Children? Myths vs Facts (,web,opposing,3,"- In 2023, researchers suggested that the more frequently children consumed sugar-sweetened beverages (SSBs), the higher their risk of hyperactivity symptoms.5 Some studies report higher activity leve",33,supporting,0.7803,0.7803,0.2156,0.0039,supp_in_opp_source,True,neutral,neutral,False,False,False,False,False
the sun is a star,factual_true,Is ‘The Sun Is Also A Star’ Based On A True Story? The Love ,web,supporting,11,"The two meet one fateful day, instantly click, and Daniel decides to spend 24 hours to try and convince Natasha that destiny is real.",24,opposing,0.7783,0.0155,0.2061,0.7783,opp_in_supp_source,True,neutral,neutral,False,False,False,False,False
honey never expires,factual_true,Why doesn't honey go off? - BBC Science Focus Magazine,web,supporting,9,- Am I helping or hindering the bee population by eating honey?,12,opposing,0.7778,0.002,0.2205,0.7778,opp_in_supp_source,True,opposing,,False,False,False,False,True
bats are blind,factual_false,"Il volo cieco dei pipistrelli. 1793, Lazzaro Spallanzani e l",academic,opposing,0,"Spallanzani carried on his researches on the blind flight of bats mainly in Scandiano, in the summer of 1793 and 1794, thanks to the great number of Chiroptera (bats) in the Rocca basement and in the ",37,supporting,0.7749,0.7749,0.2207,0.0043,supp_in_opp_source,True,,opposing,False,False,False,False,False
the speed of light is constant,factual_true,The Speed of Light is Constant,web,supporting,8,"Of course, because light travels so quickly, it is impossible to measure the difference in travel time by hand.",19,opposing,0.7725,0.0199,0.2078,0.7725,opp_in_supp_source,True,opposing,neutral,False,False,False,False,False
the speed of light is constant,factual_true,Why the Speed of Light is Constant - KennethChan.com,web,supporting,9,"To see this, let us return to our analogy: Suppose, now, that we wish to use an anemometer on the river bank, instead of the waterwheel, to measure time.",29,opposing,0.772,0.0052,0.2227,0.772,opp_in_supp_source,True,supporting,opposing,False,False,False,False,False
octopuses have three hearts,factual_true,"Ten Wild Facts About Octopuses: They Have Three Hearts, Big ",web,supporting,3,"Harmon Courage described it as a “cow patty—flattened out into a globular splat,” but a close examination revealed the telltale eight arms, two eyes and possibly an ink sac.",29,opposing,0.771,0.001,0.2279,0.771,opp_in_supp_source,True,neutral,neutral,False,True,False,False,False
antibiotics do not work against viruses,factual_true,Antibiotic misuse,encyclopedia,supporting,5,"- Swimmer's ear should be treated with antibiotic eardrops, not oral antibiotics.",12,opposing,0.7686,0.0008,0.2306,0.7686,opp_in_supp_source,True,neutral,supporting,True,True,False,False,True
bats are blind,factual_false,Are Bats Really Blind? | Britannica,web,opposing,10,"- Related Topics:
Being as blind as a bat doesn’t sound so bad now, does it?",16,supporting,0.7686,0.7686,0.2177,0.0139,supp_in_opp_source,True,opposing,,False,False,False,False,False
eating carrots improves your eyesight,factual_false,Myths about Your Eyes and Vision - WebMD,web,opposing,1,"Eating carrots will provide you with the small amount of vitamin A needed for good vision, but vitamin A isn't limited to rabbit food; it can also be found in milk, cheese, egg yolk, and liver.",36,supporting,0.7661,0.7661,0.2321,0.0019,supp_in_opp_source,True,supporting,opposing,True,True,False,False,False
antibiotics do not work against viruses,factual_true,Fighting viruses with antibiotics: an overlooked path - PMC ,web,supporting,11,"In summary, these recent findings open wide a new field in the fight against viral infections.",16,opposing,0.7632,0.0011,0.236,0.7632,opp_in_supp_source,True,neutral,opposing,False,False,False,False,True
the earth revolves around the sun,factual_true,Lunar phase,encyclopedia,supporting,11,"Thus, when new and full moons occur, the Moon usually lies to the north or south of a direct line through the Earth and Sun.",25,opposing,0.7612,0.0307,0.2083,0.7612,opp_in_supp_source,True,supporting,neutral,False,False,False,False,False
goldfish have a 3 second memory,factual_false,Do Goldfish Really Have a 3 Second Memory?,web,opposing,1,Most goldfish keepers will have heard the “fact” that goldfish memory spans are just three seconds long – but is it true?,22,supporting,0.7588,0.7588,0.2383,0.0031,supp_in_opp_source,True,opposing,opposing,False,True,False,False,False
octopuses have three hearts,factual_true,California two-spot octopus,encyclopedia,supporting,17,"Evidence of play behavior in captive California two-spot octopuses, Octopus bimaculoides.",11,opposing,0.7588,0.0037,0.2374,0.7588,opp_in_supp_source,True,neutral,,False,False,False,False,False
the speed of light is constant,factual_true,Why the Speed of Light is Constant - KennethChan.com,web,supporting,7,"There is, therefore, actually a limitation in our ability to measure the speed of electromagnetic transmission itself, including the speed of light.",22,opposing,0.7515,0.0046,0.2437,0.7515,opp_in_supp_source,True,opposing,supporting,False,False,False,False,False
antibiotics do not work against viruses,factual_true,Antibiotics: Are you misusing them? - Mayo Clinic,web,supporting,18,- Lower your risk of getting a bacterial infection spread by food.,12,opposing,0.7505,0.0008,0.2485,0.7505,opp_in_supp_source,True,neutral,,False,False,False,False,True
antibiotics do not work against viruses,factual_true,Antibiotic misuse,encyclopedia,supporting,10,"Most cases of bronchitis (90–95%) are viral as well, passing after a few weeks—the use of antibiotics against bronchitis is superfluous and can put the patient at risk of developing adverse reactions.",32,opposing,0.7422,0.028,0.2299,0.7422,opp_in_supp_source,True,supporting,neutral,False,False,False,False,True
humans share about 98% of DNA with chimpanzees,factual_true,Chimpanzee,encyclopedia,supporting,2,"In addition, a 2012 study comparing brain tissue found that chimpanzees and humans diverged significantly in gene regulation, particularly in the activating and de-activating of genes.",26,opposing,0.7422,0.0007,0.2573,0.7422,opp_in_supp_source,True,neutral,neutral,False,False,False,False,False
the average human body temperature is 98.6 degrees fahrenheit,factual_false,"Normal body temperature is personal, Stanford Medicine resea",web,opposing,4,"A body temperature drop
In recent years, Parsonnet's team has found that the average body temperature in the U.S. has dropped from 98.6 F by about 0.05 F every decade since the 19th century, likely du",45,supporting,0.7417,0.7417,0.1932,0.0648,supp_in_opp_source,True,neutral,opposing,False,True,False,False,False
the earth is flat,factual_false,Tales from the Flat Earth,encyclopedia,opposing,12,"In the mythology of the Flat Earth, Azhrarn is said to have existed before the gods created humankind, whereas the other Lords of Darkness are personifications of lesser human fears and weaknesses.",32,supporting,0.7397,0.7397,0.2435,0.0169,supp_in_opp_source,True,neutral,,False,False,False,False,False
antibiotics do not work against viruses,factual_true,Viral Infections - Why Don't Antibiotics Kill Viruses? - Dru,web,supporting,10,"Common antibiotic side effects include nausea, vomiting, diarrhea, vaginal yeast infections, and more.",13,opposing,0.7388,0.0007,0.2605,0.7388,opp_in_supp_source,True,neutral,neutral,False,False,False,False,True
antibiotics do not work against viruses,factual_true,Bacteriophage-antibiotic combination therapy against extensi,academic,supporting,0,Post-operative bacterial infections are a leading cause of mortality and morbidity after ongoing liver transplantation.,15,opposing,0.7373,0.0009,0.2617,0.7373,opp_in_supp_source,True,,neutral,False,False,False,False,True
the speed of light is constant,factual_true,QUANTIZATION OF THE GRAVITATIONAL FIELD. THEORETICAL AND EXP,academic,supporting,7,The quantum of the gravitational field is the square of the speed of light in a vacuum.,17,opposing,0.7373,0.0089,0.2537,0.7373,opp_in_supp_source,True,opposing,neutral,False,False,False,False,False
eating carrots improves your eyesight,factual_false,Are Carrots Good for Your Eyes? - Healthline,web,opposing,2,"It has long been believed that eating carrots promotes eye health and improves your eyesight, especially at night.",18,supporting,0.731,0.731,0.2676,0.0013,supp_in_opp_source,True,supporting,neutral,False,False,False,False,False
the speed of light is constant,factual_true,Why the Speed of Light is Constant - KennethChan.com,web,supporting,6,We have arbitrarily defined time as the rate of electromagnetic transmission in our perceived space.,15,opposing,0.7275,0.0064,0.2664,0.7275,opp_in_supp_source,True,supporting,opposing,False,False,False,False,False
shaving makes hair grow back thicker,factual_false,Hair,encyclopedia,opposing,7,"Hair in areas that have been waxed consistently is known to grow back finer and thinner, especially compared to hair that has been shaved with a razor.",27,supporting,0.7271,0.7271,0.2612,0.012,supp_in_opp_source,True,neutral,neutral,False,False,False,False,False
honey never expires,factual_true,Why Honey does not expire | Bharat Honey (100% Natural Honey,web,supporting,8,All the water is dried out by the bees during the process of making honey.,15,opposing,0.7256,0.0026,0.272,0.7256,opp_in_supp_source,True,neutral,opposing,False,False,False,False,True
humans share about 98% of DNA with chimpanzees,factual_true,New Research: Humans and Chimps Do Not Share 98% of Their Ge,web,supporting,9,"For example, some bits of DNA are present in one species but missing in the other; these are known as ‘insertions and deletions.’”19 Later in the Live Science article, this statement is found: “In fac",76,opposing,0.7231,0.0265,0.2505,0.7231,opp_in_supp_source,True,opposing,neutral,False,True,False,False,False
antibiotics do not work against viruses,factual_true,Why are antibiotics ineffective against viruses? - The AMR N,web,supporting,8,"Moreover, an incorrect use can also increase the risk of side effects, interactions with other medicines, and secondary infections, such as Clostridioides difficile (C. diff) infection.",26,opposing,0.7222,0.0014,0.2764,0.7222,opp_in_supp_source,True,neutral,neutral,False,False,False,False,True
the sun is a star,factual_true,THE SUN IS ALSO A STAR - Time :60 (Only in thaters May... - ,web,supporting,0,Contact us Developers Policy & Safety How YouTube works Test new features NFL Sunday Ticket © 2026 Google LLC,19,opposing,0.7217,0.0269,0.2515,0.7217,opp_in_supp_source,True,,,False,False,False,False,False
the speed of light is constant,factual_true,Speed of light,encyclopedia,supporting,11,"Since such misalignment had not been observed, Descartes concluded the speed of light was infinite.",15,opposing,0.7212,0.0429,0.2358,0.7212,opp_in_supp_source,True,opposing,neutral,True,False,False,False,False
the speed of light is constant,factual_true,Why the Speed of Light is Constant - KennethChan.com,web,supporting,12,"Similarly, in the real situation, we may use other phenomena, like the rate of radioactive decay, to measure time because we have already determined that they run at proportional rates to electromagne",33,opposing,0.7197,0.0039,0.2764,0.7197,opp_in_supp_source,True,opposing,neutral,False,False,False,False,False
MSG is dangerous to consume,factual_false,"MSG is safe in small amounts, or so you think - NaturalNews.",web,opposing,17,You do not need to consume a lot of MSG to be hurt by it.,15,supporting,0.7178,0.7178,0.2781,0.0044,supp_in_opp_source,True,neutral,neutral,True,False,False,False,False
eating carrots improves your eyesight,factual_false,Do Carrots help improve Night Vision? - Westside Eye Clinic,web,opposing,3,"During the war effort, the Royal Air Force (RAF) began to attribute their pilots’ visual accuracy (especially at night) to eating carrots.",22,supporting,0.7178,0.7178,0.2795,0.0028,supp_in_opp_source,True,neutral,neutral,False,False,False,False,False
the speed of light is constant,factual_true,Is the speed of light constant? • Physics Forums,web,supporting,7,"There is no consensus reached, as some participants support the idea of constancy while others highlight the influence of the medium on light's speed.",24,opposing,0.7153,0.0062,0.2786,0.7153,opp_in_supp_source,True,neutral,neutral,True,True,False,False,False
the moon landing was faked,factual_false,The Moon Landings Were Faked - Conspiracy Theories - TIME,web,opposing,7,"Theorists have even suggested that filmmaker Stanley Kubrick may have helped NASA fake the first lunar landing, given that his 1968 film 2001: A Space Odessey proves that the technology existed back t",39,supporting,0.7129,0.7129,0.282,0.0051,supp_in_opp_source,True,opposing,opposing,False,False,False,False,False
antibiotics do not work against viruses,factual_true,Targeting bacterial persistence with bacteriophages: a next-,academic,supporting,6,"Phage-derived enzymes, such as depolymerases and endolysins, enhance biofilm degradation, whereas specific phages induce metabolic reactivation in dormant cells, rendering them more susceptible to tre",25,opposing,0.709,0.0035,0.2876,0.709,opp_in_supp_source,True,neutral,neutral,False,False,False,False,True
the speed of light is constant,factual_true,Variable speed of light,encyclopedia,supporting,3,"VSL should not be confused with faster than light theories, which depends on a medium's refractive index or its measurement in a remote observer's frame of reference in a gravitational potential.",31,opposing,0.7075,0.0057,0.2866,0.7075,opp_in_supp_source,True,opposing,opposing,True,True,False,False,False
the speed of light is constant,factual_true,Is the speed of light really constant?,web,supporting,6,"If Lisle’s idea was correct, we wouldn’t see the magnification of distant galaxies due to cosmic expansion, nor fluctuations in a cosmic background, nor galaxy clustering in agreement with dark energy",38,opposing,0.7056,0.0053,0.2891,0.7056,opp_in_supp_source,True,opposing,opposing,False,False,False,False,False
honey never expires,factual_true,Does Honey Expire—Ever? - Mill,web,supporting,9,Honey crystallizes when the sugar separates from the water content and forms sugary little lumps.,15,opposing,0.7026,0.0016,0.2957,0.7026,opp_in_supp_source,True,opposing,opposing,False,False,False,False,True
MSG is dangerous to consume,factual_false,Glutamate flavoring,encyclopedia,opposing,5,"Several complex mechanisms in the brain provide a protection against a possible oversupply of glutamate there, because this can cause neurotoxicity even leading to the death of nerve cells.",29,supporting,0.6948,0.6948,0.3037,0.0015,supp_in_opp_source,True,neutral,neutral,False,False,False,False,False
the sun is a star,factual_true,The sun: Facts about the bright star at the center of the...,web,supporting,11,Some of the largest known stars — such as those with masses 40 times that of the sun — will live just 1 million years.,25,opposing,0.6948,0.0873,0.2177,0.6948,opp_in_supp_source,True,neutral,supporting,False,False,False,False,False
honey never expires,factual_true,Does Honey Go Bad? | Food Network,web,supporting,1,"Jar of honey that's been sitting in the pantry for several years, we're looking at you.",16,opposing,0.6943,0.0077,0.2983,0.6943,opp_in_supp_source,True,opposing,neutral,False,True,False,False,True
the Great Wall of China is visible from space,factual_false,Great Wall of China,encyclopedia,opposing,2,"Leroy Chiao, a Chinese-American astronaut, took a photograph from the International Space Station that shows the wall.",17,supporting,0.6938,0.6938,0.3044,0.0017,supp_in_opp_source,True,neutral,neutral,False,False,False,False,False
lemmings commit mass suicide,factual_false,Do Lemmings Really Commit Mass Suicide? | Britannica,web,opposing,15,"For the 1958 Disney nature film White Wilderness, filmmakers eager for dramatic footage staged a lemming death plunge, pushing dozens of lemmings off a cliff while cameras were rolling.",29,supporting,0.6909,0.6909,0.2832,0.0256,supp_in_opp_source,True,neutral,neutral,False,False,False,False,False
the earth revolves around the sun,factual_true,Lunar phase,encyclopedia,supporting,3,"Because of this, around 59% of the Moon's surface has been imaged from the ground.",15,opposing,0.6885,0.0165,0.2952,0.6885,opp_in_supp_source,True,neutral,neutral,False,True,False,False,False
antibiotics do not work against viruses,factual_true,Fighting viruses with antibiotics: an overlooked path - PMC ,web,supporting,6,"Nonetheless, whilst the fact that microbes interact and fight among each other has been in the forefront for decades in bacteriology, their capability to threaten viral replication has been widely ove",32,opposing,0.687,0.0165,0.2964,0.687,opp_in_supp_source,True,opposing,opposing,False,False,False,False,True
the sun is a star,factual_true,"Exploring love on its own terms with the team behind ""The Su",web,supporting,8,Everybody experiences it in their own way and they just don’t know how to express it.,16,opposing,0.6851,0.0107,0.3042,0.6851,opp_in_supp_source,True,opposing,neutral,False,False,False,False,False
christopher columbus discovered america,factual_false,From Hero to Villain,academic,opposing,0,"Abstract Critical accounts by revisionist historians and Native American activists condemn Christopher Columbus for bringing slavery, disease, and destruction to America’s Indigenous people, whereas o",34,supporting,0.6826,0.6826,0.1669,0.1505,supp_in_opp_source,True,,neutral,False,True,False,False,False
the sun is a star,factual_true,Sun: Facts - NASA Science,web,supporting,9,That is approximately 8 times the density of gold (19.3 g/cm³) or 13 times the density of lead (11.3 g/cm³).,20,opposing,0.6787,0.0178,0.3032,0.6787,opp_in_supp_source,True,neutral,supporting,False,False,False,False,False
sugar makes children hyperactive,factual_false,"Does Sugar Really Cause ""Bad"" Behavior in Children?",web,opposing,14,"Research finds that when children are given a placebo and their parents are told it is a high dose of sugar, parents report their children to be significantly more hyperactive.",30,supporting,0.6724,0.6724,0.3188,0.0084,supp_in_opp_source,True,neutral,neutral,False,False,False,False,False
the sun is a star,factual_true,Curious Kids: Is there anything hotter than the Sun?,web,supporting,11,"These tiny, yet incredibly heavy objects can suck up gas and dust around them, creating a lot of heat - sometimes temperatures in the millions of degrees.",27,opposing,0.666,0.0088,0.325,0.666,opp_in_supp_source,True,neutral,neutral,False,False,False,False,False
humans only use 10 percent of their brain,factual_false,Do People Only Use 10 Percent of Their Brains? | Scientific ,web,opposing,12,"Ultimately, it's not that we use 10 percent of our brains, merely that we only understand about 10 percent of how it functions.",23,supporting,0.6655,0.6655,0.2017,0.1331,supp_in_opp_source,True,neutral,,True,True,False,False,False
the speed of light is constant,factual_true,The Speed of Light in Vacuum is not Constant in Any Circumst,academic,supporting,7,The photons are then degraded step by step to balance the proportion of photons and various sub-photons in the cosmic soup.,21,opposing,0.665,0.0031,0.332,0.665,opp_in_supp_source,True,neutral,neutral,False,False,False,False,False
the speed of light is constant,factual_true,Why is the speed of light constant? - BBC Science Focus Maga,web,supporting,7,Subscribe to BBC Focus magazine for fascinating new Q&As every month and follow @sciencefocusQA on Twitter for your daily dose of fun science facts.,24,opposing,0.665,0.0479,0.2871,0.665,opp_in_supp_source,True,neutral,,False,False,False,False,False
the sun is a star,factual_true,Is ‘The Sun Is Also A Star’ Based On A True Story? The Love ,web,supporting,6,"And while it isn't exactly based on true-to-life events, it takes a little bit of inspiration from the author's own life.",21,opposing,0.6621,0.0056,0.3323,0.6621,opp_in_supp_source,True,neutral,neutral,True,True,False,False,False
honey never expires,factual_true,Does Honey Expire—Ever? - Mill,web,supporting,8,"While it might not present as the most beautiful honey, crystalized honey is still perfectly safe to eat.",18,opposing,0.6597,0.0024,0.3379,0.6597,opp_in_supp_source,True,neutral,opposing,True,False,False,False,True
the speed of light is constant,factual_true,QUANTIZATION OF THE GRAVITATIONAL FIELD. THEORETICAL AND EXP,academic,supporting,6,It is shown that a standing gravitational wave has a quantum character.,12,opposing,0.6597,0.0176,0.3228,0.6597,opp_in_supp_source,True,opposing,opposing,False,False,False,False,False
the Amazon rainforest produces about 20% of the world's oxygen,factual_false,Fact The Amazon rainforest produces more than 20% the world',web,opposing,0,"Fact The Amazon rainforest produces more than 20% the world's oxygen Mobile Sharing ready Fact facebook content, Fact Twitter easy sharing content",22,supporting,0.6587,0.6587,0.3179,0.0233,supp_in_opp_source,True,,,False,True,False,False,False
the speed of light is constant,factual_true,The Speed of Light is Constant,web,supporting,16,Aether has been detected and shown to exist but it is called Dark Matter now because we can’t say the aether exists any more.,24,opposing,0.6587,0.0037,0.3376,0.6587,opp_in_supp_source,True,neutral,opposing,False,False,False,False,False
the speed of light is constant,factual_true,Asymmetry theory derived from the principle of constant ligh,academic,supporting,7,"Asymmetry Theory is comprehensive, self-consistent and in harmony with all existing experiments.",12,opposing,0.6567,0.0146,0.3286,0.6567,opp_in_supp_source,True,neutral,neutral,False,False,False,False,False
smoking causes lung cancer,factual_true,Lung Cancer Risk Factors | Smoking & Lung Cancer | American ,web,supporting,12,We do know that smoking marijuana will irritate your lungs and possibly increase your risk of getting more lung infections.,20,opposing,0.6553,0.0015,0.3433,0.6553,opp_in_supp_source,True,neutral,neutral,False,False,False,False,False
the great wall of china is visible from space,factual_false,Can You Really See the Great Wall of China from Space? - Dai,web,opposing,13,"The idea that the Great Wall of China is the only man-made structure visible from space is a captivating myth, but it’s not rooted in reality.",26,supporting,0.6553,0.6553,0.3105,0.0344,supp_in_opp_source,True,neutral,neutral,True,False,False,True,False
the great wall of china is visible from space,factual_false,great wall of china not visible from space,web,opposing,8,"Ummm, How could a person actually see the Great Wall of China from the moon?",15,supporting,0.6543,0.6543,0.3105,0.0353,supp_in_opp_source,True,opposing,neutral,False,False,False,False,False
the speed of light is constant,factual_true,Is the speed of light really constant?,web,supporting,11,"Just in terms of special relativity, we don’t need to assume isotropic light speed, though it is useful to do so.",21,opposing,0.6523,0.0226,0.325,0.6523,opp_in_supp_source,True,neutral,opposing,False,False,False,False,False
you lose most body heat through your head,factual_false,Heat loss through the head - Big Head Caps,web,opposing,0,"Posted by Tammy on 2/11/2015 to
We lose 50% of our body heat through our heads….",16,supporting,0.6519,0.6519,0.2759,0.0724,supp_in_opp_source,True,,neutral,False,False,False,False,False
antibiotics do not work against viruses,factual_true,"Why are there so many drugs to kill bacteria, but so few to ",web,supporting,3,Read more: Is remdesivir a miracle drug to cure coronavirus?,10,opposing,0.6489,0.0018,0.3494,0.6489,opp_in_supp_source,True,neutral,neutral,False,False,False,False,True
the average human body temperature is 98.6 degrees fahrenheit,factual_false,Body temperature norms: MedlinePlus Medical Encyclopedia,web,opposing,1,The average normal body temperature is generally accepted as 98.6°F (37°C).,11,supporting,0.6484,0.6484,0.3196,0.0318,supp_in_opp_source,True,neutral,neutral,False,False,False,False,False
the speed of light is constant,factual_true,Why is the speed of light constant? - BBC Science Focus Maga,web,supporting,3,"This is undoubtedly weird, as every other speed is measured relative to something else.",14,opposing,0.6479,0.0013,0.3506,0.6479,opp_in_supp_source,True,supporting,neutral,False,False,False,False,False
antibiotics do not work against viruses,factual_true,Pneumonia,encyclopedia,supporting,9,"If pneumonia deteriorates after 72 hours, it could be due to nosocomial infection or excerbation of other underlying comorbidities.",19,opposing,0.6411,0.0016,0.3572,0.6411,opp_in_supp_source,True,neutral,neutral,False,False,False,False,True
dogs can only see in black and white,factual_false,Can Dogs See Light Yellow? - Wag!,web,opposing,0,"For most of your life, you have probably believed that dogs can’t see light yellow, because you’ve heard that they only see in black and white.",26,supporting,0.6387,0.6387,0.3381,0.0231,supp_in_opp_source,True,,opposing,False,False,False,False,False
the moon landing was faked,factual_false,Moon landing conspiracy theories in popular culture,encyclopedia,opposing,4,"Hugh Dennis jokingly suggested that the ""faked Moon landing"" Boyle was actually thinking of was ""the one with Wallace & Gromit.""",21,supporting,0.6382,0.6382,0.3535,0.0082,supp_in_opp_source,True,neutral,neutral,False,True,False,False,False
the moon landing was faked,factual_false,Why some people claim the Moon landing was faked - BBC,web,opposing,6,"In some surveys, as many as 25% of those asked agreed with a statement that the Moon landings had all been a hoax.",23,supporting,0.6367,0.6367,0.3594,0.004,supp_in_opp_source,True,neutral,neutral,False,False,False,False,False
the moon landing was faked,factual_false,Moon landing conspiracy theories,encyclopedia,opposing,14,We Never Went to the Moon: America's Thirty Billion Dollar Swindle.,11,supporting,0.6357,0.6357,0.3594,0.0052,supp_in_opp_source,True,neutral,,True,True,False,False,False
the moon landing was faked,factual_false,Moon landing conspiracy theories in popular culture,encyclopedia,opposing,10,We Never Went to the Moon: America's Thirty Billion Dollar Swindle.,11,supporting,0.6357,0.6357,0.3594,0.0052,supp_in_opp_source,True,neutral,neutral,True,True,False,False,False
the sun is a star,factual_true,The Sun Is Also a Star,encyclopedia,supporting,4,Daniel goes back to his parents' shop and gets into a fight with Charles.,14,opposing,0.6348,0.0279,0.3374,0.6348,opp_in_supp_source,True,opposing,supporting,False,True,False,False,False
eating carrots improves your eyesight,factual_false,Do Carrots help improve Night Vision? - Westside Eye Clinic,web,opposing,5,"The public were told that carrots “keep you healthy and help you to see in the blackout”
Why were carrots chosen?",21,supporting,0.6294,0.6294,0.3652,0.0054,supp_in_opp_source,True,neutral,neutral,False,True,False,False,False
the sun is a star,factual_true,The sun: Facts about the bright star at the center of the...,web,supporting,16,"Her work has been featured in publications including New Scientist, the Johns Hopkins Bloomberg School of Public Health magazine and Penn Today, and she was the recipient of the 2024 National Associat",42,opposing,0.6294,0.0454,0.3252,0.6294,opp_in_supp_source,True,supporting,opposing,False,False,False,False,False
antibiotics do not work against viruses,factual_true,Antibiotics: Not always the answer - Mayo Clinic Health Syst,web,supporting,5,"Your healthcare team may run blood tests, collect a urine sample or perform a throat swab to help answer this question.",21,opposing,0.627,0.0009,0.3721,0.627,opp_in_supp_source,True,neutral,neutral,False,False,False,False,True
you lose most body heat through your head,factual_false,Scientists debunk the myth that you lose most heat through y,web,opposing,3,"They traced the origins of the hat-wearing advice back to a US army survival manual from 1970 which strongly recommended covering the head when it is cold, since ""40 to 45 percent of body heat"" is los",40,supporting,0.6245,0.6245,0.2996,0.076,supp_in_opp_source,True,neutral,neutral,False,True,False,False,False
eating carrots improves your eyesight,factual_false,Do Carrots help improve Night Vision? - Westside Eye Clinic,web,opposing,0,"As children, we are often told by our well-meaning older relatives (usually in an attempt to get us to eat our vegetables) that eating carrots will let us to see in the dark.",33,supporting,0.6235,0.6235,0.3591,0.0173,supp_in_opp_source,True,,opposing,False,False,False,False,False
antibiotics do not work against viruses,factual_true,Klebsiella pneumoniae Phage M198 and Its Therapeutic Potenti,academic,supporting,0,The rapid worldwide spread of antibiotic resistance is quickly becoming an increasingly concerning problem for human healthcare.,17,opposing,0.6226,0.0017,0.376,0.6226,opp_in_supp_source,True,,neutral,False,False,False,False,True
the sun is a star,factual_true,Is ‘The Sun Is Also A Star’ Based On A True Story? The Love ,web,supporting,15,"And all the feelings you'll catch after watching the movie will also be very real, so have your tissues handy.",20,opposing,0.6221,0.015,0.3628,0.6221,opp_in_supp_source,True,neutral,,False,True,False,False,False
humans share about 98% of DNA with chimpanzees,factual_true,Bonobo,encyclopedia,supporting,0,"DNA evidence suggests the bonobo and common chimpanzee species diverged approximately 890,000–860,000 years ago following separation of these two populations possibly because of acidification and the ",32,opposing,0.6196,0.0012,0.3791,0.6196,opp_in_supp_source,True,,neutral,False,False,False,False,False
the speed of light is constant,factual_true,Formulations of special relativity,encyclopedia,supporting,0,Others differ in their approach to the geometry of spacetime and the linear transformations between frames of reference.,18,opposing,0.6191,0.006,0.3745,0.6191,opp_in_supp_source,True,,neutral,False,False,False,False,False
honey never expires,factual_true,Honeyblood,encyclopedia,supporting,5,"They played showcases for the likes of The Skinny and Vice, and festivals including the Great Escape, Wide Days in Edinburgh, T in The Park and SXSW.",27,opposing,0.6167,0.0103,0.3733,0.6167,opp_in_supp_source,True,neutral,opposing,False,False,False,False,True
the speed of light is constant,factual_true,Speed of light,encyclopedia,supporting,3,"No conclusive evidence for such changes has been found, but they remain the subject of ongoing research.",17,opposing,0.6074,0.0027,0.3899,0.6074,opp_in_supp_source,True,opposing,neutral,True,False,False,False,False
antibiotics do not work against viruses,factual_true,Antibiotic misuse,encyclopedia,supporting,14,Antibiotics should also be used at the lowest dose for the shortest course.,13,opposing,0.6055,0.0008,0.3938,0.6055,opp_in_supp_source,True,neutral,,False,False,False,False,True
the speed of light is constant,factual_true,Special relativity,encyclopedia,supporting,4,"Analysis of the collision products, the sum of whose masses may vastly exceed the masses of the incident particles, requires special relativity.",22,opposing,0.6021,0.0049,0.3931,0.6021,opp_in_supp_source,True,neutral,neutral,False,False,False,False,False
eating carrots improves your eyesight,factual_false,Are Carrots Good for Your Eyes? - Healthline,web,opposing,4,"High in antioxidants that benefit eye health
Carrots are a rich source of beta-carotene and lutein, which are antioxidants that can help prevent eye damage caused by free radicals.",29,supporting,0.6016,0.6016,0.3975,0.0011,supp_in_opp_source,True,neutral,neutral,False,False,False,False,False
lemmings commit mass suicide,factual_false,Do lemmings really commit mass suicide? - The Straight Dope,web,opposing,9,"The lemming mass-suicide story, and all the rich metaphorical possibilities that attend to it, had been in circulation for a while, as Edmund Ramsden and Duncan Wilson report in a 2010 paper in the Br",40,supporting,0.5981,0.5981,0.3875,0.0147,supp_in_opp_source,True,neutral,neutral,False,False,False,False,False
goldfish have a three second memory,factual_false,Do Goldfish Have a Good Memory? Debunking the 3-Second Myth,web,opposing,0,"When people picture goldfish, the first thing that usually comes to mind is the old saying that they can only remember things for three seconds.",25,supporting,0.5977,0.5977,0.3975,0.0049,supp_in_opp_source,True,,neutral,False,False,False,False,False
antibiotics do not work against viruses,factual_true,"Why are there so many drugs to kill bacteria, but so few to ",web,supporting,14,Amantadine and rimantadine were early antiviral successes targeting the matrix-2 protein.,11,opposing,0.5967,0.0016,0.4016,0.5967,opp_in_supp_source,True,neutral,opposing,False,False,False,False,True
antibiotics do not work against viruses,factual_true,Infected burn wound healing using Hydroxy-propyl-methyl cell,academic,supporting,11,"Meanwhile, the complications due to their widespread use in humans should be investigated in more details.",16,opposing,0.5928,0.0012,0.406,0.5928,opp_in_supp_source,True,neutral,,False,False,False,False,True
the speed of light is constant,factual_true,Is the speed of light really constant?,web,supporting,5,"In fact, what we see is that more distant galaxies are younger than closer ones.",15,opposing,0.5923,0.0083,0.3997,0.5923,opp_in_supp_source,True,neutral,opposing,False,False,False,False,False
bulls are enraged by the color red,factual_false,Mythbuster: Do Bulls Hate the Color Red? — STEAM Ahead,web,opposing,14,"The idea that bulls have a fiery temper specifically for the color red is just another example of how an appealing, dramatic narrative can take precedence over simple biological fact.",30,supporting,0.5908,0.5908,0.4014,0.008,supp_in_opp_source,True,neutral,neutral,False,False,False,True,False
christopher columbus discovered america,factual_false,Did Christopher Columbus Discover America?,web,opposing,0,"From a civil liberties point of view, the claim that Christopher Columbus discovered America contains several problematic implications.",18,supporting,0.5874,0.5874,0.3245,0.0882,supp_in_opp_source,True,,,False,False,False,True,False
the sun is a star,factual_true,Sun Facts for Kids - Interesting Facts about the Sun,web,supporting,16,The core’s temperature sizzles at a scorching 15 million degrees Celsius (27 million degrees Fahrenheit).,15,opposing,0.585,0.0205,0.3948,0.585,opp_in_supp_source,True,opposing,neutral,False,False,False,False,False
the Great Wall of China is visible from space,factual_false,Artificial structures visible from space,encyclopedia,opposing,11,The centimetre-band Spaceborne Imaging Radar of STS-59 and STS-68 was able to detect not only the Great Wall but also invisible buried segments of it.,25,supporting,0.5825,0.5825,0.4141,0.0032,supp_in_opp_source,True,neutral,neutral,True,False,False,False,False
smoking causes lung cancer,factual_true,Lung Cancer Risk Factors | Lung Cancer | CDC,web,supporting,18,"Radiation therapy to the chest
Cancer survivors who had radiation therapy to the chest are at higher risk of lung cancer.",21,opposing,0.5811,0.0032,0.4158,0.5811,opp_in_supp_source,True,neutral,neutral,False,False,False,False,False
smoking causes lung cancer,factual_true,CYP2A6 activity and cigarette consumption interact in smokin,academic,supporting,1,"However, not all smokers develop lung cancer, highlighting the importance of the interaction between host susceptibility and environmental exposure in tumorigenesis.",21,opposing,0.5786,0.018,0.4033,0.5786,opp_in_supp_source,True,supporting,neutral,True,False,False,False,False
the sun is a star,factual_true,Sun,encyclopedia,supporting,5,"It will then have reached the red clump or horizontal branch, but a star of the Sun's metallicity does not evolve blueward along the horizontal branch.",26,opposing,0.5776,0.1425,0.2795,0.5776,opp_in_supp_source,True,neutral,neutral,True,True,False,False,False
bulls are enraged by the color red,factual_false,Are bulls enraged by the colour red? - Centre of the Cell,web,opposing,4,"The colour red is commonly associated with anger and aggressiveness, so it’s a popular belief that a Muleta enrages the bull simply because of its red colour – but is this true?",32,supporting,0.5693,0.5693,0.4136,0.0171,supp_in_opp_source,True,neutral,opposing,False,False,False,True,False
the speed of light is constant,factual_true,Speed of light,encyclopedia,supporting,6,A 2011 experiment where neutrinos were observed to travel faster than light turned out to be due to experimental error.,20,opposing,0.5674,0.006,0.4268,0.5674,opp_in_supp_source,True,neutral,opposing,False,False,False,False,False
the sun is a star,factual_true,"Exploring love on its own terms with the team behind ""The Su",web,supporting,4,"What’s meant to be is meant to be, but that doesn’t mean you live with this passiveness because of what fate has in store for you.",26,opposing,0.5664,0.0163,0.4172,0.5664,opp_in_supp_source,True,neutral,opposing,False,False,False,False,False
antibiotics do not work against viruses,factual_true,"Virucidal Activity of the Drug «Thymogen®», a Nasal Dosed Sp",academic,supporting,5,"The cytotoxicity assessment of the drug Thymogen®, a dosed nasal spray, allowed the use of a working range of drug concentrations of 0–63%.",23,opposing,0.5645,0.0039,0.4319,0.5645,opp_in_supp_source,True,opposing,opposing,False,False,False,False,True
octopuses have three hearts,factual_true,California two-spot octopus,encyclopedia,supporting,2,This octopus is named for the false eye spot (ocellus) under each real eye.,14,opposing,0.5635,0.0012,0.4351,0.5635,opp_in_supp_source,True,neutral,opposing,False,False,False,False,False
antibiotics do not work against viruses,factual_true,Fighting viruses with antibiotics: an overlooked path - PMC ,web,supporting,4,"This team further found evidence that the teicoplanin target was located on the host cells and was cathepsin L, which performs glycoprotein proteolysis required for membrane fusion during the entry st",36,opposing,0.5571,0.0036,0.4395,0.5571,opp_in_supp_source,True,opposing,opposing,False,False,False,False,True
the sun is a star,factual_true,The Sun Is Also a Star,encyclopedia,supporting,1,"The day before their deportation to Jamaica, she tearfully pleads their case in the immigration office.",16,opposing,0.5571,0.0372,0.4058,0.5571,opp_in_supp_source,True,supporting,neutral,False,False,False,False,False
the sun is a star,factual_true,Is ‘The Sun Is Also A Star’ Based On A True Story? The Love ,web,supporting,8,"Meanwhile, her husband David Yoon, is Korean-American, just like Natasha's love interest Daniel Bae (Charles Melton).",16,opposing,0.5562,0.0285,0.4155,0.5562,opp_in_supp_source,True,neutral,neutral,False,True,False,False,False
antibiotics do not work against viruses,factual_true,"Virucidal Activity of the Drug «Thymogen®», a Nasal Dosed Sp",academic,supporting,1,"RSV infection does not result in the development of stable immunity, which necessitates the search for effective methods of its drug-based prevention.",22,opposing,0.5557,0.0052,0.4392,0.5557,opp_in_supp_source,True,neutral,opposing,True,False,False,False,True
antibiotics do not work against viruses,factual_true,Why Don’t Antibiotics Work on Viruses | Dragonfly Medical an,web,supporting,7,"They work on structures like cell walls, something viruses do not have.",12,opposing,0.5537,0.0041,0.4419,0.5537,opp_in_supp_source,True,neutral,supporting,True,False,False,False,True
climate change is caused by human activity,factual_true,Causes of climate change - Climate Action - European Commiss,web,supporting,11,"Natural causes, such as changes in solar radiation or volcanic activity are estimated to have contributed less than plus or minus 0.1°C to total warming between 1850 and 2019.",29,opposing,0.5532,0.0049,0.4416,0.5532,opp_in_supp_source,True,neutral,neutral,False,False,False,False,False
humans share about 98% of DNA with chimpanzees,factual_true,The Genetic Link Between Humans and Primates Explained,web,supporting,2,The genetic evidence of this divergence lies in the code of life itself.,13,opposing,0.5513,0.0006,0.4482,0.5513,opp_in_supp_source,True,neutral,neutral,False,False,False,False,False
the Amazon rainforest produces about 20% of the world's oxygen,factual_false,Why the Amazon rainforest doesn’t really produce 20% of the,web,opposing,12,Malhi and Coe reckon it stems from the fact that the Amazon contributes around 20 percent of the oxygen produced by photosynthesis on land—which may have erroneously slipped into public knowledge as “,53,supporting,0.5493,0.5493,0.438,0.0127,supp_in_opp_source,True,neutral,neutral,False,True,False,False,False
5G causes COVID,factual_false,The conspiracy linking 5G to coronavirus just will not die,web,opposing,4,"One simply suggests that 5G networks cause Covid-19, or symptoms of the infection.",13,supporting,0.5469,0.5469,0.4434,0.0096,supp_in_opp_source,True,opposing,neutral,False,False,False,False,False
eating carrots improves your eyesight,factual_false,Carrot,encyclopedia,opposing,9,A rumour spread during the Second World War purporting to explain that British pilots had improved night vision from eating carrots which enabled their success during nighttime air battles; in actuali,39,supporting,0.5469,0.5469,0.3721,0.0809,supp_in_opp_source,True,opposing,neutral,False,False,False,False,False
climate change is real,factual_true,Here are 10 myths about climate change | WWF,web,supporting,3,"Global warming isn't real as it's still cold
Global warming is causing the Earth’s average surface temperature to rise which, in turn, is causing changes in our natural climate systems.",30,opposing,0.5464,0.301,0.1525,0.5464,opp_in_supp_source,True,neutral,supporting,True,True,False,False,False
MSG is dangerous to consume,factual_false,"MSG is safe in small amounts, or so you think - NaturalNews.",web,opposing,9,"Subsequently, the use of MSG was discontinued in many baby
MSG use can lead to lesions in the hypothalamus that is in turn linked to abnormal development, such as obesity, short stature and problems w",37,supporting,0.5415,0.5415,0.457,0.0016,supp_in_opp_source,True,neutral,neutral,False,False,False,False,False
the sun is a star,factual_true,The Sun and the Star,encyclopedia,supporting,3,"She is an American girl with honey blonde, curly or wavy hair, and stormy gray eyes.",16,opposing,0.5415,0.0127,0.4458,0.5415,opp_in_supp_source,True,neutral,opposing,False,False,False,False,False
christopher columbus discovered america,factual_false,Fake Histories #27 Christopher Columbus discovered America? ,web,opposing,0,"So with the focus on the USA this week it’s worth asking the thorny old question, was Christopher Columbus the first to locate America, and if he didn’t why does everyone give him credit for the disco",37,supporting,0.5352,0.5352,0.3015,0.1631,supp_in_opp_source,True,,neutral,False,False,False,False,False
the sun is a star,factual_true,The Sun and the Star,encyclopedia,supporting,4,"She is the deuteragonist of the Percy Jackson & the Olympians series, a main character in The Heroes of Olympus series, and a minor character in The Trials of Apollo series and The Nico di Angelo Adve",39,opposing,0.5312,0.0429,0.4258,0.5312,opp_in_supp_source,True,opposing,neutral,False,False,False,False,False
the sun is a star,factual_true,Ask a Solar Physicist,web,supporting,8,"He determined
the distance to the star Sirius, assuming that that star was as bright
as the Sun and appeared faint only because of its great distance.",27,opposing,0.5308,0.1455,0.324,0.5308,opp_in_supp_source,True,supporting,opposing,False,False,False,False,False
the sun is a star,factual_true,Curious Kids: Is there anything hotter than the Sun?,web,supporting,17,Read more: Curious Kids: Why do flies vomit on their food?,11,opposing,0.521,0.0332,0.4458,0.521,opp_in_supp_source,True,neutral,,False,False,False,False,False
eating carrots improves your eyesight,factual_false,HOW 6 BENEFITS OF CARROT JUICE YOU NEVER KNEW!,academic,opposing,3,"Vitamin A Booster\nVitamin A plays an important role in eyesight.&amp;nbsp;Red-orange colored foods such as carrots, pumpkins, and melons contain a pigment known as beta-carotene, which is converted i",35,supporting,0.5186,0.5186,0.4805,0.0013,supp_in_opp_source,True,neutral,neutral,False,False,False,False,False
antibiotics do not work against viruses,factual_true,Klebsiella pneumoniae Phage M198 and Its Therapeutic Potenti,academic,supporting,2,Klebsiella-targeting phages are among the most promising alternative therapy options.,10,opposing,0.5176,0.004,0.4783,0.5176,opp_in_supp_source,True,neutral,opposing,False,False,False,False,True
honey never expires,factual_true,Honeyblood,encyclopedia,supporting,12,"- Babes Never Die: ""2016-11-11 Top 100 Scottish Albums Archive"".",10,opposing,0.5166,0.4128,0.0706,0.5166,opp_in_supp_source,True,opposing,opposing,True,True,False,False,True
smoking causes lung cancer,factual_true,Lung cancer,encyclopedia,supporting,9,In the 1950s radon and its breakdown products became established as causes of lung cancer in miners.,17,opposing,0.5161,0.0111,0.4727,0.5161,opp_in_supp_source,True,supporting,neutral,False,False,False,False,False
the earth is flat,factual_false,Flat Earth,encyclopedia,opposing,8,"""A Chinese Eratosthenes of the Flat Earth: A Study of a Fragment of Cosmology in Huai Nan Tzu 淮南子"".",19,supporting,0.5132,0.5132,0.4741,0.0126,supp_in_opp_source,True,neutral,neutral,False,True,False,False,False
octopuses have three hearts,factual_true,Common octopus,encyclopedia,supporting,9,"O. vulgaris has four different fluids found within its body: blood, pericardial fluid, urine, and renal fluid.",17,opposing,0.5103,0.0155,0.4741,0.5103,opp_in_supp_source,True,neutral,neutral,False,False,False,False,False
the earth is flat,factual_false,Flat Earth,encyclopedia,opposing,10,"""A Chinese Eratosthenes of the Flat Earth: A Study of a Fragment of Cosmology in Huai Nan tzu 淮 南 子"".",21,supporting,0.5083,0.5083,0.4788,0.0131,supp_in_opp_source,True,neutral,opposing,False,True,False,False,False
honey never expires,factual_true,Honeyblood,encyclopedia,supporting,1,"Their first EP, Thrift Shop, was recorded in a bathroom on a four-track tape-deck, and included a cover of the Karen Peris song ""The Girl on my Left"".",28,opposing,0.5044,0.0237,0.4719,0.5044,opp_in_supp_source,True,neutral,neutral,False,True,False,False,True
the earth revolves around the sun,factual_true,"Science News: Earth is not revolving around Sun, the world i",web,supporting,12,"Orbit Explanation James O’Donoghue, planetary astronomer and science communicator, explains that while we say planets orbit the Sun, they actually orbit a point in space influenced by Jupiter’s gravit",29,opposing,0.502,0.0042,0.4937,0.502,opp_in_supp_source,True,neutral,neutral,False,False,False,False,False
honey never expires,factual_true,Does Honey Go Bad? | Food Network,web,supporting,11,"To reheat crystalized honey in a pan, place the honey container with its lid on in a small saucepan.",19,opposing,0.5015,0.0042,0.4941,0.5015,opp_in_supp_source,True,opposing,neutral,False,False,False,False,True
the sun is a star,factual_true,Curious Kids: Is there anything hotter than the Sun?,web,supporting,13,It’s actually a very good thing that stars are hot places.,11,opposing,0.4988,0.0263,0.4749,0.4988,opp_in_supp_source,True,neutral,opposing,False,False,False,False,False
the average human body temperature is 98.6 degrees fahrenheit,factual_false,What Is Normal Body Temperature? - Verywell Health,web,opposing,0,The average human body temperature is 98.6 F (or 37 degrees Celsius).,12,supporting,0.4937,0.4937,0.436,0.0703,supp_in_opp_source,True,,neutral,False,False,False,False,False
the great wall of china is visible from space,factual_false,Artificial structures visible from space,encyclopedia,opposing,9,"Misconceptions
[edit] The Great Wall of China
[edit] The claim that the Great Wall of China is the only man-made object visible from the Moon or outer space has been debunked many times, but remains a",41,supporting,0.4927,0.4927,0.4521,0.0551,supp_in_opp_source,True,neutral,neutral,False,False,True,True,False
shaving makes hair grow back thicker,factual_false,Hair,encyclopedia,opposing,5,"Stubble typically appears to grow back thicker because the shaved hairs are blunted instead of tapered off at the end, although the hair never actually grows back thicker.",28,supporting,0.4878,0.4878,0.2177,0.2944,supp_in_opp_source,True,neutral,neutral,True,False,False,False,False
the speed of light is constant,factual_true,Is The Speed Of Light Constant?,web,supporting,16,"Exactly why the universe requires constants remains unknown, and why the speed of light has the value it does is also unknown.",22,opposing,0.4299,0.2352,0.3347,0.4299,opp_in_supp_source,True,supporting,neutral,False,False,False,False,False
goldfish have a three second memory,factual_false,"Well Actually, Goldfish Don't Have Three-Second Memories",web,opposing,3,"Not only do goldfish memories last much longer than three seconds, they're actually exceptionally strong.",15,supporting,0.4048,0.4048,0.2859,0.3093,supp_in_opp_source,True,neutral,neutral,True,True,False,False,False
